{"info":{"_postman_id":"076b34ee-4678-4804-81f5-dd665f16fb8b","name":"Whatsapp","schema":"https://schema.getpostman.com/json/collection/v2.1.0/collection.json"},"item":[{"name":"QrCode","id":"2e870ca9-21cb-46f0-a43b-f8bd32ba125f","protocolProfileBehavior":{"disableBodyPruning":true},"request":{"auth":{"type":"bearer","bearer":[{"key":"token","value":"{{jwtToken}}","type":"string"}]},"method":"GET","header":[],"url":{"raw":"{{baseUrl}}/whatsapp/qr-code","host":["{{baseUrl}}"],"path":["whatsapp","qr-code"]}},"response":[]}]}