{"info":{"_postman_id":"11219edf-013f-43f2-b790-08fb38dea83d","name":"Project","schema":"https://schema.getpostman.com/json/collection/v2.1.0/collection.json"},"item":[{"name":"Create Project","id":"dde0c15b-7fbf-4df9-b863-d2a44ac32577","protocolProfileBehavior":{"disableBodyPruning":true},"request":{"auth":{"type":"bearer","bearer":[{"key":"token","value":"{{jwtToken}}","type":"string"}]},"method":"POST","header":[],"body":{"mode":"formdata","formdata":[{"key":"id_kategori","value":"a2269857-dd6e-43bd-9216-f3f617dde418","type":"text"},{"key":"judul","value":"Ayam Banyuwangi enak keknya 2","type":"text","contentType":""},{"key":"deskripsi","value":"pisang goreng coklat","type":"text"},{"key":"nominal","value":"10000000","type":"text","contentType":""},{"key":"asset_jaminan","value":"motor beat","type":"text"},{"key":"nilai_jaminan","value":"11000000","type":"text"},{"key":"lokasi_usaha","value":"sawojajar","type":"text"},{"key":"detail_lokasi","value":"samping velodrome sawojajar","type":"text"},{"key":"brosur_produk","type":"file","src":"postman-cloud:///1ef699d5-67f7-43f0-b3ff-e21d3202bfc1"},{"key":"pendapatan_perbulan","value":"500000","type":"text"},{"key":"pengeluaran_perbulan","value":"300000","type":"text"},{"key":"dokumen_proyeksi","type":"file","src":"postman-cloud:///1ef699d5-67f7-43f0-b3ff-e21d3202bfc1"},{"key":"dokumen","type":"file","src":"postman-cloud:///1ef699d5-67f7-43f0-b3ff-e21d3202bfc1"},{"key":"limit_siklus","value":"3","type":"text"},{"key":"bagian_pelaksana","value":"20","type":"text"},{"key":"bagian_koperasi","value":"20","type":"text"},{"key":"bagian_pemilik","value":"20","type":"text"},{"key":"bagian_pendana","value":"40","type":"text"}]},"url":{"raw":"{{baseUrl}}/project","host":["{{baseUrl}}"],"path":["project"]}},"response":[{"id":"0a0157e2-18ba-4dc6-b9fc-b8cc9f93b2c9","name":"Create Project","originalRequest":{"method":"POST","header":[],"body":{"mode":"formdata","formdata":[{"key":"id_user","value":"aad1c785-f5cd-4001-99c3-088fe1c53cc8","type":"text"},{"key":"id_kategori","value":"4f200ca8-4768-4cf8-a909-a6b7bb095267","type":"text"},{"key":"judul","value":"piscok","type":"text","contentType":""},{"key":"deskripsi","value":"pisang goreng coklat","type":"text"},{"key":"nominal","value":"1000000","type":"text","contentType":""},{"key":"asset_jaminan","value":"motor beat","type":"text"},{"key":"nilai_jaminan","value":"5000000","type":"text"},{"key":"lokasi_usaha","value":"sawojajar","type":"text"},{"key":"detail_lokasi","value":"samping velodrome sawojajar","type":"text"},{"key":"brosur_produk","type":"file","fileNotInWorkingDirectoryWarning":"This file isn't in your working directory. Teammates you share this request with won't be able to use this file. To make collaboration easier you can setup your working directory in Settings.","filesNotInWorkingDirectory":["/D:/ads.png"],"src":"/D:/ads.png"},{"key":"pendapatan_perbulan","value":"500000","type":"text"},{"key":"pengeluaran_perbulan","value":"300000","type":"text"},{"key":"report_progress","value":"3 bulan","type":"text"},{"key":"dokumen_proyeksi","type":"file","fileNotInWorkingDirectoryWarning":"This file isn't in your working directory. Teammates you share this request with won't be able to use this file. To make collaboration easier you can setup your working directory in Settings.","filesNotInWorkingDirectory":["/C:/Users/DELL/OneDrive/Gambar/logo wri.png"],"src":"/C:/Users/DELL/OneDrive/Gambar/logo wri.png"},{"key":"status","value":"DRAFT","type":"text"},{"key":"dokumen","type":"file","fileNotInWorkingDirectoryWarning":"This file isn't in your working directory. Teammates you share this request with won't be able to use this file. To make collaboration easier you can setup your working directory in Settings.","filesNotInWorkingDirectory":["/D:/Statistics1.xlsx"],"src":"/D:/Statistics1.xlsx"}]},"url":{"raw":"{{baseUrl}}/project","host":["{{baseUrl}}"],"path":["project"]}},"status":"Created","code":201,"_postman_previewlanguage":"json","header":[{"key":"X-Powered-By","value":"Express"},{"key":"Access-Control-Allow-Origin","value":"*"},{"key":"Content-Type","value":"application/json; charset=utf-8"},{"key":"Content-Length","value":"42"},{"key":"ETag","value":"W/\"2a-uwGI4qg5qZdS2XyRzdJFVtD/Gx0\""},{"key":"Date","value":"Wed, 04 Sep 2024 03:28:35 GMT"},{"key":"Connection","value":"keep-alive"},{"key":"Keep-Alive","value":"timeout=5"}],"cookie":[],"responseTime":null,"body":"{\n    \"message\": \"Project successfully created\"\n}"}]},{"name":"Get Project All","id":"f954fa9f-b63f-4784-ab09-468c56c0f077","protocolProfileBehavior":{"disableBodyPruning":true},"request":{"auth":{"type":"bearer","bearer":[{"key":"token","value":"{{jwtToken}}","type":"string"}]},"method":"GET","header":[],"body":{"mode":"formdata","formdata":[]},"url":{"raw":"{{baseUrl}}/project","host":["{{baseUrl}}"],"path":["project"]}},"response":[{"id":"60771fbd-b6ec-4a6f-afb2-f0f3626ce4bc","name":"Get Project All","originalRequest":{"method":"GET","header":[],"body":{"mode":"formdata","formdata":[]},"url":{"raw":"{{baseUrl}}/project?status=PENDANAAN%20DIBUKA","host":["{{baseUrl}}"],"path":["project"],"query":[{"key":"status","value":"PENDANAAN%20DIBUKA"}]}},"status":"OK","code":200,"_postman_previewlanguage":"json","header":[{"key":"X-Powered-By","value":"Express"},{"key":"Access-Control-Allow-Origin","value":"*"},{"key":"Content-Type","value":"application/json; charset=utf-8"},{"key":"Content-Length","value":"6665"},{"key":"ETag","value":"W/\"1a09-uk05ytCdFKIXO7mLUzapsytkvLE\""},{"key":"Date","value":"Mon, 23 Sep 2024 05:55:20 GMT"},{"key":"Connection","value":"keep-alive"},{"key":"Keep-Alive","value":"timeout=5"}],"cookie":[],"responseTime":null,"body":"{\n    \"data\": [\n        {\n            \"id\": \"9cccc4c5-b1ed-43c5-bec3-ba196095fb8d\",\n            \"id_user\": \"0c013306-3f58-4f6e-9013-a826a38f9de0\",\n            \"id_kategori\": \"7d229a5a-f8ad-4f61-a01a-ec2e87ceaa53\",\n            \"judul\": \"eum valde dolorem\",\n            \"deskripsi\": \"Xiphias delego carcer paens vesica tertius capto timor.\",\n            \"nominal\": 58591377,\n            \"asset_jaminan\": \"ustilo\",\n            \"nilai_jaminan\": 49489564,\n            \"lokasi_usaha\": \"Pemalang\",\n            \"detail_lokasi\": \"Ki. Raina no 71\",\n            \"brosur_produk\": \"https://loremflickr.com/640/480?lock=1495044118806528\",\n            \"pendapatan_perbulan\": 5394987,\n            \"pengeluaran_perbulan\": 187788,\n            \"report_progress\": \"12\",\n            \"dokumen_proyeksi\": \"https://picsum.photos/seed/dCpfaU9p/640/480\",\n            \"status\": \"PENDANAAN DIBUKA\",\n            \"nominal_disetujui\": null,\n            \"harga_per_unit\": null,\n            \"jumlah_koin\": null,\n            \"minimal_pembelian\": null,\n            \"maksimal_pembelian\": null,\n            \"mulai_penggalangan_dana\": null,\n            \"selesai_penggalangan_dana\": null,\n            \"dokumen_prospektus\": null,\n            \"created_at\": \"2024-09-23T11:20:35.655Z\",\n            \"updated_at\": null,\n            \"user\": {\n                \"id\": \"0c013306-3f58-4f6e-9013-a826a38f9de0\",\n                \"nama\": \"Wahyudin Karya\",\n                \"no_hp\": \"6295136496517\",\n                \"role\": \"BASIC\",\n                \"status\": \"TIDAK AKTIF\",\n                \"password\": \"$2a$10$BfaCYKXmbU3dKauBZjDDDO66Rh5nsJetTPwxJ0rqQPZ/nCt7Wnldm\",\n                \"tempat_lahir\": \"Tutuyan\",\n                \"tanggal_lahir\": \"1955-04-22T10:53:28.274Z\",\n                \"provinsi\": \"Kepulauan Riau\",\n                \"kota\": \"Ende\",\n                \"kecamatan\": \"Tajinan\",\n                \"alamat\": \"Ds. Legros no 8\",\n                \"nik\": \"1770193405891246\",\n                \"foto_profile\": null,\n                \"foto_diri\": \"https://avatars.githubusercontent.com/u/18101026\",\n                \"foto_ktp\": \"https://avatars.githubusercontent.com/u/85413154\",\n                \"created_at\": \"2024-09-23T04:20:35.626Z\",\n                \"updated_at\": null,\n                \"otp\": null\n            },\n            \"kategori\": {\n                \"id\": \"7d229a5a-f8ad-4f61-a01a-ec2e87ceaa53\",\n                \"kategori\": \"Jual Beli\",\n                \"created_at\": \"2024-09-23T04:20:35.643Z\",\n                \"updated_at\": null\n            },\n            \"dokumenTambahan\": [\n                {\n                    \"id\": \"2aaae7a0-f0a6-423a-ae77-e18668ffcf6b\",\n                    \"id_projek\": \"9cccc4c5-b1ed-43c5-bec3-ba196095fb8d\",\n                    \"dokumen\": \"https://encrypted-tbn0.gstatic.com/images?q=tbn:ANd9GcRm7Ed-GxL_MOmlJj7Zo2pzKtOdS9gKBDHxTA&s\",\n                    \"created_at\": \"2024-09-23T04:20:35.659Z\",\n                    \"updated_at\": null\n                },\n                {\n                    \"id\": \"470107e8-72e9-4a35-bfe0-ad8e1639d036\",\n                    \"id_projek\": \"9cccc4c5-b1ed-43c5-bec3-ba196095fb8d\",\n                    \"dokumen\": \"https://picsum.photos/seed/lOpeLrNKVh/640/480\",\n                    \"created_at\": \"2024-09-23T04:20:35.660Z\",\n                    \"updated_at\": null\n                }\n            ]\n        },\n        {\n            \"id\": \"3f65f3c3-fdcd-4fd2-9371-aaf6fabaa5ac\",\n            \"id_user\": \"e90fc135-884f-43aa-a137-194201b6be41\",\n            \"id_kategori\": \"3e0faf9a-5066-40b9-91b5-828efca93957\",\n            \"judul\": \"celer dolor tergiversatio\",\n            \"deskripsi\": \"Claustrum viscus valeo subiungo sophismata colo campana.\",\n            \"nominal\": 9150779,\n            \"asset_jaminan\": \"sum\",\n            \"nilai_jaminan\": 22666569,\n            \"lokasi_usaha\": \"Tomohon\",\n            \"detail_lokasi\": \"Dk. Laila no 45\",\n            \"brosur_produk\": \"https://picsum.photos/seed/1J96rG7Sn/640/480\",\n            \"pendapatan_perbulan\": 1203075,\n            \"pengeluaran_perbulan\": 720571,\n            \"report_progress\": \"12\",\n            \"dokumen_proyeksi\": \"https://loremflickr.com/640/480?lock=3814411047272448\",\n            \"status\": \"PENDANAAN DIBUKA\",\n            \"nominal_disetujui\": null,\n            \"harga_per_unit\": null,\n            \"jumlah_koin\": null,\n            \"minimal_pembelian\": null,\n            \"maksimal_pembelian\": null,\n            \"mulai_penggalangan_dana\": null,\n            \"selesai_penggalangan_dana\": null,\n            \"dokumen_prospektus\": null,\n            \"created_at\": \"2024-09-23T11:20:35.655Z\",\n            \"updated_at\": null,\n            \"user\": {\n                \"id\": \"e90fc135-884f-43aa-a137-194201b6be41\",\n                \"nama\": \"Puji Puji Kusmawati\",\n                \"no_hp\": \"6201475795028\",\n                \"role\": \"BASIC\",\n                \"status\": \"TIDAK AKTIF\",\n                \"password\": \"$2a$10$NburXork7iciJlObkhwrt.xnNjafIYTGYFHpsPGbhIu0HvB0r6qSm\",\n                \"tempat_lahir\": \"Waikabubak\",\n                \"tanggal_lahir\": \"1962-07-03T15:00:17.434Z\",\n                \"provinsi\": \"Maluku Utara\",\n                \"kota\": \"Denpasar\",\n                \"kecamatan\": \"Tajinan\",\n                \"alamat\": \"Ds. Ward no 3\",\n                \"nik\": \"4419077796940612\",\n                \"foto_profile\": null,\n                \"foto_diri\": \"https://cloudflare-ipfs.com/ipfs/Qmd3W5DuhgHirLHGVixi6V76LhCkZUz6pnFt5AJBiyvHye/avatar/261.jpg\",\n                \"foto_ktp\": \"https://avatars.githubusercontent.com/u/29397487\",\n                \"created_at\": \"2024-09-23T04:20:35.626Z\",\n                \"updated_at\": null,\n                \"otp\": null\n            },\n            \"kategori\": {\n                \"id\": \"3e0faf9a-5066-40b9-91b5-828efca93957\",\n                \"kategori\": \"Pertanian\",\n                \"created_at\": \"2024-09-23T04:20:35.643Z\",\n                \"updated_at\": null\n            },\n            \"dokumenTambahan\": [\n                {\n                    \"id\": \"0da2efa4-8b63-411f-8af2-6909e10ca3e8\",\n                    \"id_projek\": \"3f65f3c3-fdcd-4fd2-9371-aaf6fabaa5ac\",\n                    \"dokumen\": \"https://picsum.photos/seed/ADELct15d/640/480\",\n                    \"created_at\": \"2024-09-23T04:20:35.659Z\",\n                    \"updated_at\": null\n                }\n            ]\n        },\n        {\n            \"id\": \"5310c3ba-8da7-44f6-9c2d-57363b082aee\",\n            \"id_user\": \"0937d7fc-8aa2-4ce5-b437-64b755ce5ff6\",\n            \"id_kategori\": \"2291fc02-0f36-4053-8ca3-1de800e9b56c\",\n            \"judul\": \"Proyek Peternakan\",\n            \"deskripsi\": \"Proyek peternakan naga\",\n            \"nominal\": 10000000,\n            \"asset_jaminan\": \"Tanah\",\n            \"nilai_jaminan\": 20000000,\n            \"lokasi_usaha\": \"Malang\",\n            \"detail_lokasi\": \"Jl. Raya Tlogomas No. 246\",\n            \"brosur_produk\": \"https://everpro.id/blog/contoh-brosur-minuman/\",\n            \"pendapatan_perbulan\": 2000000,\n            \"pengeluaran_perbulan\": 500000,\n            \"report_progress\": \"3\",\n            \"dokumen_proyeksi\": \"https://encrypted-tbn0.gstatic.com/images?q=tbn:ANd9GcRm7Ed-GxL_MOmlJj7Zo2pzKtOdS9gKBDHxTA&s\",\n            \"status\": \"PENDANAAN DIBUKA\",\n            \"nominal_disetujui\": 10000000,\n            \"harga_per_unit\": 1000000,\n            \"jumlah_koin\": 10,\n            \"minimal_pembelian\": 1,\n            \"maksimal_pembelian\": 10,\n            \"mulai_penggalangan_dana\": \"2024-09-23\",\n            \"selesai_penggalangan_dana\": \"2024-12-01\",\n            \"dokumen_prospektus\": \"uploads/dokumen_prospektus/1727065745760-Permintaan Surat - Wades.xlsx\",\n            \"created_at\": \"2023-05-10T13:39:24.000Z\",\n            \"updated_at\": null,\n            \"user\": {\n                \"id\": \"0937d7fc-8aa2-4ce5-b437-64b755ce5ff6\",\n                \"nama\": \"alimurrofid\",\n                \"no_hp\": \"6281234567890\",\n                \"role\": \"ADMIN\",\n                \"status\": \"AKTIF\",\n                \"password\": \"$2a$10$HsgXIHOwFbhbyZ2N3PBive.gXqsRXpdgu/qhmuKWgXopZB2x7GEzm\",\n                \"tempat_lahir\": \"Malang\",\n                \"tanggal_lahir\": \"2024-09-23T04:20:34.563Z\",\n                \"provinsi\": \"Jawa Timur\",\n                \"kota\": \"Malang\",\n                \"kecamatan\": \"Lowokwaru\",\n                \"alamat\": \"Jl. Raya Tlogomas No. 246\",\n                \"nik\": \"3501234567890123\",\n                \"foto_profile\": null,\n                \"foto_diri\": \"https://coursius.com/storage/images/thumb/2021_04_08_12_24_32_b46a6b4bb45b6863c78df7e2524b48ae_900x450_thumb.jpg\",\n                \"foto_ktp\": \"https://image.jpnn.com/resize/1200x800-80/arsip/normal/2021/09/01/tangkapan-layar-contoh-e-ktp-yang-sudah-diberi-watermark-fot-hxj6.jpg\",\n                \"created_at\": \"2024-09-23T04:20:34.563Z\",\n                \"updated_at\": null,\n                \"otp\": null\n            },\n            \"kategori\": {\n                \"id\": \"2291fc02-0f36-4053-8ca3-1de800e9b56c\",\n                \"kategori\": \"Peternakan\",\n                \"created_at\": \"2024-09-23T04:20:35.643Z\",\n                \"updated_at\": null\n            },\n            \"dokumenTambahan\": [\n                {\n                    \"id\": \"cc4785ad-d221-4e74-b4e8-e1715105dd9d\",\n                    \"id_projek\": \"5310c3ba-8da7-44f6-9c2d-57363b082aee\",\n                    \"dokumen\": \"https://encrypted-tbn0.gstatic.com/images?q=tbn:ANd9GcRm7Ed-GxL_MOmlJj7Zo2pzKtOdS9gKBDHxTA&s\",\n                    \"created_at\": \"2024-09-23T04:20:35.659Z\",\n                    \"updated_at\": null\n                },\n                {\n                    \"id\": \"f4e898e1-2cbd-4bc0-ac4e-b843a1901c27\",\n                    \"id_projek\": \"5310c3ba-8da7-44f6-9c2d-57363b082aee\",\n                    \"dokumen\": \"https://loremflickr.com/640/480?lock=2687905728299008\",\n                    \"created_at\": \"2024-09-23T04:20:35.659Z\",\n                    \"updated_at\": null\n                },\n                {\n                    \"id\": \"bec7222b-eeae-4f75-a9e3-c5fcdf9ea73a\",\n                    \"id_projek\": \"5310c3ba-8da7-44f6-9c2d-57363b082aee\",\n                    \"dokumen\": \"https://picsum.photos/seed/ojncz/640/480\",\n                    \"created_at\": \"2024-09-23T04:20:35.659Z\",\n                    \"updated_at\": null\n                }\n            ]\n        }\n    ]\n}"}]},{"name":"Accept Project","id":"9ce5e834-84e7-4508-9d99-8f75391a1fbf","protocolProfileBehavior":{"disableBodyPruning":true},"request":{"auth":{"type":"bearer","bearer":[{"key":"token","value":"{{jwtToken}}","type":"string"}]},"method":"PUT","header":[],"body":{"mode":"raw","raw":"{\r\n    \"id\" : \"74e2c8a2-daca-4f18-93d6-1ba376dd76e7\"\r\n}","options":{"raw":{"language":"json"}}},"url":{"raw":"{{baseUrl}}/project/accept","host":["{{baseUrl}}"],"path":["project","accept"]}},"response":[{"id":"fe675986-3baf-44ca-b43a-35a9254b009e","name":"Accept Project","originalRequest":{"method":"PUT","header":[],"body":{"mode":"raw","raw":"{\r\n    \"id\" : \"2c1d65f9-4ac7-43f0-bd91-1ffe5507bebe\"\r\n}","options":{"raw":{"language":"json"}}},"url":{"raw":"{{baseUrl}}/project/accept","host":["{{baseUrl}}"],"path":["project","accept"]}},"status":"OK","code":200,"_postman_previewlanguage":"json","header":[{"key":"X-Powered-By","value":"Express"},{"key":"Access-Control-Allow-Origin","value":"*"},{"key":"Content-Type","value":"application/json; charset=utf-8"},{"key":"Content-Length","value":"30"},{"key":"ETag","value":"W/\"1e-gQafgRPlYjx6XtwkZO/e4J8/tuo\""},{"key":"Date","value":"Wed, 30 Oct 2024 04:07:59 GMT"},{"key":"Connection","value":"keep-alive"},{"key":"Keep-Alive","value":"timeout=5"}],"cookie":[],"responseTime":null,"body":"{\n    \"message\": \"Project accepted\"\n}"}]},{"name":"Approve Project","id":"3c3bb886-2a83-4f3e-948e-23969a0b0132","protocolProfileBehavior":{"disableBodyPruning":true},"request":{"auth":{"type":"bearer","bearer":[{"key":"token","value":"{{jwtToken}}","type":"string"}]},"method":"PUT","header":[],"body":{"mode":"raw","raw":"{\r\n    \"nominal_disetujui\" : 10000000,\r\n    \"harga_per_unit\" : 1000000,\r\n    \"jumlah_koin\" : 10,\r\n    \"minimal_pembelian\" : 2,\r\n    \"maksimal_pembelian\" : 8,\r\n    \"report_progress\": 1\r\n}","options":{"raw":{"language":"json"}}},"url":{"raw":"{{baseUrl}}/project/approve/a3c163dd-f8a3-4117-a8fb-cf892eb954a8","host":["{{baseUrl}}"],"path":["project","approve","a3c163dd-f8a3-4117-a8fb-cf892eb954a8"]}},"response":[{"id":"f3cf0273-ab4f-445a-9b8e-ec7de5ed560c","name":"Approve Project","originalRequest":{"method":"PUT","header":[],"body":{"mode":"raw","raw":"{\r\n    \"nominal_disetujui\" : 10000000,\r\n    \"harga_per_unit\" : 1000000,\r\n    \"jumlah_koin\" : 10,\r\n    \"minimal_pembelian\" : 2,\r\n    \"maksimal_pembelian\" : 8\r\n}","options":{"raw":{"language":"json"}}},"url":{"raw":"{{baseUrl}}/project/approve/5310c3ba-8da7-44f6-9c2d-57363b082aee","host":["{{baseUrl}}"],"path":["project","approve","5310c3ba-8da7-44f6-9c2d-57363b082aee"]}},"status":"OK","code":200,"_postman_previewlanguage":"json","header":[{"key":"X-Powered-By","value":"Express"},{"key":"Access-Control-Allow-Origin","value":"*"},{"key":"Content-Type","value":"application/json; charset=utf-8"},{"key":"Content-Length","value":"30"},{"key":"ETag","value":"W/\"1e-DwIuYVQb8Ye7gjc6oxFTBEcZBRk\""},{"key":"Date","value":"Tue, 01 Oct 2024 07:52:50 GMT"},{"key":"Connection","value":"keep-alive"},{"key":"Keep-Alive","value":"timeout=5"}],"cookie":[],"responseTime":null,"body":"{\n    \"message\": \"Project approved\"\n}"}]},{"name":"Get Project By Id","id":"0bc58c71-d287-4813-9fe0-7d0a979b96e4","protocolProfileBehavior":{"disableBodyPruning":true},"request":{"auth":{"type":"bearer","bearer":[{"key":"token","value":"{{jwtToken}}","type":"string"}]},"method":"GET","header":[],"body":{"mode":"formdata","formdata":[]},"url":{"raw":"{{baseUrl}}/project/f570669c-93c6-4c11-a7aa-da538bdc13e0","host":["{{baseUrl}}"],"path":["project","f570669c-93c6-4c11-a7aa-da538bdc13e0"]}},"response":[{"id":"1475cde4-b580-400f-961a-903fb8bd24ac","name":"Get Project By Id","originalRequest":{"method":"GET","header":[],"url":{"raw":"{{baseUrl}}/project/667abcec-790e-4775-8bf0-346bbfdfbf4e","host":["{{baseUrl}}"],"path":["project","667abcec-790e-4775-8bf0-346bbfdfbf4e"]}},"status":"OK","code":200,"_postman_previewlanguage":"json","header":[{"key":"X-Powered-By","value":"Express"},{"key":"Access-Control-Allow-Origin","value":"*"},{"key":"Content-Type","value":"application/json; charset=utf-8"},{"key":"Content-Length","value":"1931"},{"key":"ETag","value":"W/\"78b-XJrOTysor8KA07OSG9iOwNtr6sc\""},{"key":"Date","value":"Mon, 23 Sep 2024 03:31:00 GMT"},{"key":"Connection","value":"keep-alive"},{"key":"Keep-Alive","value":"timeout=5"}],"cookie":[],"responseTime":null,"body":"{\n    \"data\": {\n        \"id\": \"667abcec-790e-4775-8bf0-346bbfdfbf4e\",\n        \"judul\": \"tersus utor voveo\",\n        \"deskripsi\": \"Angelus subseco aut vulnus eius pectus trucido victus.\",\n        \"nominal\": 40986266,\n        \"asset_jaminan\": \"arbor\",\n        \"nilai_jaminan\": 79466017,\n        \"lokasi_usaha\": \"Kebumen\",\n        \"detail_lokasi\": \"Kpg. Nadine no 75\",\n        \"brosur_produk\": \"https://loremflickr.com/640/480?lock=6200018664947712\",\n        \"pendapatan_perbulan\": 2813786,\n        \"pengeluaran_perbulan\": 761786,\n        \"report_progress\": \"1\",\n        \"dokumen_proyeksi\": \"https://picsum.photos/seed/DNfrr/640/480\",\n        \"status\": \"APPROVAL\",\n        \"nominal_disetujui\": null,\n        \"harga_per_unit\": null,\n        \"jumlah_koin\": null,\n        \"minimal_pembelian\": null,\n        \"maksimal_pembelian\": null,\n        \"created_at\": \"2024-09-23T09:20:11.871Z\",\n        \"updated_at\": null,\n        \"user\": {\n            \"id\": \"50e2dba4-a70b-420e-b3f8-e0262f72e922\",\n            \"nama\": \"Hidayanto Mariadi\",\n            \"no_hp\": \"6274458640317\",\n            \"role\": \"BASIC\",\n            \"status\": \"TIDAK AKTIF\",\n            \"password\": \"$2a$10$Hiue3x1a/vGOeDuANAg4quM0DT09l9WU2lDGTjapZb5ieapZxETbC\",\n            \"tempat_lahir\": \"Ruteng\",\n            \"tanggal_lahir\": \"1989-12-12T13:52:53.154Z\",\n            \"provinsi\": \"35\",\n            \"kota\": \"35.73\",\n            \"kecamatan\": \"35.73.02\",\n            \"alamat\": \"Psr. Hermann no 2\",\n            \"nik\": \"9112952254859739\",\n            \"foto_profile\": null,\n            \"foto_diri\": \"https://avatars.githubusercontent.com/u/33889710\",\n            \"foto_ktp\": \"https://cloudflare-ipfs.com/ipfs/Qmd3W5DuhgHirLHGVixi6V76LhCkZUz6pnFt5AJBiyvHye/avatar/628.jpg\",\n            \"created_at\": \"2024-09-23T02:20:11.799Z\",\n            \"updated_at\": null,\n            \"otp\": null\n        },\n        \"kategori\": {\n            \"id\": \"47783307-c6b5-4f38-b7f3-7ac31ddca888\",\n            \"kategori\": \"Peternakan\",\n            \"created_at\": \"2024-09-23T02:20:11.854Z\",\n            \"updated_at\": null\n        },\n        \"dokumenTambahan\": [\n            {\n                \"id\": \"15e32535-8a15-4d67-be0c-c7d9eca3d9db\",\n                \"id_projek\": \"667abcec-790e-4775-8bf0-346bbfdfbf4e\",\n                \"dokumen\": \"https://picsum.photos/seed/zxtVqt/640/480\",\n                \"created_at\": \"2024-09-23T02:20:11.877Z\",\n                \"updated_at\": null\n            },\n            {\n                \"id\": \"54d67174-ada4-44c2-b214-b603c153d536\",\n                \"id_projek\": \"667abcec-790e-4775-8bf0-346bbfdfbf4e\",\n                \"dokumen\": \"https://loremflickr.com/640/480?lock=1842331288338432\",\n                \"created_at\": \"2024-09-23T02:20:11.877Z\",\n                \"updated_at\": null\n            }\n        ]\n    }\n}"}]},{"name":"Get Project By User Id","id":"afa132c6-e893-46ff-a8f5-8e7cde6f8325","protocolProfileBehavior":{"disableBodyPruning":true},"request":{"auth":{"type":"bearer","bearer":[{"key":"token","value":"{{jwtToken}}","type":"string"}]},"method":"GET","header":[],"body":{"mode":"formdata","formdata":[]},"url":{"raw":"{{baseUrl}}/project/user","host":["{{baseUrl}}"],"path":["project","user"]}},"response":[{"id":"03712d41-a025-497c-9c79-1cc7d40b800e","name":"Get Project By User Id","originalRequest":{"method":"GET","header":[],"url":{"raw":"{{baseUrl}}/project/user","host":["{{baseUrl}}"],"path":["project","user"]}},"status":"OK","code":200,"_postman_previewlanguage":"json","header":[{"key":"X-Powered-By","value":"Express"},{"key":"Access-Control-Allow-Origin","value":"*"},{"key":"Content-Type","value":"application/json; charset=utf-8"},{"key":"Content-Length","value":"4764"},{"key":"ETag","value":"W/\"129c-J0opvZIFRX7K51xeeubB6qecKr8\""},{"key":"Date","value":"Fri, 27 Sep 2024 05:51:13 GMT"},{"key":"Connection","value":"keep-alive"},{"key":"Keep-Alive","value":"timeout=5"}],"cookie":[],"responseTime":null,"body":"{\n    \"data\": [\n        {\n            \"id\": \"5310c3ba-8da7-44f6-9c2d-57363b082aee\",\n            \"id_user\": \"0937d7fc-8aa2-4ce5-b437-64b755ce5ff6\",\n            \"id_kategori\": \"cf2ff927-3c32-4019-8865-9dd899e6318d\",\n            \"judul\": \"Proyek Peternakan\",\n            \"deskripsi\": \"Proyek peternakan naga\",\n            \"nominal\": 10000000,\n            \"asset_jaminan\": \"Tanah\",\n            \"nilai_jaminan\": 20000000,\n            \"lokasi_usaha\": \"Malang\",\n            \"detail_lokasi\": \"Jl. Raya Tlogomas No. 246\",\n            \"brosur_produk\": \"https://everpro.id/blog/contoh-brosur-minuman/\",\n            \"pendapatan_perbulan\": 2000000,\n            \"pengeluaran_perbulan\": 500000,\n            \"report_progress\": \"3\",\n            \"dokumen_proyeksi\": \"https://encrypted-tbn0.gstatic.com/images?q=tbn:ANd9GcRm7Ed-GxL_MOmlJj7Zo2pzKtOdS9gKBDHxTA&s\",\n            \"status\": \"APPROVAL\",\n            \"nominal_disetujui\": 10000000,\n            \"harga_per_unit\": 1000000,\n            \"jumlah_koin\": 10,\n            \"minimal_pembelian\": 1,\n            \"maksimal_pembelian\": 10,\n            \"mulai_penggalangan_dana\": null,\n            \"selesai_penggalangan_dana\": null,\n            \"dokumen_prospektus\": null,\n            \"created_at\": \"2023-05-10T13:39:24.000Z\",\n            \"updated_at\": null,\n            \"user\": {\n                \"id\": \"0937d7fc-8aa2-4ce5-b437-64b755ce5ff6\",\n                \"nama\": \"alimurrofid\",\n                \"no_hp\": \"6281234567890\",\n                \"role\": \"ADMIN\",\n                \"status\": \"AKTIF\",\n                \"password\": \"$2a$10$dGj/b0UQTWUUGeKXPSo/1OMPfq8KWr2GbUttw2gPL89VSvc0pCsI2\",\n                \"tempat_lahir\": \"Malang\",\n                \"tanggal_lahir\": \"2002-02-02\",\n                \"provinsi\": \"35\",\n                \"kota\": \"35.73\",\n                \"kecamatan\": \"35.73.05\",\n                \"alamat\": \"Jl. Raya Tlogomas No. 246\",\n                \"nik\": \"3501234567890123\",\n                \"foto_profile\": null,\n                \"foto_diri\": \"https://coursius.com/storage/images/thumb/2021_04_08_12_24_32_b46a6b4bb45b6863c78df7e2524b48ae_900x450_thumb.jpg\",\n                \"foto_ktp\": \"https://image.jpnn.com/resize/1200x800-80/arsip/normal/2021/09/01/tangkapan-layar-contoh-e-ktp-yang-sudah-diberi-watermark-fot-hxj6.jpg\",\n                \"created_at\": \"2024-09-25T08:10:27.478Z\",\n                \"updated_at\": null,\n                \"otp\": null\n            },\n            \"kategori\": {\n                \"id\": \"cf2ff927-3c32-4019-8865-9dd899e6318d\",\n                \"kategori\": \"Peternakan\",\n                \"created_at\": \"2024-09-25T08:10:28.284Z\",\n                \"updated_at\": null\n            },\n            \"dokumenTambahan\": [\n                {\n                    \"id\": \"4c3d1b1c-67c4-4c6d-bd26-01ee6b3fae74\",\n                    \"id_projek\": \"5310c3ba-8da7-44f6-9c2d-57363b082aee\",\n                    \"dokumen\": \"https://encrypted-tbn0.gstatic.com/images?q=tbn:ANd9GcRm7Ed-GxL_MOmlJj7Zo2pzKtOdS9gKBDHxTA&s\",\n                    \"created_at\": \"2024-09-25T08:10:28.298Z\",\n                    \"updated_at\": null\n                },\n                {\n                    \"id\": \"1f9667d1-29b9-430d-87d6-6e40fe6c402a\",\n                    \"id_projek\": \"5310c3ba-8da7-44f6-9c2d-57363b082aee\",\n                    \"dokumen\": \"https://loremflickr.com/640/480?lock=5900270013775872\",\n                    \"created_at\": \"2024-09-25T08:10:28.298Z\",\n                    \"updated_at\": null\n                }\n            ]\n        },\n        {\n            \"id\": \"848fdf64-a0f8-4dc4-8cc3-81678734edca\",\n            \"id_user\": \"0937d7fc-8aa2-4ce5-b437-64b755ce5ff6\",\n            \"id_kategori\": \"9501acf4-bd0d-4d78-b7bd-e2467bcd08dd\",\n            \"judul\": \"Proyek Jual Beli\",\n            \"deskripsi\": \"Proyek Jual Beli T-Rex\",\n            \"nominal\": 20000000,\n            \"asset_jaminan\": \"Tanah\",\n            \"nilai_jaminan\": 40000000,\n            \"lokasi_usaha\": \"Malang\",\n            \"detail_lokasi\": \"Jl. Raya Tlogomas No. 246\",\n            \"brosur_produk\": \"https://everpro.id/blog/contoh-brosur-minuman/\",\n            \"pendapatan_perbulan\": 2000000,\n            \"pengeluaran_perbulan\": 500000,\n            \"report_progress\": \"3\",\n            \"dokumen_proyeksi\": \"https://encrypted-tbn0.gstatic.com/images?q=tbn:ANd9GcRm7Ed-GxL_MOmlJj7Zo2pzKtOdS9gKBDHxTA&s\",\n            \"status\": \"APPROVAL\",\n            \"nominal_disetujui\": 20000000,\n            \"harga_per_unit\": 1000000,\n            \"jumlah_koin\": 20,\n            \"minimal_pembelian\": 1,\n            \"maksimal_pembelian\": 20,\n            \"mulai_penggalangan_dana\": null,\n            \"selesai_penggalangan_dana\": null,\n            \"dokumen_prospektus\": null,\n            \"created_at\": \"2023-05-10T13:39:24.000Z\",\n            \"updated_at\": null,\n            \"user\": {\n                \"id\": \"0937d7fc-8aa2-4ce5-b437-64b755ce5ff6\",\n                \"nama\": \"alimurrofid\",\n                \"no_hp\": \"6281234567890\",\n                \"role\": \"ADMIN\",\n                \"status\": \"AKTIF\",\n                \"password\": \"$2a$10$dGj/b0UQTWUUGeKXPSo/1OMPfq8KWr2GbUttw2gPL89VSvc0pCsI2\",\n                \"tempat_lahir\": \"Malang\",\n                \"tanggal_lahir\": \"2002-02-02\",\n                \"provinsi\": \"35\",\n                \"kota\": \"35.73\",\n                \"kecamatan\": \"35.73.05\",\n                \"alamat\": \"Jl. Raya Tlogomas No. 246\",\n                \"nik\": \"3501234567890123\",\n                \"foto_profile\": null,\n                \"foto_diri\": \"https://coursius.com/storage/images/thumb/2021_04_08_12_24_32_b46a6b4bb45b6863c78df7e2524b48ae_900x450_thumb.jpg\",\n                \"foto_ktp\": \"https://image.jpnn.com/resize/1200x800-80/arsip/normal/2021/09/01/tangkapan-layar-contoh-e-ktp-yang-sudah-diberi-watermark-fot-hxj6.jpg\",\n                \"created_at\": \"2024-09-25T08:10:27.478Z\",\n                \"updated_at\": null,\n                \"otp\": null\n            },\n            \"kategori\": {\n                \"id\": \"9501acf4-bd0d-4d78-b7bd-e2467bcd08dd\",\n                \"kategori\": \"Jual Beli\",\n                \"created_at\": \"2024-09-25T08:10:28.284Z\",\n                \"updated_at\": null\n            },\n            \"dokumenTambahan\": [\n                {\n                    \"id\": \"364a7b0b-a287-45a7-a434-245ea6c96384\",\n                    \"id_projek\": \"848fdf64-a0f8-4dc4-8cc3-81678734edca\",\n                    \"dokumen\": \"https://encrypted-tbn0.gstatic.com/images?q=tbn:ANd9GcRm7Ed-GxL_MOmlJj7Zo2pzKtOdS9gKBDHxTA&s\",\n                    \"created_at\": \"2024-09-25T08:10:28.298Z\",\n                    \"updated_at\": null\n                },\n                {\n                    \"id\": \"f2ee20aa-8ceb-468b-a908-16bc272d8f54\",\n                    \"id_projek\": \"848fdf64-a0f8-4dc4-8cc3-81678734edca\",\n                    \"dokumen\": \"https://loremflickr.com/640/480?lock=1693385272328192\",\n                    \"created_at\": \"2024-09-25T08:10:28.298Z\",\n                    \"updated_at\": null\n                },\n                {\n                    \"id\": \"25d0906f-e94e-4117-95c4-1b328c58bbc8\",\n                    \"id_projek\": \"848fdf64-a0f8-4dc4-8cc3-81678734edca\",\n                    \"dokumen\": \"https://picsum.photos/seed/JsACnRR/640/480\",\n                    \"created_at\": \"2024-09-25T08:10:28.298Z\",\n                    \"updated_at\": null\n                }\n            ]\n        }\n    ]\n}"}]},{"name":"Get User Have Token By Project Id","id":"f00ac1ee-7369-491b-8055-ec92b66bad37","protocolProfileBehavior":{"disableBodyPruning":true},"request":{"auth":{"type":"bearer","bearer":[{"key":"token","value":"{{jwtToken}}","type":"string"}]},"method":"GET","header":[],"url":{"raw":"{{baseUrl}}/project/74ddd109-6f1e-45ad-b076-26cae43a1522/user","host":["{{baseUrl}}"],"path":["project","74ddd109-6f1e-45ad-b076-26cae43a1522","user"]}},"response":[]},{"name":"Get Count Project","id":"036f7818-d580-4097-b322-cba4d27f575c","protocolProfileBehavior":{"disableBodyPruning":true},"request":{"auth":{"type":"bearer","bearer":[{"key":"token","value":"{{jwtToken}}","type":"string"}]},"method":"GET","header":[],"url":{"raw":"{{baseUrl}}/project/count","host":["{{baseUrl}}"],"path":["project","count"]}},"response":[{"id":"5f510e7e-6b24-49a3-ae5a-83fc97bf739d","name":"Get Count Project","originalRequest":{"method":"GET","header":[],"url":{"raw":"{{baseUrl}}/project/count","host":["{{baseUrl}}"],"path":["project","count"]}},"status":"OK","code":200,"_postman_previewlanguage":"json","header":[{"key":"X-Powered-By","value":"Express"},{"key":"Access-Control-Allow-Origin","value":"*"},{"key":"Content-Type","value":"application/json; charset=utf-8"},{"key":"Content-Length","value":"11"},{"key":"ETag","value":"W/\"b-7IWVswT3mXzKgQkQPeSKgZoiYxo\""},{"key":"Date","value":"Mon, 23 Sep 2024 03:26:29 GMT"},{"key":"Connection","value":"keep-alive"},{"key":"Keep-Alive","value":"timeout=5"}],"cookie":[],"responseTime":null,"body":"{\n    \"data\": 12\n}"}]},{"name":"Publish Project","id":"6730b4b7-1a33-478b-938d-921e7efc05f5","protocolProfileBehavior":{"disableBodyPruning":true},"request":{"auth":{"type":"bearer","bearer":[{"key":"token","value":"{{jwtToken}}","type":"string"}]},"method":"PUT","header":[],"body":{"mode":"formdata","formdata":[{"key":"id_projek","value":"5310c3ba-8da7-44f6-9c2d-57363b082aee","type":"text"},{"key":"mulai_penggalangan_dana","value":"2024-10-09","type":"text"},{"key":"selesai_penggalangan_dana","value":"2024-12-01","type":"text"},{"key":"dokumen_prospektus","type":"file","fileNotInWorkingDirectoryWarning":"This file isn't in your working directory. Teammates you share this request with won't be able to use this file. To make collaboration easier you can setup your working directory in Settings.","filesNotInWorkingDirectory":["/C:/Users/DELL/Downloads/Summary.xlsx"],"src":"/C:/Users/DELL/Downloads/Summary.xlsx"}]},"url":{"raw":"{{baseUrl}}/project/publish","host":["{{baseUrl}}"],"path":["project","publish"]}},"response":[{"id":"3642c13a-7ca8-466f-a2fb-f502658e2acb","name":"Publish Project","originalRequest":{"method":"PUT","header":[],"body":{"mode":"formdata","formdata":[{"key":"id_projek","value":"5310c3ba-8da7-44f6-9c2d-57363b082aee","type":"text"},{"key":"mulai_penggalangan_dana","value":"2024-09-23","type":"text"},{"key":"selesai_penggalangan_dana","value":"2024-12-01","type":"text"},{"key":"dokumen_prospektus","type":"file","fileNotInWorkingDirectoryWarning":"This file isn't in your working directory. Teammates you share this request with won't be able to use this file. To make collaboration easier you can setup your working directory in Settings.","filesNotInWorkingDirectory":["/C:/Users/DELL/Downloads/Permintaan Surat - Wades.xlsx"],"src":"/C:/Users/DELL/Downloads/Permintaan Surat - Wades.xlsx"}]},"url":{"raw":"{{baseUrl}}/project/publish","host":["{{baseUrl}}"],"path":["project","publish"]}},"status":"OK","code":200,"_postman_previewlanguage":"json","header":[{"key":"X-Powered-By","value":"Express"},{"key":"Access-Control-Allow-Origin","value":"*"},{"key":"Content-Type","value":"application/json; charset=utf-8"},{"key":"Content-Length","value":"31"},{"key":"ETag","value":"W/\"1f-IfEmKuKbbgHIbzH2zmkX0KGWlQs\""},{"key":"Date","value":"Mon, 23 Sep 2024 04:29:05 GMT"},{"key":"Connection","value":"keep-alive"},{"key":"Keep-Alive","value":"timeout=5"}],"cookie":[],"responseTime":null,"body":"{\n    \"message\": \"Project published\"\n}"}]},{"name":"Update Project","id":"7a11d78a-59ae-49c6-8b2f-1896d421a6dd","protocolProfileBehavior":{"disableBodyPruning":true},"request":{"auth":{"type":"bearer","bearer":[{"key":"token","value":"{{jwtToken}}","type":"string"}]},"method":"PUT","header":[],"body":{"mode":"formdata","formdata":[{"key":"id","value":"599d82ce-31ee-4978-9a74-cc7d92c40f4a","type":"text"},{"key":"judul","value":"Proyek Perikanan","type":"text","disabled":true},{"key":"deskripsi","value":"Proyek peternakan Marsupilami","type":"text"},{"key":"nominal","value":"12000000","type":"text"},{"key":"asset_jaminan","value":"Tanah","type":"text"},{"key":"nilai_jaminan","value":"15000000","type":"text","disabled":true},{"key":"lokasi_usaha","value":"Pasuruan","type":"text","disabled":true},{"key":"detail_lokasi","value":"Dk. Warji no 56","type":"text","disabled":true},{"key":"pendapatan_perbulan","value":"120000","type":"text"},{"key":"pengeluaran_perbulan","value":"150000","type":"text"},{"key":"bagian_pelaksana","value":"10","type":"text"},{"key":"bagian_pemilik","value":"30","type":"text"},{"key":"dokumen","type":"file","fileNotInWorkingDirectoryWarning":"This file isn't in your working directory. Teammates you share this request with won't be able to use this file. To make collaboration easier you can setup your working directory in Settings.","filesNotInWorkingDirectory":["/C:/Users/DELL/OneDrive/Gambar/logo wri.png"],"src":"/C:/Users/DELL/OneDrive/Gambar/logo wri.png"},{"key":"bagian_koperasi","value":"20","type":"text"},{"key":"bagian_pendana","value":"40","type":"text"}]},"url":{"raw":"{{baseUrl}}/project/update","host":["{{baseUrl}}"],"path":["project","update"]}},"response":[{"id":"673a8c1a-45ba-4f94-858f-8daf238dc620","name":"Update Project","originalRequest":{"method":"PUT","header":[],"body":{"mode":"formdata","formdata":[{"key":"id","value":"5d9f7477-fed6-476d-8927-6dc4bcf50e80","type":"text"},{"key":"judul","value":"coklatttt","type":"text"}]},"url":{"raw":"{{baseUrl}}/project/update","host":["{{baseUrl}}"],"path":["project","update"]}},"status":"Created","code":201,"_postman_previewlanguage":"json","header":[{"key":"X-Powered-By","value":"Express"},{"key":"Access-Control-Allow-Origin","value":"*"},{"key":"Content-Type","value":"application/json; charset=utf-8"},{"key":"Content-Length","value":"42"},{"key":"ETag","value":"W/\"2a-14PYu8F5ZlkYUwxwNzq3jtfLtdY\""},{"key":"Date","value":"Tue, 24 Sep 2024 07:38:54 GMT"},{"key":"Connection","value":"keep-alive"},{"key":"Keep-Alive","value":"timeout=5"}],"cookie":[],"responseTime":null,"body":"{\n    \"message\": \"Project successfully updated\"\n}"}]},{"name":"Check Project Funding","id":"96c4de8a-4b43-4682-899f-a75362824e26","protocolProfileBehavior":{"disableBodyPruning":true},"request":{"auth":{"type":"bearer","bearer":[{"key":"token","value":"{{jwtToken}}","type":"string"}]},"method":"GET","header":[],"url":{"raw":"{{baseUrl}}/project/check-funding","host":["{{baseUrl}}"],"path":["project","check-funding"]}},"response":[]},{"name":"Completing Project","id":"83ba7989-bff3-4ac9-a7d5-5f77393c9307","protocolProfileBehavior":{"disableBodyPruning":true},"request":{"auth":{"type":"bearer","bearer":[{"key":"token","value":"{{jwtToken}}","type":"string"}]},"method":"PUT","header":[],"body":{"mode":"raw","raw":"{\r\n    \"id\" : \"5310c3ba-8da7-44f6-9c2d-57363b082aee\"\r\n}","options":{"raw":{"language":"json"}}},"url":{"raw":"{{baseUrl}}/project/complete","host":["{{baseUrl}}"],"path":["project","complete"]}},"response":[{"id":"89e26a47-228f-4f47-8ee5-92aa54798822","name":"Completing Project","originalRequest":{"method":"PUT","header":[],"body":{"mode":"raw","raw":"{\r\n    \"id\" : \"5310c3ba-8da7-44f6-9c2d-57363b082aee\"\r\n}","options":{"raw":{"language":"json"}}},"url":{"raw":"{{baseUrl}}/project/complete","host":["{{baseUrl}}"],"path":["project","complete"]}},"status":"OK","code":200,"_postman_previewlanguage":"json","header":[{"key":"X-Powered-By","value":"Express"},{"key":"Access-Control-Allow-Origin","value":"*"},{"key":"Content-Type","value":"application/json; charset=utf-8"},{"key":"Content-Length","value":"31"},{"key":"ETag","value":"W/\"1f-UwArqnUVV07b5sGhpX8rFXlXStY\""},{"key":"Date","value":"Tue, 08 Oct 2024 01:31:13 GMT"},{"key":"Connection","value":"keep-alive"},{"key":"Keep-Alive","value":"timeout=5"}],"cookie":[],"responseTime":null,"body":"{\n    \"message\": \"Project completed\"\n}"}]},{"name":"Share Profit","id":"55616ada-3cb2-4728-81cf-b0b3973c7c52","protocolProfileBehavior":{"disableBodyPruning":true},"request":{"auth":{"type":"bearer","bearer":[{"key":"token","value":"{{jwtToken}}","type":"string"}]},"method":"PUT","header":[],"body":{"mode":"raw","raw":"{\r\n    \"id\" : \"c8d00a96-5171-4758-aa43-1639bda8f058\"\r\n}","options":{"raw":{"language":"json"}}},"url":{"raw":"{{baseUrl}}/project/share-profit","host":["{{baseUrl}}"],"path":["project","share-profit"]}},"response":[{"id":"1732530a-6128-4bcf-b703-742a2feb0e95","name":"Share Profit","originalRequest":{"method":"PUT","header":[],"body":{"mode":"raw","raw":"{\r\n    \"id\" : \"5310c3ba-8da7-44f6-9c2d-57363b082aee\"\r\n}","options":{"raw":{"language":"json"}}},"url":{"raw":"{{baseUrl}}/project/share-profit","host":["{{baseUrl}}"],"path":["project","share-profit"]}},"status":"OK","code":200,"_postman_previewlanguage":"json","header":[{"key":"X-Powered-By","value":"Express"},{"key":"Access-Control-Allow-Origin","value":"*"},{"key":"Content-Type","value":"application/json; charset=utf-8"},{"key":"Content-Length","value":"27"},{"key":"ETag","value":"W/\"1b-g7paPXPQGuKZnsTV2LQ9N67LxE0\""},{"key":"Date","value":"Tue, 08 Oct 2024 01:34:18 GMT"},{"key":"Connection","value":"keep-alive"},{"key":"Keep-Alive","value":"timeout=5"}],"cookie":[],"responseTime":null,"body":"{\n    \"message\": \"Profit shared\"\n}"}]},{"name":"Download Template Dokumen Proyeksi","id":"802a7266-0466-4029-8f59-358740be4002","protocolProfileBehavior":{"disableBodyPruning":true},"request":{"method":"GET","header":[],"url":{"raw":"{{baseUrl}}/formatan-dokumen-proyeksi","host":["{{baseUrl}}"],"path":["formatan-dokumen-proyeksi"]}},"response":[]},{"name":"Reject Project","id":"0de9764b-8b59-47ae-b650-70cceed4d784","protocolProfileBehavior":{"disableBodyPruning":true},"request":{"auth":{"type":"bearer","bearer":[{"key":"token","value":"{{jwtToken}}","type":"string"}]},"method":"PUT","header":[],"body":{"mode":"raw","raw":"{\r\n    \"keterangan\": \"blablablba\"\r\n}","options":{"raw":{"language":"json"}}},"url":{"raw":"{{baseUrl}}/project/reject/5310c3ba-8da7-44f6-9c2d-57363b082aee","host":["{{baseUrl}}"],"path":["project","reject","5310c3ba-8da7-44f6-9c2d-57363b082aee"]}},"response":[{"id":"cdb7ee9e-f07c-48bb-8a99-fcb7081b6bc6","name":"Reject Project","originalRequest":{"method":"PUT","header":[],"body":{"mode":"formdata","formdata":[{"key":"keterangan","value":"salahnya keterlalulan","type":"text"}],"options":{"raw":{"language":"json"}}},"url":{"raw":"{{baseUrl}}/project/reject/5310c3ba-8da7-44f6-9c2d-57363b082aee","host":["{{baseUrl}}"],"path":["project","reject","5310c3ba-8da7-44f6-9c2d-57363b082aee"]}},"status":"OK","code":200,"_postman_previewlanguage":"json","header":[{"key":"X-Powered-By","value":"Express"},{"key":"Access-Control-Allow-Origin","value":"*"},{"key":"Content-Type","value":"application/json; charset=utf-8"},{"key":"Content-Length","value":"30"},{"key":"ETag","value":"W/\"1e-BqiUDVHz6aWt7W+RoWL6cDv6mB0\""},{"key":"Date","value":"Tue, 01 Oct 2024 07:50:46 GMT"},{"key":"Connection","value":"keep-alive"},{"key":"Keep-Alive","value":"timeout=5"}],"cookie":[],"responseTime":null,"body":"{\n    \"message\": \"Project rejected\"\n}"}]},{"name":"Revise Project","id":"a2ca7fdd-705a-4b15-812d-a1f4ade4f409","protocolProfileBehavior":{"disableBodyPruning":true},"request":{"auth":{"type":"bearer","bearer":[{"key":"token","value":"{{jwtToken}}","type":"string"}]},"method":"PUT","header":[],"body":{"mode":"raw","raw":"{\r\n    \"keterangan\" : \"mau nyoba get keterangan revisi, bisa gk ya? bisa dong masa gabisa\"\r\n}","options":{"raw":{"language":"json"}}},"url":{"raw":"{{baseUrl}}/project/revise/5310c3ba-8da7-44f6-9c2d-57363b082aee","host":["{{baseUrl}}"],"path":["project","revise","5310c3ba-8da7-44f6-9c2d-57363b082aee"]}},"response":[{"id":"0190f784-de62-4589-8c8f-b41ba9de84ad","name":"Revise Project","originalRequest":{"method":"PUT","header":[{"key":"Content-Type","value":"application/json","type":"text"}],"body":{"mode":"raw","raw":"{\r\n    \"keterangan\" : \"kegelapan\"\r\n}","options":{"raw":{"language":"json"}}},"url":{"raw":"{{baseUrl}}/project/revise/5310c3ba-8da7-44f6-9c2d-57363b082aee","host":["{{baseUrl}}"],"path":["project","revise","5310c3ba-8da7-44f6-9c2d-57363b082aee"]}},"status":"OK","code":200,"_postman_previewlanguage":"json","header":[{"key":"X-Powered-By","value":"Express"},{"key":"Access-Control-Allow-Origin","value":"*"},{"key":"Content-Type","value":"application/json; charset=utf-8"},{"key":"Content-Length","value":"29"},{"key":"ETag","value":"W/\"1d-1YKsQ0drW/bVzWPU1vvAZ+lQuCk\""},{"key":"Date","value":"Tue, 01 Oct 2024 07:53:56 GMT"},{"key":"Connection","value":"keep-alive"},{"key":"Keep-Alive","value":"timeout=5"}],"cookie":[],"responseTime":null,"body":"{\n    \"message\": \"Project revised\"\n}"}]},{"name":"Get Dokumen Prospektus By Id Proyek","id":"2a915f12-c06c-4489-984f-e54a513977bd","protocolProfileBehavior":{"disableBodyPruning":true},"request":{"auth":{"type":"bearer","bearer":[{"key":"token","value":"{{jwtToken}}","type":"string"}]},"method":"GET","header":[],"url":{"raw":"{{baseUrl}}/project/5310c3ba-8da7-44f6-9c2d-57363b082aee/dokumen-prospektus","host":["{{baseUrl}}"],"path":["project","5310c3ba-8da7-44f6-9c2d-57363b082aee","dokumen-prospektus"]}},"response":[]},{"name":"Get Keterangan Revisi","id":"b5660565-97fa-4fa8-aa61-1000afb06f7e","protocolProfileBehavior":{"disableBodyPruning":true},"request":{"auth":{"type":"bearer","bearer":[{"key":"token","value":"{{jwtToken}}","type":"string"}]},"method":"GET","header":[],"url":{"raw":"{{baseUrl}}/project/keterangan-revisi/5310c3ba-8da7-44f6-9c2d-57363b082aee","host":["{{baseUrl}}"],"path":["project","keterangan-revisi","5310c3ba-8da7-44f6-9c2d-57363b082aee"]}},"response":[]},{"name":"Total Profit","id":"0f6a54a6-74e5-42f6-8971-d37b5653285b","protocolProfileBehavior":{"disableBodyPruning":true},"request":{"auth":{"type":"bearer","bearer":[{"key":"token","value":"{{jwtToken}}","type":"string"}]},"method":"GET","header":[],"url":{"raw":"{{baseUrl}}/project/total-profit/848fdf64-a0f8-4dc4-8cc3-81678734edca","host":["{{baseUrl}}"],"path":["project","total-profit","848fdf64-a0f8-4dc4-8cc3-81678734edca"]}},"response":[{"id":"5994f1c8-c289-439d-9d9b-20884f427699","name":"Total Profit","originalRequest":{"method":"GET","header":[],"url":{"raw":"{{baseUrl}}/project/total-profit/848fdf64-a0f8-4dc4-8cc3-81678734edca","host":["{{baseUrl}}"],"path":["project","total-profit","848fdf64-a0f8-4dc4-8cc3-81678734edca"]}},"status":"OK","code":200,"_postman_previewlanguage":"json","header":[{"key":"X-Powered-By","value":"Express"},{"key":"Access-Control-Allow-Origin","value":"*"},{"key":"Content-Type","value":"application/json; charset=utf-8"},{"key":"Content-Length","value":"19"},{"key":"ETag","value":"W/\"13-tgtVEs1TTr3PFujiN3ub30sfeMg\""},{"key":"Date","value":"Thu, 05 Dec 2024 07:22:59 GMT"},{"key":"Connection","value":"keep-alive"},{"key":"Keep-Alive","value":"timeout=5"}],"cookie":[],"responseTime":null,"body":"{\n    \"total\": \"1200000\"\n}"}]}],"variable":[{"id":"dd5eb2e9-6136-4c11-9e2c-4e6057a482f1","key":"baseUrl","value":"http://localhost:3000"},{"id":"e1cd087d-6892-4e91-83d2-8f355474dd29","key":"jwtToken","value":"eyJhbGciOiJIUzI1NiIsInR5cCI6IkpXVCJ9.eyJpZCI6IjA5MzdkN2ZjLThhYTItNGNlNS1iNDM3LTY0Yjc1NWNlNWZmNiIsInJvbGUiOiJBRE1JTiIsInN0YXR1cyI6IkFLVElGIiwiaWF0IjoxNzI2MTEzNTIxLCJleHAiOjE3MjYxMTcxMjF9.M0AWKWyvs8DFGwwwg3PFPEO2zcf1MWlson3Q7SyVocU"}]}