{"info":{"_postman_id":"2582b51a-55de-43f8-86e5-38b4c62cf6a3","name":"User","schema":"https://schema.getpostman.com/json/collection/v2.1.0/collection.json"},"item":[{"name":"Verify OTP","id":"7b23f266-b8dd-40b6-9f4e-2bcdb98eac20","protocolProfileBehavior":{"disableBodyPruning":true},"request":{"auth":{"type":"bearer","bearer":[{"key":"token","value":"{{jwtToken}}","type":"string"}]},"method":"POST","header":[],"body":{"mode":"raw","raw":"{\r\n    \"otp\" : \"1135\"\r\n}","options":{"raw":{"language":"json"}}},"url":{"raw":"{{baseUrl}}/user/verify-otp","host":["{{baseUrl}}"],"path":["user","verify-otp"]}},"response":[{"id":"acb494b8-990b-4f23-8f0c-84548b5bc1f5","name":"New Request","originalRequest":{"method":"POST","header":[],"body":{"mode":"raw","raw":"{\r\n    \"otp\" : \"1223\"\r\n}","options":{"raw":{"language":"json"}}},"url":{"raw":"{{baseUrl}}/user/verify-otp","host":["{{baseUrl}}"],"path":["user","verify-otp"]}},"status":"OK","code":200,"_postman_previewlanguage":"json","header":[{"key":"X-Powered-By","value":"Express"},{"key":"Access-Control-Allow-Origin","value":"*"},{"key":"Content-Type","value":"application/json; charset=utf-8"},{"key":"Content-Length","value":"26"},{"key":"ETag","value":"W/\"1a-CqqXA2Ji+Qf4T/ASGIf/QS4mafw\""},{"key":"Date","value":"Mon, 09 Sep 2024 07:09:13 GMT"},{"key":"Connection","value":"keep-alive"},{"key":"Keep-Alive","value":"timeout=5"}],"cookie":[],"responseTime":null,"body":"{\n    \"message\": \"Otp verified\"\n}"}]},{"name":"Send OTP","id":"2f40304a-abac-4181-97a7-4f4d341ed110","protocolProfileBehavior":{"disableBodyPruning":true},"request":{"auth":{"type":"bearer","bearer":[{"key":"token","value":"{{jwtToken}}","type":"string"}]},"method":"POST","header":[],"body":{"mode":"raw","raw":"{\r\n    \"id\" : \"a0a500f8-3780-4393-912e-9bc1e4f51f0b\"\r\n}","options":{"raw":{"language":"json"}}},"url":{"raw":"{{baseUrl}}/user/send-otp","host":["{{baseUrl}}"],"path":["user","send-otp"]}},"response":[{"id":"645d3302-a230-489d-83b6-69dac2d545ac","name":"Send OTP","originalRequest":{"method":"POST","header":[],"body":{"mode":"raw","raw":"{\r\n    \"id\" : \"893fee3a-d2ed-436f-b666-4a3ac9ccaf1e\"\r\n}","options":{"raw":{"language":"json"}}},"url":{"raw":"{{baseUrl}}/user/send-otp","host":["{{baseUrl}}"],"path":["user","send-otp"]}},"status":"OK","code":200,"_postman_previewlanguage":"json","header":[{"key":"X-Powered-By","value":"Express"},{"key":"Access-Control-Allow-Origin","value":"*"},{"key":"Content-Type","value":"application/json; charset=utf-8"},{"key":"Content-Length","value":"35"},{"key":"ETag","value":"W/\"23-YsSrbfhPBo5PNRhpOhArqd7KnMQ\""},{"key":"Date","value":"Mon, 30 Sep 2024 03:25:57 GMT"},{"key":"Connection","value":"keep-alive"},{"key":"Keep-Alive","value":"timeout=5"}],"cookie":[],"responseTime":null,"body":"{\n    \"message\": \"OTP sent successfully\"\n}"}]},{"name":"Get All User","id":"09f16e26-71b5-4f25-bdb1-14b39fbf0ad5","protocolProfileBehavior":{"disableBodyPruning":true},"request":{"auth":{"type":"bearer","bearer":[{"key":"token","value":"{{jwtToken}}","type":"string"}]},"method":"GET","header":[],"url":{"raw":"{{baseUrl}}/user","host":["{{baseUrl}}"],"path":["user"]}},"response":[{"id":"6a76be3a-288f-4049-8d1a-b5e08d5f24a8","name":"Get All User","originalRequest":{"method":"GET","header":[],"url":{"raw":"{{baseUrl}}/user","host":["{{baseUrl}}"],"path":["user"]}},"status":"OK","code":200,"_postman_previewlanguage":"json","header":[{"key":"X-Powered-By","value":"Express"},{"key":"Access-Control-Allow-Origin","value":"*"},{"key":"Content-Type","value":"application/json; charset=utf-8"},{"key":"Content-Length","value":"9293"},{"key":"ETag","value":"W/\"244d-O5a13+f9EWt7p7AAdLV3GpGzpys\""},{"key":"Date","value":"Thu, 19 Sep 2024 11:44:33 GMT"},{"key":"Connection","value":"keep-alive"},{"key":"Keep-Alive","value":"timeout=5"}],"cookie":[],"responseTime":null,"body":"{\n    \"data\": [\n        {\n            \"id\": \"0937d7fc-8aa2-4ce5-b437-64b755ce5ff6\",\n            \"nama\": \"alimurrofid\",\n            \"no_hp\": \"6281234567890\",\n            \"role\": \"ADMIN\",\n            \"status\": \"AKTIF\",\n            \"password\": \"$2a$10$o.IHBHQUxgW9zrzUR6/k5um4GJkhsYOYyOojGqpDlRWy8sn0kie1q\",\n            \"tempat_lahir\": \"Malang\",\n            \"tanggal_lahir\": \"2024-09-11T08:03:28.700Z\",\n            \"provinsi\": \"Jawa Timur\",\n            \"kota\": \"Malang\",\n            \"kecamatan\": \"Lowokwaru\",\n            \"alamat\": \"Jl. Raya Tlogomas No. 246\",\n            \"nik\": \"3501234567890123\",\n            \"foto_profile\": null,\n            \"foto_diri\": \"https://coursius.com/storage/images/thumb/2021_04_08_12_24_32_b46a6b4bb45b6863c78df7e2524b48ae_900x450_thumb.jpg\",\n            \"foto_ktp\": \"https://image.jpnn.com/resize/1200x800-80/arsip/normal/2021/09/01/tangkapan-layar-contoh-e-ktp-yang-sudah-diberi-watermark-fot-hxj6.jpg\",\n            \"created_at\": \"2024-09-11T08:03:28.701Z\",\n            \"updated_at\": null,\n            \"otp\": null\n        },\n        {\n            \"id\": \"c2e704d0-ad96-4faa-8230-e8fecf306a53\",\n            \"nama\": \"siti nurhaliza\",\n            \"no_hp\": \"6281234567892\",\n            \"role\": \"PLATINUM\",\n            \"status\": \"TIDAK AKTIF\",\n            \"password\": \"$2a$10$32wmr8joEaWCQxpnGI33euy5hUtHeygwpjFPVfupy/9d4pPAmwTZi\",\n            \"tempat_lahir\": \"Jakarta\",\n            \"tanggal_lahir\": \"2024-09-11T08:03:28.838Z\",\n            \"provinsi\": \"DKI Jakarta\",\n            \"kota\": \"Jakarta Selatan\",\n            \"kecamatan\": \"Tebet\",\n            \"alamat\": \"Jl. Mampang Prapatan No. 20\",\n            \"nik\": \"3501234567890125\",\n            \"foto_profile\": null,\n            \"foto_diri\": \"https://coursius.com/storage/images/thumb/2021_04_08_12_24_32_b46a6b4bb45b6863c78df7e2524b48ae_900x450_thumb.jpg\",\n            \"foto_ktp\": \"https://image.jpnn.com/resize/1200x800-80/arsip/normal/2021/09/01/tangkapan-layar-contoh-e-ktp-yang-sudah-diberi-watermark-fot-hxj6.jpg\",\n            \"created_at\": \"2024-09-11T08:03:28.838Z\",\n            \"updated_at\": null,\n            \"otp\": null\n        },\n        {\n            \"id\": \"606e6746-f325-4bc1-8d64-4cbe2c6c078a\",\n            \"nama\": \"Lesmana Raden\",\n            \"no_hp\": \"6286354455362\",\n            \"role\": \"BASIC\",\n            \"status\": \"TIDAK AKTIF\",\n            \"password\": \"$2a$10$1hs0P168xfjalHKFnIbvq.8QFcXg2M45BZRYq7.DnVk7lLNiQKh0S\",\n            \"tempat_lahir\": \"Banyumas\",\n            \"tanggal_lahir\": \"1988-09-14T18:01:02.650Z\",\n            \"provinsi\": \"Kepulauan Riau\",\n            \"kota\": \"Tangerang Selatan\",\n            \"kecamatan\": \"Tajinan\",\n            \"alamat\": \"Jln. Warji no 7\",\n            \"nik\": \"9831356815802254\",\n            \"foto_profile\": null,\n            \"foto_diri\": \"https://avatars.githubusercontent.com/u/16264092\",\n            \"foto_ktp\": \"https://avatars.githubusercontent.com/u/70088858\",\n            \"created_at\": \"2024-09-11T08:03:29.535Z\",\n            \"updated_at\": null,\n            \"otp\": null\n        },\n        {\n            \"id\": \"f53d8d10-659c-4b5f-b9e7-2121dee9fb12\",\n            \"nama\": \"Prastuti Mala\",\n            \"no_hp\": \"6250486800414\",\n            \"role\": \"BASIC\",\n            \"status\": \"TIDAK AKTIF\",\n            \"password\": \"$2a$10$Do7giPFhKJBlUhIxUpTztuI2.o4t/MPN7PupwolV9m..ljwdnFZ.q\",\n            \"tempat_lahir\": \"Soe\",\n            \"tanggal_lahir\": \"1951-10-04T13:29:08.456Z\",\n            \"provinsi\": \"Kalimantan Utara\",\n            \"kota\": \"Waikabubak\",\n            \"kecamatan\": \"Tajinan\",\n            \"alamat\": \"Dk. Ika no 7\",\n            \"nik\": \"8250055415834563\",\n            \"foto_profile\": null,\n            \"foto_diri\": \"https://avatars.githubusercontent.com/u/21628473\",\n            \"foto_ktp\": \"https://avatars.githubusercontent.com/u/93457671\",\n            \"created_at\": \"2024-09-11T08:03:29.535Z\",\n            \"updated_at\": null,\n            \"otp\": null\n        },\n        {\n            \"id\": \"d39dd37f-ad8c-4459-9a89-ca2b73a78a9e\",\n            \"nama\": \"Prayoga Handoko\",\n            \"no_hp\": \"6210493278045\",\n            \"role\": \"BASIC\",\n            \"status\": \"TIDAK AKTIF\",\n            \"password\": \"$2a$10$8EE8oc.3LkssOLC7qCiyKeXCLWhr2JXoVQLl5M6JrxlVNyCqGwdUy\",\n            \"tempat_lahir\": \"Luwuk\",\n            \"tanggal_lahir\": \"1988-08-30T00:41:27.706Z\",\n            \"provinsi\": \"Papua Tengah\",\n            \"kota\": \"Brebes\",\n            \"kecamatan\": \"Tajinan\",\n            \"alamat\": \"Psr. Conroy no 2\",\n            \"nik\": \"1621959401789871\",\n            \"foto_profile\": null,\n            \"foto_diri\": \"https://avatars.githubusercontent.com/u/87306323\",\n            \"foto_ktp\": \"https://cloudflare-ipfs.com/ipfs/Qmd3W5DuhgHirLHGVixi6V76LhCkZUz6pnFt5AJBiyvHye/avatar/1208.jpg\",\n            \"created_at\": \"2024-09-11T08:03:29.535Z\",\n            \"updated_at\": null,\n            \"otp\": null\n        },\n        {\n            \"id\": \"e738076f-d260-4c58-9323-a8bbcd1b2a5c\",\n            \"nama\": \"Jamal Wacana\",\n            \"no_hp\": \"6229989030516\",\n            \"role\": \"BASIC\",\n            \"status\": \"TIDAK AKTIF\",\n            \"password\": \"$2a$10$vSDOQbo7ksIHc8EtDd8P2.JCcEDrXox4EUp8PnokWPf.F4j4gwtgu\",\n            \"tempat_lahir\": \"Magetan\",\n            \"tanggal_lahir\": \"1964-11-06T01:50:28.367Z\",\n            \"provinsi\": \"Sulawesi Utara\",\n            \"kota\": \"Trenggalek\",\n            \"kecamatan\": \"Tajinan\",\n            \"alamat\": \"Dk. Wyman no 6\",\n            \"nik\": \"5340667637148158\",\n            \"foto_profile\": null,\n            \"foto_diri\": \"https://cloudflare-ipfs.com/ipfs/Qmd3W5DuhgHirLHGVixi6V76LhCkZUz6pnFt5AJBiyvHye/avatar/490.jpg\",\n            \"foto_ktp\": \"https://cloudflare-ipfs.com/ipfs/Qmd3W5DuhgHirLHGVixi6V76LhCkZUz6pnFt5AJBiyvHye/avatar/517.jpg\",\n            \"created_at\": \"2024-09-11T08:03:29.535Z\",\n            \"updated_at\": null,\n            \"otp\": null\n        },\n        {\n            \"id\": \"0133efc7-bfae-4b81-8b55-9eab072bdf6e\",\n            \"nama\": \"Dadap Prayoga\",\n            \"no_hp\": \"6230913959271\",\n            \"role\": \"BASIC\",\n            \"status\": \"TIDAK AKTIF\",\n            \"password\": \"$2a$10$q2xas87Q8dzh3w0eIWoFveL/1XgzBNK21wTlWXaROQfNWc8zxOtQK\",\n            \"tempat_lahir\": \"Kediri\",\n            \"tanggal_lahir\": \"1953-01-17T00:34:55.888Z\",\n            \"provinsi\": \"Jawa Barat\",\n            \"kota\": \"Cianjur\",\n            \"kecamatan\": \"Tajinan\",\n            \"alamat\": \"Gg. Novi no 81\",\n            \"nik\": \"9087356128521477\",\n            \"foto_profile\": null,\n            \"foto_diri\": \"https://avatars.githubusercontent.com/u/74770294\",\n            \"foto_ktp\": \"https://cloudflare-ipfs.com/ipfs/Qmd3W5DuhgHirLHGVixi6V76LhCkZUz6pnFt5AJBiyvHye/avatar/235.jpg\",\n            \"created_at\": \"2024-09-11T08:03:29.535Z\",\n            \"updated_at\": null,\n            \"otp\": null\n        },\n        {\n            \"id\": \"807efaae-8f05-4652-830d-cd7f0079ccc7\",\n            \"nama\": \"Uda Uda Habibi\",\n            \"no_hp\": \"6291596201410\",\n            \"role\": \"BASIC\",\n            \"status\": \"TIDAK AKTIF\",\n            \"password\": \"$2a$10$HJ2Vu9z6AMwRDlOoP.xntulz75z9ImiUZ0oxIQpv4ksJWncqyxyMC\",\n            \"tempat_lahir\": \"Bangli\",\n            \"tanggal_lahir\": \"1978-12-14T12:05:39.899Z\",\n            \"provinsi\": \"Maluku\",\n            \"kota\": \"Serang\",\n            \"kecamatan\": \"Tajinan\",\n            \"alamat\": \"Ds. Pardi no 3\",\n            \"nik\": \"1386657157126356\",\n            \"foto_profile\": null,\n            \"foto_diri\": \"https://cloudflare-ipfs.com/ipfs/Qmd3W5DuhgHirLHGVixi6V76LhCkZUz6pnFt5AJBiyvHye/avatar/853.jpg\",\n            \"foto_ktp\": \"https://avatars.githubusercontent.com/u/72971371\",\n            \"created_at\": \"2024-09-11T08:03:29.536Z\",\n            \"updated_at\": null,\n            \"otp\": null\n        },\n        {\n            \"id\": \"38d7de38-0e0c-47c0-a473-848b5cbfa8d9\",\n            \"nama\": \"Febriana Febriana Nuraini\",\n            \"no_hp\": \"6273129888074\",\n            \"role\": \"BASIC\",\n            \"status\": \"TIDAK AKTIF\",\n            \"password\": \"$2a$10$.Y00BhAdTOMPjhkJ8oj8re.PmdVs/GquWlXzkkdmVFMLZWcvLnqL.\",\n            \"tempat_lahir\": \"Masamba\",\n            \"tanggal_lahir\": \"1970-11-08T06:10:13.726Z\",\n            \"provinsi\": \"Sulawesi Selatan\",\n            \"kota\": \"Anyer\",\n            \"kecamatan\": \"Tajinan\",\n            \"alamat\": \"Ki. Bernier no 6\",\n            \"nik\": \"2545813664011562\",\n            \"foto_profile\": null,\n            \"foto_diri\": \"https://avatars.githubusercontent.com/u/95505923\",\n            \"foto_ktp\": \"https://cloudflare-ipfs.com/ipfs/Qmd3W5DuhgHirLHGVixi6V76LhCkZUz6pnFt5AJBiyvHye/avatar/986.jpg\",\n            \"created_at\": \"2024-09-11T08:03:29.536Z\",\n            \"updated_at\": null,\n            \"otp\": null\n        },\n        {\n            \"id\": \"a3ff77d9-6196-40cb-b095-7e89d0a85883\",\n            \"nama\": \"Putra Zaki\",\n            \"no_hp\": \"6228025632006\",\n            \"role\": \"BASIC\",\n            \"status\": \"TIDAK AKTIF\",\n            \"password\": \"$2a$10$YflDn.iLjd6YOU7eCGSlxOTVrtKncZtgel0eFMeO9SYiUD/l8v8cG\",\n            \"tempat_lahir\": \"Masamba\",\n            \"tanggal_lahir\": \"1950-03-01T20:24:55.104Z\",\n            \"provinsi\": \"Jawa Barat\",\n            \"kota\": \"Masamba\",\n            \"kecamatan\": \"Tajinan\",\n            \"alamat\": \"Ds. Lakin no 2\",\n            \"nik\": \"5054672508666987\",\n            \"foto_profile\": null,\n            \"foto_diri\": \"https://avatars.githubusercontent.com/u/55464505\",\n            \"foto_ktp\": \"https://avatars.githubusercontent.com/u/10852508\",\n            \"created_at\": \"2024-09-11T08:03:29.536Z\",\n            \"updated_at\": null,\n            \"otp\": null\n        },\n        {\n            \"id\": \"6f3a4d40-6347-49f4-9153-3e2f8bc27d5a\",\n            \"nama\": \"Ananda Citra\",\n            \"no_hp\": \"6283928383608\",\n            \"role\": \"BASIC\",\n            \"status\": \"TIDAK AKTIF\",\n            \"password\": \"$2a$10$wff1A3hlkO/7bOkvbe2Ic.SWO5OhquAkXXJqlVpxvtZtVFiop1gVi\",\n            \"tempat_lahir\": \"Buol\",\n            \"tanggal_lahir\": \"1990-09-25T20:58:49.981Z\",\n            \"provinsi\": \"Papua Selatan\",\n            \"kota\": \"Negara\",\n            \"kecamatan\": \"Tajinan\",\n            \"alamat\": \"Gg. Jumadi no 8\",\n            \"nik\": \"6985835425751841\",\n            \"foto_profile\": null,\n            \"foto_diri\": \"https://avatars.githubusercontent.com/u/90943143\",\n            \"foto_ktp\": \"https://avatars.githubusercontent.com/u/35113752\",\n            \"created_at\": \"2024-09-11T08:03:29.536Z\",\n            \"updated_at\": null,\n            \"otp\": null\n        },\n        {\n            \"id\": \"4ef75eec-87ff-48a3-bd1c-a1f1d122ce17\",\n            \"nama\": \"Aulia Kusuma\",\n            \"no_hp\": \"6231161491918\",\n            \"role\": \"BASIC\",\n            \"status\": \"TIDAK AKTIF\",\n            \"password\": \"$2a$10$P82e/UwwJacx15oufw7b1u89eljtZ1IcK9rQpZC7gJSmkCSYc6l2O\",\n            \"tempat_lahir\": \"Blitar\",\n            \"tanggal_lahir\": \"1992-04-28T16:39:58.917Z\",\n            \"provinsi\": \"Gorontalo\",\n            \"kota\": \"Kendal\",\n            \"kecamatan\": \"Tajinan\",\n            \"alamat\": \"Ds. Mursita no 36\",\n            \"nik\": \"7998280474403042\",\n            \"foto_profile\": null,\n            \"foto_diri\": \"https://avatars.githubusercontent.com/u/55017566\",\n            \"foto_ktp\": \"https://cloudflare-ipfs.com/ipfs/Qmd3W5DuhgHirLHGVixi6V76LhCkZUz6pnFt5AJBiyvHye/avatar/1130.jpg\",\n            \"created_at\": \"2024-09-11T08:03:29.537Z\",\n            \"updated_at\": null,\n            \"otp\": null\n        },\n        {\n            \"id\": \"074304f3-2fe9-4dd3-813d-2b388d328ba8\",\n            \"nama\": \"john cena\",\n            \"no_hp\": \"088765467889\",\n            \"role\": \"BASIC\",\n            \"status\": \"TIDAK AKTIF\",\n            \"password\": \"$2a$10$dsI8CggusaOS6.UZxe5hFef5XracW5JGLT1Qm3sfg0znI1FBYaHLa\",\n            \"tempat_lahir\": \"Malang\",\n            \"tanggal_lahir\": \"1995-08-15T00:00:00.000Z\",\n            \"provinsi\": \"Jawa Timur\",\n            \"kota\": \"Malang\",\n            \"kecamatan\": \"Klojen\",\n            \"alamat\": \"Jl. Sudirman No. 123\",\n            \"nik\": \"1234567890123456\",\n            \"foto_profile\": null,\n            \"foto_diri\": \"/uploads/foto_diri/1726069832928-Screenshot 2024-09-11 182322.png\",\n            \"foto_ktp\": \"/uploads/foto_ktp/1726069832930-Screenshot 2024-09-11 182246.png\",\n            \"created_at\": \"2024-09-11T22:50:33.019Z\",\n            \"updated_at\": null,\n            \"otp\": null\n        },\n        {\n            \"id\": \"a6fa9182-f76b-460c-9581-49542fb7b64f\",\n            \"nama\": \"budi santoso\",\n            \"no_hp\": \"6281234567891\",\n            \"role\": \"BASIC\",\n            \"status\": \"AKTIF\",\n            \"password\": \"$2a$10$anWezOdiWLFGN9ySK5lcPeJhymeIG4ZS/mO6JeNnt2wGDvgxFkfn6\",\n            \"tempat_lahir\": \"Surabaya\",\n            \"tanggal_lahir\": \"2024-09-11T08:03:28.769Z\",\n            \"provinsi\": \"Jawa Timur\",\n            \"kota\": \"Surabaya\",\n            \"kecamatan\": \"Wonokromo\",\n            \"alamat\": \"Jl. Darmo No. 10\",\n            \"nik\": \"3501234567890124\",\n            \"foto_profile\": null,\n            \"foto_diri\": \"https://coursius.com/storage/images/thumb/2021_04_08_12_24_32_b46a6b4bb45b6863c78df7e2524b48ae_900x450_thumb.jpg\",\n            \"foto_ktp\": \"https://image.jpnn.com/resize/1200x800-80/arsip/normal/2021/09/01/tangkapan-layar-contoh-e-ktp-yang-sudah-diberi-watermark-fot-hxj6.jpg\",\n            \"created_at\": \"2024-09-11T08:03:28.769Z\",\n            \"updated_at\": null,\n            \"otp\": null\n        }\n    ]\n}"}]},{"name":"Get User By id","id":"8340df77-447f-4dad-a589-6ed0e27f4f8c","protocolProfileBehavior":{"disableBodyPruning":true},"request":{"auth":{"type":"bearer","bearer":[{"key":"token","value":"{{jwtToken}}","type":"string"}]},"method":"GET","header":[],"url":{"raw":"{{baseUrl}}/user/20fc5890-2fd6-4ddb-9070-ee8fbe01bb4f","host":["{{baseUrl}}"],"path":["user","20fc5890-2fd6-4ddb-9070-ee8fbe01bb4f"]}},"response":[]},{"name":"Update User","id":"3073ea8c-1058-445a-b70c-2f734a0fb14f","protocolProfileBehavior":{"disableBodyPruning":true},"request":{"auth":{"type":"bearer","bearer":[{"key":"token","value":"{{jwtToken}}","type":"string"}]},"method":"PUT","header":[],"body":{"mode":"formdata","formdata":[{"key":"nama","value":"kapal laut","type":"text"},{"key":"foto_profile","type":"file","fileNotInWorkingDirectoryWarning":"This file isn't in your working directory. Teammates you share this request with won't be able to use this file. To make collaboration easier you can setup your working directory in Settings.","filesNotInWorkingDirectory":["/C:/Users/DELL/OneDrive/Gambar/Screenshot 2023-10-15 221739.png"],"src":"/C:/Users/DELL/OneDrive/Gambar/Screenshot 2023-10-15 221739.png","disabled":true}]},"url":{"raw":"{{baseUrl}}/user/893fee3a-d2ed-436f-b666-4a3ac9ccaf1e","host":["{{baseUrl}}"],"path":["user","893fee3a-d2ed-436f-b666-4a3ac9ccaf1e"]}},"response":[]},{"name":"Delete User","id":"b9ee544c-f4c7-4661-8d49-ed0cd5319991","protocolProfileBehavior":{"disableBodyPruning":true},"request":{"auth":{"type":"bearer","bearer":[{"key":"token","value":"{{jwtToken}}","type":"string"}]},"method":"DELETE","header":[],"url":{"raw":"{{baseUrl}}/user/58140489-dbf6-4d20-9197-9afc1db0dff5","host":["{{baseUrl}}"],"path":["user","58140489-dbf6-4d20-9197-9afc1db0dff5"]}},"response":[]},{"name":"Reject User","id":"bb795649-e33d-4b18-b076-b046315830df","protocolProfileBehavior":{"disableBodyPruning":true},"request":{"auth":{"type":"bearer","bearer":[{"key":"token","value":"{{jwtToken}}","type":"string"}]},"method":"PUT","header":[],"body":{"mode":"raw","raw":"{\r\n    \"message\":\"salah foto coba kirim foto yang lain\"\r\n}","options":{"raw":{"language":"json"}}},"url":{"raw":"{{baseUrl}}/user/reject/3a84d1d6-82fa-4a01-84de-f6d8f86ea790","host":["{{baseUrl}}"],"path":["user","reject","3a84d1d6-82fa-4a01-84de-f6d8f86ea790"]}},"response":[{"id":"219bfc2a-dbb5-4dc1-85a4-19252f8e9818","name":"reject","originalRequest":{"method":"PUT","header":[],"body":{"mode":"raw","raw":"{\r\n    \"message\":\"salah foto coba kirim foto yang lain\"\r\n}","options":{"raw":{"language":"json"}}},"url":{"raw":"{{baseUrl}}/user/reject/3a84d1d6-82fa-4a01-84de-f6d8f86ea790","host":["{{baseUrl}}"],"path":["user","reject","3a84d1d6-82fa-4a01-84de-f6d8f86ea790"]}},"status":"OK","code":200,"_postman_previewlanguage":"json","header":[{"key":"X-Powered-By","value":"Express"},{"key":"Access-Control-Allow-Origin","value":"*"},{"key":"Content-Type","value":"application/json; charset=utf-8"},{"key":"Content-Length","value":"27"},{"key":"ETag","value":"W/\"1b-g3UCQY0U1C13V5YPg+2hav8SdC8\""},{"key":"Date","value":"Tue, 10 Sep 2024 01:57:27 GMT"},{"key":"Connection","value":"keep-alive"},{"key":"Keep-Alive","value":"timeout=5"}],"cookie":[],"responseTime":null,"body":"{\n    \"message\": \"User rejected\"\n}"}]},{"name":"Get Phone Admin","id":"736dc540-92be-4916-ad4c-739db6342cdf","protocolProfileBehavior":{"disableBodyPruning":true},"request":{"auth":{"type":"bearer","bearer":[{"key":"token","value":"{{jwtToken}}","type":"string"}]},"method":"GET","header":[],"url":{"raw":"{{baseUrl}}/user/phone-number","host":["{{baseUrl}}"],"path":["user","phone-number"]}},"response":[]},{"name":"Upgrade Platinum","id":"fabfb8fd-1a22-4a49-8884-1398a6d125da","protocolProfileBehavior":{"disableBodyPruning":true},"request":{"auth":{"type":"bearer","bearer":[{"key":"token","value":"{{jwtToken}}","type":"string"}]},"method":"POST","header":[],"body":{"mode":"formdata","formdata":[{"key":"nama_bank","value":"BRI","type":"text"},{"key":"no_rekening","value":"44444444444","type":"text"},{"key":"nama_pemilik_rekening","value":"MOCHAMMAD ZAKY ZAMRONI","type":"text"},{"key":"nominal","value":"2500000","type":"text"},{"key":"bukti_pembayaran","type":"file","src":"postman-cloud:///1ef699d5-67f7-43f0-b3ff-e21d3202bfc1"}]},"url":{"raw":"{{baseUrl}}/user/upgrade-platinum","host":["{{baseUrl}}"],"path":["user","upgrade-platinum"]}},"response":[{"id":"28baeb64-2bc6-4f02-9b1f-87ae1f82def9","name":"Topup Saldo","originalRequest":{"method":"POST","header":[],"body":{"mode":"formdata","formdata":[{"key":"nama_bank","value":"JAGO","type":"text"},{"key":"no_rekening","value":"989898","type":"text"},{"key":"nama_pemilik_rekening","value":"alimurrofid","type":"text"},{"key":"nominal","value":"150000","type":"text"},{"key":"bukti_pembayaran","type":"file","src":"postman-cloud:///1ef699d5-67f7-43f0-b3ff-e21d3202bfc1"}]},"url":{"raw":"{{baseUrl}}/topup/pay-topup","host":["{{baseUrl}}"],"path":["topup","pay-topup"]}},"status":"Created","code":201,"_postman_previewlanguage":"json","header":[{"key":"X-Powered-By","value":"Express"},{"key":"Access-Control-Allow-Origin","value":"*"},{"key":"Content-Type","value":"application/json; charset=utf-8"},{"key":"Content-Length","value":"58"},{"key":"ETag","value":"W/\"3a-LOxphLKbEHS/kM7+4p0so1wfwsI\""},{"key":"Date","value":"Tue, 17 Sep 2024 06:49:18 GMT"},{"key":"Connection","value":"keep-alive"},{"key":"Keep-Alive","value":"timeout=5"}],"cookie":[],"responseTime":null,"body":"{\n    \"message\": \"Topup created, awaiting payment confirmation\"\n}"}]},{"name":"acc upgrade","id":"7c653a48-0aaa-4a5a-b019-af8c82298601","protocolProfileBehavior":{"disableBodyPruning":true},"request":{"auth":{"type":"bearer","bearer":[{"key":"token","value":"{{jwtToken}}","type":"string"}]},"method":"POST","header":[],"body":{"mode":"raw","raw":"{\r\n    \"id\":\"d25bc311-8da5-44fa-b593-0760eed283bd\"\r\n}","options":{"raw":{"language":"json"}}},"url":{"raw":"{{baseUrl}}/user/acc-upgrade-platinum","host":["{{baseUrl}}"],"path":["user","acc-upgrade-platinum"]}},"response":[]},{"name":"Get Count User","id":"270debc3-c115-4a53-8b74-ae41ceac41f1","protocolProfileBehavior":{"disableBodyPruning":true},"request":{"auth":{"type":"bearer","bearer":[{"key":"token","value":"{{jwtToken}}","type":"string"}]},"method":"GET","header":[],"url":{"raw":"{{baseUrl}}/user/count","host":["{{baseUrl}}"],"path":["user","count"]}},"response":[{"id":"e39deaff-6a10-4037-812e-2ae2425f88ed","name":"Get Count User","originalRequest":{"method":"GET","header":[],"url":{"raw":"{{baseUrl}}/user/count","host":["{{baseUrl}}"],"path":["user","count"]}},"status":"OK","code":200,"_postman_previewlanguage":"json","header":[{"key":"X-Powered-By","value":"Express"},{"key":"Access-Control-Allow-Origin","value":"*"},{"key":"Content-Type","value":"application/json; charset=utf-8"},{"key":"Content-Length","value":"11"},{"key":"ETag","value":"W/\"b-0K0bxaObZI0DgTfzpXC7X9o2L6w\""},{"key":"Date","value":"Mon, 23 Sep 2024 03:25:43 GMT"},{"key":"Connection","value":"keep-alive"},{"key":"Keep-Alive","value":"timeout=5"}],"cookie":[],"responseTime":null,"body":"{\n    \"data\": 13\n}"}]}],"variable":[{"id":"779f8248-c782-4376-b6eb-c112c627a8e6","key":"baseUrl","value":"http:\\\\localhost:3000"}]}