{"info":{"_postman_id":"37f996b9-2aa5-49f3-82dd-cb166fda7344","name":"Project Report","schema":"https://schema.getpostman.com/json/collection/v2.1.0/collection.json"},"item":[{"name":"Create Report","id":"1b4f9a8b-f242-4557-9ae2-c460281fc8a7","protocolProfileBehavior":{"disableBodyPruning":true},"request":{"auth":{"type":"bearer","bearer":[{"key":"token","value":"{{jwtToken}}","type":"string"}]},"method":"POST","header":[],"body":{"mode":"raw","raw":"{\r\n    \"id_projek\" : \"87c50f6a-93e5-436e-a81d-74367e550fa0\",\r\n    \"judul\" : \"tes 3\",\r\n    \"jenis_laporan\" : \"UNTUNG\",\r\n    \"nominal\" : 8000000,\r\n    \"modal\" : 3000000\r\n}","options":{"raw":{"language":"json"}}},"url":{"raw":"{{baseUrl}}/project-report","host":["{{baseUrl}}"],"path":["project-report"]}},"response":[{"id":"8544ea51-4276-4191-b746-d65898cd2e77","name":"Create Report","originalRequest":{"method":"POST","header":[],"body":{"mode":"formdata","formdata":[{"key":"id_projek","value":"e4ca256a-02ae-43b0-b6ff-b702346f7789","type":"text"},{"key":"judul","value":"Nyoba Project Report","type":"text"},{"key":"jenis_laporan","value":"UNTUNG","type":"text"},{"key":"nominal","value":"1000000","type":"text"},{"key":"laporan","type":"file","src":"/C:/Users/DELL/OneDrive/Documents/laporan_testcase.pdf"}]},"url":{"raw":"{{baseUrl}}/project-report","host":["{{baseUrl}}"],"path":["project-report"]}},"status":"Created","code":201,"_postman_previewlanguage":"json","header":[{"key":"X-Powered-By","value":"Express"},{"key":"Access-Control-Allow-Origin","value":"*"},{"key":"Content-Type","value":"application/json; charset=utf-8"},{"key":"Content-Length","value":"49"},{"key":"ETag","value":"W/\"31-PQ/xP4LeIjVwsdgau9DJK04udts\""},{"key":"Date","value":"Tue, 10 Sep 2024 04:27:48 GMT"},{"key":"Connection","value":"keep-alive"},{"key":"Keep-Alive","value":"timeout=5"}],"cookie":[],"responseTime":null,"body":"{\n    \"message\": \"Project report successfully created\"\n}"}]},{"name":"Get All Report","id":"ad4a0c1d-2c58-4c13-86f5-c16f19f79e41","protocolProfileBehavior":{"disableBodyPruning":true},"request":{"auth":{"type":"bearer","bearer":[{"key":"token","value":"{{jwtToken}}","type":"string"}]},"method":"GET","header":[],"url":{"raw":"{{baseUrl}}/project-report","host":["{{baseUrl}}"],"path":["project-report"]}},"response":[{"id":"1a180b64-3c84-431d-811b-df3a98a83c4b","name":"Get All Report","originalRequest":{"method":"GET","header":[],"url":{"raw":"{{baseUrl}}/project-report","host":["{{baseUrl}}"],"path":["project-report"]}},"status":"OK","code":200,"_postman_previewlanguage":"json","header":[{"key":"X-Powered-By","value":"Express"},{"key":"Access-Control-Allow-Origin","value":"*"},{"key":"Content-Type","value":"application/json; charset=utf-8"},{"key":"Content-Length","value":"26433"},{"key":"ETag","value":"W/\"6741-1lSJ6LfHrTapzSqA+bq91sCtBR4\""},{"key":"Date","value":"Mon, 14 Oct 2024 04:58:47 GMT"},{"key":"Connection","value":"keep-alive"},{"key":"Keep-Alive","value":"timeout=5"}],"cookie":[],"responseTime":null,"body":"{\n    \"data\": [\n        {\n            \"id\": \"e0ab9b5a-1a5d-4472-b9be-8357d926ced7\",\n            \"id_projek\": \"9639590d-f680-487c-bdb5-3423648fbde7\",\n            \"judul\": \"Itaque aestivus canis.\",\n            \"jenis_laporan\": \"RUGI\",\n            \"nominal\": 8687774,\n            \"laporan\": \"https://avatars.githubusercontent.com/u/33348221\",\n            \"created_at\": \"2024-10-09T01:00:28.047Z\",\n            \"updated_at\": null,\n            \"project\": {\n                \"id\": \"9639590d-f680-487c-bdb5-3423648fbde7\",\n                \"id_user\": \"9b157826-7853-4311-98fb-0c8c4a6e4172\",\n                \"id_kategori\": \"3a2a923b-3280-497a-949e-4573de48e2eb\",\n                \"judul\": \"consequuntur solium statim\",\n                \"deskripsi\": \"Consequuntur solium subnecto ad vorax calco depereo.\",\n                \"nominal\": 93128440,\n                \"asset_jaminan\": \"credo\",\n                \"nilai_jaminan\": 68125727,\n                \"lokasi_usaha\": \"Sukabumi\",\n                \"detail_lokasi\": \"Jr. Wyman no 5\",\n                \"brosur_produk\": \"https://picsum.photos/seed/wco2ah2/640/480\",\n                \"pendapatan_perbulan\": 8066511,\n                \"pengeluaran_perbulan\": 652059,\n                \"report_progress\": \"1\",\n                \"dokumen_proyeksi\": \"https://loremflickr.com/640/480?lock=8208116764114944\",\n                \"status\": \"DRAFT\",\n                \"nominal_disetujui\": null,\n                \"harga_per_unit\": null,\n                \"jumlah_koin\": null,\n                \"minimal_pembelian\": null,\n                \"maksimal_pembelian\": null,\n                \"mulai_penggalangan_dana\": null,\n                \"selesai_penggalangan_dana\": null,\n                \"dokumen_prospektus\": null,\n                \"created_at\": \"2024-10-09T08:48:23.033Z\",\n                \"updated_at\": null,\n                \"user\": {\n                    \"id\": \"9b157826-7853-4311-98fb-0c8c4a6e4172\",\n                    \"nama\": \"Kusumo Viman\",\n                    \"no_hp\": \"6213270348362\",\n                    \"role\": \"BASIC\",\n                    \"status\": \"TIDAK AKTIF\",\n                    \"password\": \"$2a$10$/JWgo.IMtp7yjdqMLgx.oeQVysSG/fijehQqNxtq4J1LYmeYJwkA6\",\n                    \"tempat_lahir\": \"Bungku\",\n                    \"tanggal_lahir\": \"2024-09-09\",\n                    \"provinsi\": \"35\",\n                    \"kota\": \"35.73\",\n                    \"kecamatan\": \"35.73.04\",\n                    \"alamat\": \"Ki. Jaswadi no 99\",\n                    \"nik\": \"7056922924769673\",\n                    \"foto_profile\": null,\n                    \"foto_diri\": \"https://avatars.githubusercontent.com/u/8319\",\n                    \"foto_ktp\": \"https://avatars.githubusercontent.com/u/76988524\",\n                    \"created_at\": \"2024-10-09T01:48:23.002Z\",\n                    \"updated_at\": null,\n                    \"otp\": null\n                },\n                \"kategori\": {\n                    \"id\": \"3a2a923b-3280-497a-949e-4573de48e2eb\",\n                    \"kategori\": \"Pertanian\",\n                    \"created_at\": \"2024-10-09T01:48:23.020Z\",\n                    \"updated_at\": null\n                },\n                \"dokumenTambahan\": [\n                    {\n                        \"id\": \"9cba0909-4afc-4a0b-8cc9-89605f21dcd5\",\n                        \"id_projek\": \"9639590d-f680-487c-bdb5-3423648fbde7\",\n                        \"dokumen\": \"https://encrypted-tbn0.gstatic.com/images?q=tbn:ANd9GcRm7Ed-GxL_MOmlJj7Zo2pzKtOdS9gKBDHxTA&s\",\n                        \"created_at\": \"2024-10-09T01:48:23.038Z\",\n                        \"updated_at\": null\n                    },\n                    {\n                        \"id\": \"b8805f0e-e8fd-4a47-9503-24f328588f64\",\n                        \"id_projek\": \"9639590d-f680-487c-bdb5-3423648fbde7\",\n                        \"dokumen\": \"https://picsum.photos/seed/N87CKTbp/640/480\",\n                        \"created_at\": \"2024-10-09T01:48:23.039Z\",\n                        \"updated_at\": null\n                    },\n                    {\n                        \"id\": \"774af197-cac7-4a3b-9753-8a1e94f327f7\",\n                        \"id_projek\": \"9639590d-f680-487c-bdb5-3423648fbde7\",\n                        \"dokumen\": \"https://loremflickr.com/640/480?lock=5462376453242880\",\n                        \"created_at\": \"2024-10-09T01:48:23.038Z\",\n                        \"updated_at\": null\n                    }\n                ]\n            }\n        },\n        {\n            \"id\": \"a7372af2-6ea0-4662-a190-bdcd64121571\",\n            \"id_projek\": \"848fdf64-a0f8-4dc4-8cc3-81678734edca\",\n            \"judul\": \"Vilis paens cognatus thesis vulgus deduco temperantia theologus pecto.\",\n            \"jenis_laporan\": \"UNTUNG\",\n            \"nominal\": 7067016,\n            \"laporan\": \"https://avatars.githubusercontent.com/u/83485177\",\n            \"created_at\": \"2024-10-08T20:14:25.806Z\",\n            \"updated_at\": null,\n            \"project\": {\n                \"id\": \"848fdf64-a0f8-4dc4-8cc3-81678734edca\",\n                \"id_user\": \"0937d7fc-8aa2-4ce5-b437-64b755ce5ff6\",\n                \"id_kategori\": \"4384b0fd-e8ce-4e87-b2b4-97302c506b73\",\n                \"judul\": \"Proyek Jual Beli\",\n                \"deskripsi\": \"Proyek Jual Beli T-Rex\",\n                \"nominal\": 20000000,\n                \"asset_jaminan\": \"Tanah\",\n                \"nilai_jaminan\": 40000000,\n                \"lokasi_usaha\": \"Malang\",\n                \"detail_lokasi\": \"Jl. Raya Tlogomas No. 246\",\n                \"brosur_produk\": \"https://everpro.id/blog/contoh-brosur-minuman/\",\n                \"pendapatan_perbulan\": 2000000,\n                \"pengeluaran_perbulan\": 500000,\n                \"report_progress\": \"3\",\n                \"dokumen_proyeksi\": \"https://encrypted-tbn0.gstatic.com/images?q=tbn:ANd9GcRm7Ed-GxL_MOmlJj7Zo2pzKtOdS9gKBDHxTA&s\",\n                \"status\": \"APPROVAL\",\n                \"nominal_disetujui\": 20000000,\n                \"harga_per_unit\": 1000000,\n                \"jumlah_koin\": 20,\n                \"minimal_pembelian\": 1,\n                \"maksimal_pembelian\": 20,\n                \"mulai_penggalangan_dana\": null,\n                \"selesai_penggalangan_dana\": null,\n                \"dokumen_prospektus\": null,\n                \"created_at\": \"2023-05-10T13:39:24.000Z\",\n                \"updated_at\": null,\n                \"user\": {\n                    \"id\": \"0937d7fc-8aa2-4ce5-b437-64b755ce5ff6\",\n                    \"nama\": \"alimurrofid\",\n                    \"no_hp\": \"6281234567890\",\n                    \"role\": \"ADMIN\",\n                    \"status\": \"AKTIF\",\n                    \"password\": \"$2a$10$wgAl/mWDqAFe5FzmcVnSD.z3zhDuDujgyvh8BPDQJRrx4OeT9KJM2\",\n                    \"tempat_lahir\": \"Malang\",\n                    \"tanggal_lahir\": \"2002-02-02\",\n                    \"provinsi\": \"35\",\n                    \"kota\": \"35.73\",\n                    \"kecamatan\": \"35.73.05\",\n                    \"alamat\": \"Jl. Raya Tlogomas No. 246\",\n                    \"nik\": \"3501234567890123\",\n                    \"foto_profile\": null,\n                    \"foto_diri\": \"https://coursius.com/storage/images/thumb/2021_04_08_12_24_32_b46a6b4bb45b6863c78df7e2524b48ae_900x450_thumb.jpg\",\n                    \"foto_ktp\": \"https://image.jpnn.com/resize/1200x800-80/arsip/normal/2021/09/01/tangkapan-layar-contoh-e-ktp-yang-sudah-diberi-watermark-fot-hxj6.jpg\",\n                    \"created_at\": \"2024-10-09T01:48:22.131Z\",\n                    \"updated_at\": null,\n                    \"otp\": null\n                },\n                \"kategori\": {\n                    \"id\": \"4384b0fd-e8ce-4e87-b2b4-97302c506b73\",\n                    \"kategori\": \"Jual Beli\",\n                    \"created_at\": \"2024-10-09T01:48:23.020Z\",\n                    \"updated_at\": null\n                },\n                \"dokumenTambahan\": [\n                    {\n                        \"id\": \"cd672460-524c-4b25-a64a-b61a82e4d90b\",\n                        \"id_projek\": \"848fdf64-a0f8-4dc4-8cc3-81678734edca\",\n                        \"dokumen\": \"https://loremflickr.com/640/480?lock=1038595475374080\",\n                        \"created_at\": \"2024-10-09T01:48:23.038Z\",\n                        \"updated_at\": null\n                    },\n                    {\n                        \"id\": \"f6ebc941-18f1-4f70-b0f6-9c4da8daa912\",\n                        \"id_projek\": \"848fdf64-a0f8-4dc4-8cc3-81678734edca\",\n                        \"dokumen\": \"https://encrypted-tbn0.gstatic.com/images?q=tbn:ANd9GcRm7Ed-GxL_MOmlJj7Zo2pzKtOdS9gKBDHxTA&s\",\n                        \"created_at\": \"2024-10-09T01:48:23.038Z\",\n                        \"updated_at\": null\n                    },\n                    {\n                        \"id\": \"a2b25f79-e4f4-4f15-a98d-30da17aa103c\",\n                        \"id_projek\": \"848fdf64-a0f8-4dc4-8cc3-81678734edca\",\n                        \"dokumen\": \"https://picsum.photos/seed/DrOSllMA/640/480\",\n                        \"created_at\": \"2024-10-09T01:48:23.038Z\",\n                        \"updated_at\": null\n                    }\n                ]\n            }\n        },\n        {\n            \"id\": \"6e4c15f9-4f29-4fc8-a2ef-7b44ec14710d\",\n            \"id_projek\": \"4a3c0373-9fe7-4b1f-8f34-9835e3ea475f\",\n            \"judul\": \"Pectus utrum velut.\",\n            \"jenis_laporan\": \"UNTUNG\",\n            \"nominal\": 913599,\n            \"laporan\": \"https://cloudflare-ipfs.com/ipfs/Qmd3W5DuhgHirLHGVixi6V76LhCkZUz6pnFt5AJBiyvHye/avatar/510.jpg\",\n            \"created_at\": \"2024-10-08T08:36:35.737Z\",\n            \"updated_at\": null,\n            \"project\": {\n                \"id\": \"4a3c0373-9fe7-4b1f-8f34-9835e3ea475f\",\n                \"id_user\": \"17c470f9-4c6b-4446-8a67-a6fcad6eae8c\",\n                \"id_kategori\": \"4384b0fd-e8ce-4e87-b2b4-97302c506b73\",\n                \"judul\": \"deripio tricesimus viriliter\",\n                \"deskripsi\": \"Somniculosus dedecor asperiores.\",\n                \"nominal\": 29453287,\n                \"asset_jaminan\": \"tyrannus\",\n                \"nilai_jaminan\": 73540711,\n                \"lokasi_usaha\": \"Gianyar\",\n                \"detail_lokasi\": \"Kpg. Danu no 9\",\n                \"brosur_produk\": \"https://loremflickr.com/640/480?lock=1833688193040384\",\n                \"pendapatan_perbulan\": 407261,\n                \"pengeluaran_perbulan\": 952998,\n                \"report_progress\": \"1\",\n                \"dokumen_proyeksi\": \"https://picsum.photos/seed/emWpgK/640/480\",\n                \"status\": \"APPROVAL\",\n                \"nominal_disetujui\": null,\n                \"harga_per_unit\": null,\n                \"jumlah_koin\": null,\n                \"minimal_pembelian\": null,\n                \"maksimal_pembelian\": null,\n                \"mulai_penggalangan_dana\": null,\n                \"selesai_penggalangan_dana\": null,\n                \"dokumen_prospektus\": null,\n                \"created_at\": \"2024-10-09T08:48:23.033Z\",\n                \"updated_at\": null,\n                \"user\": {\n                    \"id\": \"17c470f9-4c6b-4446-8a67-a6fcad6eae8c\",\n                    \"nama\": \"Gabriella Afifah\",\n                    \"no_hp\": \"6288458730649\",\n                    \"role\": \"BASIC\",\n                    \"status\": \"TIDAK AKTIF\",\n                    \"password\": \"$2a$10$UNGRYvGzG105f16KCFc7VeHRm7DFb6rxqrHKycahZ8h9WwwjEMiwW\",\n                    \"tempat_lahir\": \"Bolaang Uki\",\n                    \"tanggal_lahir\": \"2024-01-09\",\n                    \"provinsi\": \"35\",\n                    \"kota\": \"35.73\",\n                    \"kecamatan\": \"35.73.02\",\n                    \"alamat\": \"Ki. Rau no 7\",\n                    \"nik\": \"5170717430532001\",\n                    \"foto_profile\": null,\n                    \"foto_diri\": \"https://cloudflare-ipfs.com/ipfs/Qmd3W5DuhgHirLHGVixi6V76LhCkZUz6pnFt5AJBiyvHye/avatar/1168.jpg\",\n                    \"foto_ktp\": \"https://avatars.githubusercontent.com/u/90368658\",\n                    \"created_at\": \"2024-10-09T01:48:23.003Z\",\n                    \"updated_at\": null,\n                    \"otp\": null\n                },\n                \"kategori\": {\n                    \"id\": \"4384b0fd-e8ce-4e87-b2b4-97302c506b73\",\n                    \"kategori\": \"Jual Beli\",\n                    \"created_at\": \"2024-10-09T01:48:23.020Z\",\n                    \"updated_at\": null\n                },\n                \"dokumenTambahan\": [\n                    {\n                        \"id\": \"f414db6b-c114-4f7c-b56f-599d95013287\",\n                        \"id_projek\": \"4a3c0373-9fe7-4b1f-8f34-9835e3ea475f\",\n                        \"dokumen\": \"https://loremflickr.com/640/480?lock=2775314927190016\",\n                        \"created_at\": \"2024-10-09T01:48:23.038Z\",\n                        \"updated_at\": null\n                    },\n                    {\n                        \"id\": \"fdb60ee1-5849-491c-99cf-293de07c3ef0\",\n                        \"id_projek\": \"4a3c0373-9fe7-4b1f-8f34-9835e3ea475f\",\n                        \"dokumen\": \"https://loremflickr.com/640/480?lock=3597366328295424\",\n                        \"created_at\": \"2024-10-09T01:48:23.038Z\",\n                        \"updated_at\": null\n                    },\n                    {\n                        \"id\": \"dd99720f-674b-4e5c-8b7f-3e4e3762f7e2\",\n                        \"id_projek\": \"4a3c0373-9fe7-4b1f-8f34-9835e3ea475f\",\n                        \"dokumen\": \"https://loremflickr.com/640/480?lock=3476522096656384\",\n                        \"created_at\": \"2024-10-09T01:48:23.038Z\",\n                        \"updated_at\": null\n                    }\n                ]\n            }\n        },\n        {\n            \"id\": \"176cde16-c36f-48c8-b9ae-3aa08753318a\",\n            \"id_projek\": \"848fdf64-a0f8-4dc4-8cc3-81678734edca\",\n            \"judul\": \"Totam omnis neque clamo aestus deprimo cogito aurum ipsa.\",\n            \"jenis_laporan\": \"UNTUNG\",\n            \"nominal\": 5616658,\n            \"laporan\": \"https://cloudflare-ipfs.com/ipfs/Qmd3W5DuhgHirLHGVixi6V76LhCkZUz6pnFt5AJBiyvHye/avatar/606.jpg\",\n            \"created_at\": \"2024-10-08T03:33:05.998Z\",\n            \"updated_at\": null,\n            \"project\": {\n                \"id\": \"848fdf64-a0f8-4dc4-8cc3-81678734edca\",\n                \"id_user\": \"0937d7fc-8aa2-4ce5-b437-64b755ce5ff6\",\n                \"id_kategori\": \"4384b0fd-e8ce-4e87-b2b4-97302c506b73\",\n                \"judul\": \"Proyek Jual Beli\",\n                \"deskripsi\": \"Proyek Jual Beli T-Rex\",\n                \"nominal\": 20000000,\n                \"asset_jaminan\": \"Tanah\",\n                \"nilai_jaminan\": 40000000,\n                \"lokasi_usaha\": \"Malang\",\n                \"detail_lokasi\": \"Jl. Raya Tlogomas No. 246\",\n                \"brosur_produk\": \"https://everpro.id/blog/contoh-brosur-minuman/\",\n                \"pendapatan_perbulan\": 2000000,\n                \"pengeluaran_perbulan\": 500000,\n                \"report_progress\": \"3\",\n                \"dokumen_proyeksi\": \"https://encrypted-tbn0.gstatic.com/images?q=tbn:ANd9GcRm7Ed-GxL_MOmlJj7Zo2pzKtOdS9gKBDHxTA&s\",\n                \"status\": \"APPROVAL\",\n                \"nominal_disetujui\": 20000000,\n                \"harga_per_unit\": 1000000,\n                \"jumlah_koin\": 20,\n                \"minimal_pembelian\": 1,\n                \"maksimal_pembelian\": 20,\n                \"mulai_penggalangan_dana\": null,\n                \"selesai_penggalangan_dana\": null,\n                \"dokumen_prospektus\": null,\n                \"created_at\": \"2023-05-10T13:39:24.000Z\",\n                \"updated_at\": null,\n                \"user\": {\n                    \"id\": \"0937d7fc-8aa2-4ce5-b437-64b755ce5ff6\",\n                    \"nama\": \"alimurrofid\",\n                    \"no_hp\": \"6281234567890\",\n                    \"role\": \"ADMIN\",\n                    \"status\": \"AKTIF\",\n                    \"password\": \"$2a$10$wgAl/mWDqAFe5FzmcVnSD.z3zhDuDujgyvh8BPDQJRrx4OeT9KJM2\",\n                    \"tempat_lahir\": \"Malang\",\n                    \"tanggal_lahir\": \"2002-02-02\",\n                    \"provinsi\": \"35\",\n                    \"kota\": \"35.73\",\n                    \"kecamatan\": \"35.73.05\",\n                    \"alamat\": \"Jl. Raya Tlogomas No. 246\",\n                    \"nik\": \"3501234567890123\",\n                    \"foto_profile\": null,\n                    \"foto_diri\": \"https://coursius.com/storage/images/thumb/2021_04_08_12_24_32_b46a6b4bb45b6863c78df7e2524b48ae_900x450_thumb.jpg\",\n                    \"foto_ktp\": \"https://image.jpnn.com/resize/1200x800-80/arsip/normal/2021/09/01/tangkapan-layar-contoh-e-ktp-yang-sudah-diberi-watermark-fot-hxj6.jpg\",\n                    \"created_at\": \"2024-10-09T01:48:22.131Z\",\n                    \"updated_at\": null,\n                    \"otp\": null\n                },\n                \"kategori\": {\n                    \"id\": \"4384b0fd-e8ce-4e87-b2b4-97302c506b73\",\n                    \"kategori\": \"Jual Beli\",\n                    \"created_at\": \"2024-10-09T01:48:23.020Z\",\n                    \"updated_at\": null\n                },\n                \"dokumenTambahan\": [\n                    {\n                        \"id\": \"cd672460-524c-4b25-a64a-b61a82e4d90b\",\n                        \"id_projek\": \"848fdf64-a0f8-4dc4-8cc3-81678734edca\",\n                        \"dokumen\": \"https://loremflickr.com/640/480?lock=1038595475374080\",\n                        \"created_at\": \"2024-10-09T01:48:23.038Z\",\n                        \"updated_at\": null\n                    },\n                    {\n                        \"id\": \"f6ebc941-18f1-4f70-b0f6-9c4da8daa912\",\n                        \"id_projek\": \"848fdf64-a0f8-4dc4-8cc3-81678734edca\",\n                        \"dokumen\": \"https://encrypted-tbn0.gstatic.com/images?q=tbn:ANd9GcRm7Ed-GxL_MOmlJj7Zo2pzKtOdS9gKBDHxTA&s\",\n                        \"created_at\": \"2024-10-09T01:48:23.038Z\",\n                        \"updated_at\": null\n                    },\n                    {\n                        \"id\": \"a2b25f79-e4f4-4f15-a98d-30da17aa103c\",\n                        \"id_projek\": \"848fdf64-a0f8-4dc4-8cc3-81678734edca\",\n                        \"dokumen\": \"https://picsum.photos/seed/DrOSllMA/640/480\",\n                        \"created_at\": \"2024-10-09T01:48:23.038Z\",\n                        \"updated_at\": null\n                    }\n                ]\n            }\n        },\n        {\n            \"id\": \"8e40ff85-a6f1-48c2-882c-1ee13654eed3\",\n            \"id_projek\": \"5310c3ba-8da7-44f6-9c2d-57363b082aee\",\n            \"judul\": \"Laporan Projek Naga 3\",\n            \"jenis_laporan\": \"UNTUNG\",\n            \"nominal\": 3000000,\n            \"laporan\": \"https://cloudflare-ipfs.com/ipfs/Qmd3W5DuhgHirLHGVixi6V76LhCkZUz6pnFt5AJBiyvHye/avatar/305.jpg\",\n            \"created_at\": \"2024-06-10T13:39:24.000Z\",\n            \"updated_at\": null,\n            \"project\": {\n                \"id\": \"5310c3ba-8da7-44f6-9c2d-57363b082aee\",\n                \"id_user\": \"0937d7fc-8aa2-4ce5-b437-64b755ce5ff6\",\n                \"id_kategori\": \"d74f1f0e-d347-4916-95e4-8b65b90d5e20\",\n                \"judul\": \"Proyek Peternakan\",\n                \"deskripsi\": \"Proyek peternakan naga\",\n                \"nominal\": 10000000,\n                \"asset_jaminan\": \"Tanah\",\n                \"nilai_jaminan\": 20000000,\n                \"lokasi_usaha\": \"Malang\",\n                \"detail_lokasi\": \"Jl. Raya Tlogomas No. 246\",\n                \"brosur_produk\": \"https://everpro.id/blog/contoh-brosur-minuman/\",\n                \"pendapatan_perbulan\": 2000000,\n                \"pengeluaran_perbulan\": 500000,\n                \"report_progress\": \"3\",\n                \"dokumen_proyeksi\": \"https://encrypted-tbn0.gstatic.com/images?q=tbn:ANd9GcRm7Ed-GxL_MOmlJj7Zo2pzKtOdS9gKBDHxTA&s\",\n                \"status\": \"APPROVAL\",\n                \"nominal_disetujui\": 10000000,\n                \"harga_per_unit\": 1000000,\n                \"jumlah_koin\": 10,\n                \"minimal_pembelian\": 1,\n                \"maksimal_pembelian\": 10,\n                \"mulai_penggalangan_dana\": null,\n                \"selesai_penggalangan_dana\": null,\n                \"dokumen_prospektus\": null,\n                \"created_at\": \"2023-05-10T13:39:24.000Z\",\n                \"updated_at\": null,\n                \"user\": {\n                    \"id\": \"0937d7fc-8aa2-4ce5-b437-64b755ce5ff6\",\n                    \"nama\": \"alimurrofid\",\n                    \"no_hp\": \"6281234567890\",\n                    \"role\": \"ADMIN\",\n                    \"status\": \"AKTIF\",\n                    \"password\": \"$2a$10$wgAl/mWDqAFe5FzmcVnSD.z3zhDuDujgyvh8BPDQJRrx4OeT9KJM2\",\n                    \"tempat_lahir\": \"Malang\",\n                    \"tanggal_lahir\": \"2002-02-02\",\n                    \"provinsi\": \"35\",\n                    \"kota\": \"35.73\",\n                    \"kecamatan\": \"35.73.05\",\n                    \"alamat\": \"Jl. Raya Tlogomas No. 246\",\n                    \"nik\": \"3501234567890123\",\n                    \"foto_profile\": null,\n                    \"foto_diri\": \"https://coursius.com/storage/images/thumb/2021_04_08_12_24_32_b46a6b4bb45b6863c78df7e2524b48ae_900x450_thumb.jpg\",\n                    \"foto_ktp\": \"https://image.jpnn.com/resize/1200x800-80/arsip/normal/2021/09/01/tangkapan-layar-contoh-e-ktp-yang-sudah-diberi-watermark-fot-hxj6.jpg\",\n                    \"created_at\": \"2024-10-09T01:48:22.131Z\",\n                    \"updated_at\": null,\n                    \"otp\": null\n                },\n                \"kategori\": {\n                    \"id\": \"d74f1f0e-d347-4916-95e4-8b65b90d5e20\",\n                    \"kategori\": \"Peternakan\",\n                    \"created_at\": \"2024-10-09T01:48:23.020Z\",\n                    \"updated_at\": null\n                },\n                \"dokumenTambahan\": [\n                    {\n                        \"id\": \"f59a6f5c-65c8-48f9-9f61-0607c5ceb147\",\n                        \"id_projek\": \"5310c3ba-8da7-44f6-9c2d-57363b082aee\",\n                        \"dokumen\": \"https://encrypted-tbn0.gstatic.com/images?q=tbn:ANd9GcRm7Ed-GxL_MOmlJj7Zo2pzKtOdS9gKBDHxTA&s\",\n                        \"created_at\": \"2024-10-09T01:48:23.038Z\",\n                        \"updated_at\": null\n                    }\n                ]\n            }\n        },\n        {\n            \"id\": \"0f219d72-a355-433c-a30a-ed265f9e4b0d\",\n            \"id_projek\": \"848fdf64-a0f8-4dc4-8cc3-81678734edca\",\n            \"judul\": \"Laporan Projek T-Rex 3\",\n            \"jenis_laporan\": \"RUGI\",\n            \"nominal\": 400000,\n            \"laporan\": \"https://avatars.githubusercontent.com/u/50426459\",\n            \"created_at\": \"2024-06-10T13:39:24.000Z\",\n            \"updated_at\": null,\n            \"project\": {\n                \"id\": \"848fdf64-a0f8-4dc4-8cc3-81678734edca\",\n                \"id_user\": \"0937d7fc-8aa2-4ce5-b437-64b755ce5ff6\",\n                \"id_kategori\": \"4384b0fd-e8ce-4e87-b2b4-97302c506b73\",\n                \"judul\": \"Proyek Jual Beli\",\n                \"deskripsi\": \"Proyek Jual Beli T-Rex\",\n                \"nominal\": 20000000,\n                \"asset_jaminan\": \"Tanah\",\n                \"nilai_jaminan\": 40000000,\n                \"lokasi_usaha\": \"Malang\",\n                \"detail_lokasi\": \"Jl. Raya Tlogomas No. 246\",\n                \"brosur_produk\": \"https://everpro.id/blog/contoh-brosur-minuman/\",\n                \"pendapatan_perbulan\": 2000000,\n                \"pengeluaran_perbulan\": 500000,\n                \"report_progress\": \"3\",\n                \"dokumen_proyeksi\": \"https://encrypted-tbn0.gstatic.com/images?q=tbn:ANd9GcRm7Ed-GxL_MOmlJj7Zo2pzKtOdS9gKBDHxTA&s\",\n                \"status\": \"APPROVAL\",\n                \"nominal_disetujui\": 20000000,\n                \"harga_per_unit\": 1000000,\n                \"jumlah_koin\": 20,\n                \"minimal_pembelian\": 1,\n                \"maksimal_pembelian\": 20,\n                \"mulai_penggalangan_dana\": null,\n                \"selesai_penggalangan_dana\": null,\n                \"dokumen_prospektus\": null,\n                \"created_at\": \"2023-05-10T13:39:24.000Z\",\n                \"updated_at\": null,\n                \"user\": {\n                    \"id\": \"0937d7fc-8aa2-4ce5-b437-64b755ce5ff6\",\n                    \"nama\": \"alimurrofid\",\n                    \"no_hp\": \"6281234567890\",\n                    \"role\": \"ADMIN\",\n                    \"status\": \"AKTIF\",\n                    \"password\": \"$2a$10$wgAl/mWDqAFe5FzmcVnSD.z3zhDuDujgyvh8BPDQJRrx4OeT9KJM2\",\n                    \"tempat_lahir\": \"Malang\",\n                    \"tanggal_lahir\": \"2002-02-02\",\n                    \"provinsi\": \"35\",\n                    \"kota\": \"35.73\",\n                    \"kecamatan\": \"35.73.05\",\n                    \"alamat\": \"Jl. Raya Tlogomas No. 246\",\n                    \"nik\": \"3501234567890123\",\n                    \"foto_profile\": null,\n                    \"foto_diri\": \"https://coursius.com/storage/images/thumb/2021_04_08_12_24_32_b46a6b4bb45b6863c78df7e2524b48ae_900x450_thumb.jpg\",\n                    \"foto_ktp\": \"https://image.jpnn.com/resize/1200x800-80/arsip/normal/2021/09/01/tangkapan-layar-contoh-e-ktp-yang-sudah-diberi-watermark-fot-hxj6.jpg\",\n                    \"created_at\": \"2024-10-09T01:48:22.131Z\",\n                    \"updated_at\": null,\n                    \"otp\": null\n                },\n                \"kategori\": {\n                    \"id\": \"4384b0fd-e8ce-4e87-b2b4-97302c506b73\",\n                    \"kategori\": \"Jual Beli\",\n                    \"created_at\": \"2024-10-09T01:48:23.020Z\",\n                    \"updated_at\": null\n                },\n                \"dokumenTambahan\": [\n                    {\n                        \"id\": \"cd672460-524c-4b25-a64a-b61a82e4d90b\",\n                        \"id_projek\": \"848fdf64-a0f8-4dc4-8cc3-81678734edca\",\n                        \"dokumen\": \"https://loremflickr.com/640/480?lock=1038595475374080\",\n                        \"created_at\": \"2024-10-09T01:48:23.038Z\",\n                        \"updated_at\": null\n                    },\n                    {\n                        \"id\": \"f6ebc941-18f1-4f70-b0f6-9c4da8daa912\",\n                        \"id_projek\": \"848fdf64-a0f8-4dc4-8cc3-81678734edca\",\n                        \"dokumen\": \"https://encrypted-tbn0.gstatic.com/images?q=tbn:ANd9GcRm7Ed-GxL_MOmlJj7Zo2pzKtOdS9gKBDHxTA&s\",\n                        \"created_at\": \"2024-10-09T01:48:23.038Z\",\n                        \"updated_at\": null\n                    },\n                    {\n                        \"id\": \"a2b25f79-e4f4-4f15-a98d-30da17aa103c\",\n                        \"id_projek\": \"848fdf64-a0f8-4dc4-8cc3-81678734edca\",\n                        \"dokumen\": \"https://picsum.photos/seed/DrOSllMA/640/480\",\n                        \"created_at\": \"2024-10-09T01:48:23.038Z\",\n                        \"updated_at\": null\n                    }\n                ]\n            }\n        },\n        {\n            \"id\": \"659565a2-a7c5-4ba1-8c77-f6006bccc044\",\n            \"id_projek\": \"848fdf64-a0f8-4dc4-8cc3-81678734edca\",\n            \"judul\": \"Laporan Projek T-Rex 2\",\n            \"jenis_laporan\": \"UNTUNG\",\n            \"nominal\": 2000000,\n            \"laporan\": \"https://avatars.githubusercontent.com/u/92522692\",\n            \"created_at\": \"2024-03-10T13:39:24.000Z\",\n            \"updated_at\": null,\n            \"project\": {\n                \"id\": \"848fdf64-a0f8-4dc4-8cc3-81678734edca\",\n                \"id_user\": \"0937d7fc-8aa2-4ce5-b437-64b755ce5ff6\",\n                \"id_kategori\": \"4384b0fd-e8ce-4e87-b2b4-97302c506b73\",\n                \"judul\": \"Proyek Jual Beli\",\n                \"deskripsi\": \"Proyek Jual Beli T-Rex\",\n                \"nominal\": 20000000,\n                \"asset_jaminan\": \"Tanah\",\n                \"nilai_jaminan\": 40000000,\n                \"lokasi_usaha\": \"Malang\",\n                \"detail_lokasi\": \"Jl. Raya Tlogomas No. 246\",\n                \"brosur_produk\": \"https://everpro.id/blog/contoh-brosur-minuman/\",\n                \"pendapatan_perbulan\": 2000000,\n                \"pengeluaran_perbulan\": 500000,\n                \"report_progress\": \"3\",\n                \"dokumen_proyeksi\": \"https://encrypted-tbn0.gstatic.com/images?q=tbn:ANd9GcRm7Ed-GxL_MOmlJj7Zo2pzKtOdS9gKBDHxTA&s\",\n                \"status\": \"APPROVAL\",\n                \"nominal_disetujui\": 20000000,\n                \"harga_per_unit\": 1000000,\n                \"jumlah_koin\": 20,\n                \"minimal_pembelian\": 1,\n                \"maksimal_pembelian\": 20,\n                \"mulai_penggalangan_dana\": null,\n                \"selesai_penggalangan_dana\": null,\n                \"dokumen_prospektus\": null,\n                \"created_at\": \"2023-05-10T13:39:24.000Z\",\n                \"updated_at\": null,\n                \"user\": {\n                    \"id\": \"0937d7fc-8aa2-4ce5-b437-64b755ce5ff6\",\n                    \"nama\": \"alimurrofid\",\n                    \"no_hp\": \"6281234567890\",\n                    \"role\": \"ADMIN\",\n                    \"status\": \"AKTIF\",\n                    \"password\": \"$2a$10$wgAl/mWDqAFe5FzmcVnSD.z3zhDuDujgyvh8BPDQJRrx4OeT9KJM2\",\n                    \"tempat_lahir\": \"Malang\",\n                    \"tanggal_lahir\": \"2002-02-02\",\n                    \"provinsi\": \"35\",\n                    \"kota\": \"35.73\",\n                    \"kecamatan\": \"35.73.05\",\n                    \"alamat\": \"Jl. Raya Tlogomas No. 246\",\n                    \"nik\": \"3501234567890123\",\n                    \"foto_profile\": null,\n                    \"foto_diri\": \"https://coursius.com/storage/images/thumb/2021_04_08_12_24_32_b46a6b4bb45b6863c78df7e2524b48ae_900x450_thumb.jpg\",\n                    \"foto_ktp\": \"https://image.jpnn.com/resize/1200x800-80/arsip/normal/2021/09/01/tangkapan-layar-contoh-e-ktp-yang-sudah-diberi-watermark-fot-hxj6.jpg\",\n                    \"created_at\": \"2024-10-09T01:48:22.131Z\",\n                    \"updated_at\": null,\n                    \"otp\": null\n                },\n                \"kategori\": {\n                    \"id\": \"4384b0fd-e8ce-4e87-b2b4-97302c506b73\",\n                    \"kategori\": \"Jual Beli\",\n                    \"created_at\": \"2024-10-09T01:48:23.020Z\",\n                    \"updated_at\": null\n                },\n                \"dokumenTambahan\": [\n                    {\n                        \"id\": \"f6ebc941-18f1-4f70-b0f6-9c4da8daa912\",\n                        \"id_projek\": \"848fdf64-a0f8-4dc4-8cc3-81678734edca\",\n                        \"dokumen\": \"https://encrypted-tbn0.gstatic.com/images?q=tbn:ANd9GcRm7Ed-GxL_MOmlJj7Zo2pzKtOdS9gKBDHxTA&s\",\n                        \"created_at\": \"2024-10-09T01:48:23.038Z\",\n                        \"updated_at\": null\n                    },\n                    {\n                        \"id\": \"cd672460-524c-4b25-a64a-b61a82e4d90b\",\n                        \"id_projek\": \"848fdf64-a0f8-4dc4-8cc3-81678734edca\",\n                        \"dokumen\": \"https://loremflickr.com/640/480?lock=1038595475374080\",\n                        \"created_at\": \"2024-10-09T01:48:23.038Z\",\n                        \"updated_at\": null\n                    },\n                    {\n                        \"id\": \"a2b25f79-e4f4-4f15-a98d-30da17aa103c\",\n                        \"id_projek\": \"848fdf64-a0f8-4dc4-8cc3-81678734edca\",\n                        \"dokumen\": \"https://picsum.photos/seed/DrOSllMA/640/480\",\n                        \"created_at\": \"2024-10-09T01:48:23.038Z\",\n                        \"updated_at\": null\n                    }\n                ]\n            }\n        },\n        {\n            \"id\": \"03b10444-1493-4a7a-a35e-51eac89a94fe\",\n            \"id_projek\": \"5310c3ba-8da7-44f6-9c2d-57363b082aee\",\n            \"judul\": \"Laporan Projek Naga 2\",\n            \"jenis_laporan\": \"RUGI\",\n            \"nominal\": 2000000,\n            \"laporan\": \"https://avatars.githubusercontent.com/u/1484035\",\n            \"created_at\": \"2024-03-10T13:39:24.000Z\",\n            \"updated_at\": null,\n            \"project\": {\n                \"id\": \"5310c3ba-8da7-44f6-9c2d-57363b082aee\",\n                \"id_user\": \"0937d7fc-8aa2-4ce5-b437-64b755ce5ff6\",\n                \"id_kategori\": \"d74f1f0e-d347-4916-95e4-8b65b90d5e20\",\n                \"judul\": \"Proyek Peternakan\",\n                \"deskripsi\": \"Proyek peternakan naga\",\n                \"nominal\": 10000000,\n                \"asset_jaminan\": \"Tanah\",\n                \"nilai_jaminan\": 20000000,\n                \"lokasi_usaha\": \"Malang\",\n                \"detail_lokasi\": \"Jl. Raya Tlogomas No. 246\",\n                \"brosur_produk\": \"https://everpro.id/blog/contoh-brosur-minuman/\",\n                \"pendapatan_perbulan\": 2000000,\n                \"pengeluaran_perbulan\": 500000,\n                \"report_progress\": \"3\",\n                \"dokumen_proyeksi\": \"https://encrypted-tbn0.gstatic.com/images?q=tbn:ANd9GcRm7Ed-GxL_MOmlJj7Zo2pzKtOdS9gKBDHxTA&s\",\n                \"status\": \"APPROVAL\",\n                \"nominal_disetujui\": 10000000,\n                \"harga_per_unit\": 1000000,\n                \"jumlah_koin\": 10,\n                \"minimal_pembelian\": 1,\n                \"maksimal_pembelian\": 10,\n                \"mulai_penggalangan_dana\": null,\n                \"selesai_penggalangan_dana\": null,\n                \"dokumen_prospektus\": null,\n                \"created_at\": \"2023-05-10T13:39:24.000Z\",\n                \"updated_at\": null,\n                \"user\": {\n                    \"id\": \"0937d7fc-8aa2-4ce5-b437-64b755ce5ff6\",\n                    \"nama\": \"alimurrofid\",\n                    \"no_hp\": \"6281234567890\",\n                    \"role\": \"ADMIN\",\n                    \"status\": \"AKTIF\",\n                    \"password\": \"$2a$10$wgAl/mWDqAFe5FzmcVnSD.z3zhDuDujgyvh8BPDQJRrx4OeT9KJM2\",\n                    \"tempat_lahir\": \"Malang\",\n                    \"tanggal_lahir\": \"2002-02-02\",\n                    \"provinsi\": \"35\",\n                    \"kota\": \"35.73\",\n                    \"kecamatan\": \"35.73.05\",\n                    \"alamat\": \"Jl. Raya Tlogomas No. 246\",\n                    \"nik\": \"3501234567890123\",\n                    \"foto_profile\": null,\n                    \"foto_diri\": \"https://coursius.com/storage/images/thumb/2021_04_08_12_24_32_b46a6b4bb45b6863c78df7e2524b48ae_900x450_thumb.jpg\",\n                    \"foto_ktp\": \"https://image.jpnn.com/resize/1200x800-80/arsip/normal/2021/09/01/tangkapan-layar-contoh-e-ktp-yang-sudah-diberi-watermark-fot-hxj6.jpg\",\n                    \"created_at\": \"2024-10-09T01:48:22.131Z\",\n                    \"updated_at\": null,\n                    \"otp\": null\n                },\n                \"kategori\": {\n                    \"id\": \"d74f1f0e-d347-4916-95e4-8b65b90d5e20\",\n                    \"kategori\": \"Peternakan\",\n                    \"created_at\": \"2024-10-09T01:48:23.020Z\",\n                    \"updated_at\": null\n                },\n                \"dokumenTambahan\": [\n                    {\n                        \"id\": \"f59a6f5c-65c8-48f9-9f61-0607c5ceb147\",\n                        \"id_projek\": \"5310c3ba-8da7-44f6-9c2d-57363b082aee\",\n                        \"dokumen\": \"https://encrypted-tbn0.gstatic.com/images?q=tbn:ANd9GcRm7Ed-GxL_MOmlJj7Zo2pzKtOdS9gKBDHxTA&s\",\n                        \"created_at\": \"2024-10-09T01:48:23.038Z\",\n                        \"updated_at\": null\n                    }\n                ]\n            }\n        },\n        {\n            \"id\": \"dc90c306-dff0-48c6-9531-f91fd7889551\",\n            \"id_projek\": \"848fdf64-a0f8-4dc4-8cc3-81678734edca\",\n            \"judul\": \"Laporan Projek T-Rex 1\",\n            \"jenis_laporan\": \"RUGI\",\n            \"nominal\": 1200000,\n            \"laporan\": \"https://avatars.githubusercontent.com/u/64652861\",\n            \"created_at\": \"2023-12-10T13:39:24.000Z\",\n            \"updated_at\": null,\n            \"project\": {\n                \"id\": \"848fdf64-a0f8-4dc4-8cc3-81678734edca\",\n                \"id_user\": \"0937d7fc-8aa2-4ce5-b437-64b755ce5ff6\",\n                \"id_kategori\": \"4384b0fd-e8ce-4e87-b2b4-97302c506b73\",\n                \"judul\": \"Proyek Jual Beli\",\n                \"deskripsi\": \"Proyek Jual Beli T-Rex\",\n                \"nominal\": 20000000,\n                \"asset_jaminan\": \"Tanah\",\n                \"nilai_jaminan\": 40000000,\n                \"lokasi_usaha\": \"Malang\",\n                \"detail_lokasi\": \"Jl. Raya Tlogomas No. 246\",\n                \"brosur_produk\": \"https://everpro.id/blog/contoh-brosur-minuman/\",\n                \"pendapatan_perbulan\": 2000000,\n                \"pengeluaran_perbulan\": 500000,\n                \"report_progress\": \"3\",\n                \"dokumen_proyeksi\": \"https://encrypted-tbn0.gstatic.com/images?q=tbn:ANd9GcRm7Ed-GxL_MOmlJj7Zo2pzKtOdS9gKBDHxTA&s\",\n                \"status\": \"APPROVAL\",\n                \"nominal_disetujui\": 20000000,\n                \"harga_per_unit\": 1000000,\n                \"jumlah_koin\": 20,\n                \"minimal_pembelian\": 1,\n                \"maksimal_pembelian\": 20,\n                \"mulai_penggalangan_dana\": null,\n                \"selesai_penggalangan_dana\": null,\n                \"dokumen_prospektus\": null,\n                \"created_at\": \"2023-05-10T13:39:24.000Z\",\n                \"updated_at\": null,\n                \"user\": {\n                    \"id\": \"0937d7fc-8aa2-4ce5-b437-64b755ce5ff6\",\n                    \"nama\": \"alimurrofid\",\n                    \"no_hp\": \"6281234567890\",\n                    \"role\": \"ADMIN\",\n                    \"status\": \"AKTIF\",\n                    \"password\": \"$2a$10$wgAl/mWDqAFe5FzmcVnSD.z3zhDuDujgyvh8BPDQJRrx4OeT9KJM2\",\n                    \"tempat_lahir\": \"Malang\",\n                    \"tanggal_lahir\": \"2002-02-02\",\n                    \"provinsi\": \"35\",\n                    \"kota\": \"35.73\",\n                    \"kecamatan\": \"35.73.05\",\n                    \"alamat\": \"Jl. Raya Tlogomas No. 246\",\n                    \"nik\": \"3501234567890123\",\n                    \"foto_profile\": null,\n                    \"foto_diri\": \"https://coursius.com/storage/images/thumb/2021_04_08_12_24_32_b46a6b4bb45b6863c78df7e2524b48ae_900x450_thumb.jpg\",\n                    \"foto_ktp\": \"https://image.jpnn.com/resize/1200x800-80/arsip/normal/2021/09/01/tangkapan-layar-contoh-e-ktp-yang-sudah-diberi-watermark-fot-hxj6.jpg\",\n                    \"created_at\": \"2024-10-09T01:48:22.131Z\",\n                    \"updated_at\": null,\n                    \"otp\": null\n                },\n                \"kategori\": {\n                    \"id\": \"4384b0fd-e8ce-4e87-b2b4-97302c506b73\",\n                    \"kategori\": \"Jual Beli\",\n                    \"created_at\": \"2024-10-09T01:48:23.020Z\",\n                    \"updated_at\": null\n                },\n                \"dokumenTambahan\": [\n                    {\n                        \"id\": \"a2b25f79-e4f4-4f15-a98d-30da17aa103c\",\n                        \"id_projek\": \"848fdf64-a0f8-4dc4-8cc3-81678734edca\",\n                        \"dokumen\": \"https://picsum.photos/seed/DrOSllMA/640/480\",\n                        \"created_at\": \"2024-10-09T01:48:23.038Z\",\n                        \"updated_at\": null\n                    },\n                    {\n                        \"id\": \"cd672460-524c-4b25-a64a-b61a82e4d90b\",\n                        \"id_projek\": \"848fdf64-a0f8-4dc4-8cc3-81678734edca\",\n                        \"dokumen\": \"https://loremflickr.com/640/480?lock=1038595475374080\",\n                        \"created_at\": \"2024-10-09T01:48:23.038Z\",\n                        \"updated_at\": null\n                    },\n                    {\n                        \"id\": \"f6ebc941-18f1-4f70-b0f6-9c4da8daa912\",\n                        \"id_projek\": \"848fdf64-a0f8-4dc4-8cc3-81678734edca\",\n                        \"dokumen\": \"https://encrypted-tbn0.gstatic.com/images?q=tbn:ANd9GcRm7Ed-GxL_MOmlJj7Zo2pzKtOdS9gKBDHxTA&s\",\n                        \"created_at\": \"2024-10-09T01:48:23.038Z\",\n                        \"updated_at\": null\n                    }\n                ]\n            }\n        },\n        {\n            \"id\": \"c7319b9f-78fb-4d32-bb4f-b5db87bf9578\",\n            \"id_projek\": \"5310c3ba-8da7-44f6-9c2d-57363b082aee\",\n            \"judul\": \"Laporan Projek Naga 1\",\n            \"jenis_laporan\": \"UNTUNG\",\n            \"nominal\": 1000000,\n            \"laporan\": \"https://avatars.githubusercontent.com/u/16833611\",\n            \"created_at\": \"2023-12-10T13:39:24.000Z\",\n            \"updated_at\": null,\n            \"project\": {\n                \"id\": \"5310c3ba-8da7-44f6-9c2d-57363b082aee\",\n                \"id_user\": \"0937d7fc-8aa2-4ce5-b437-64b755ce5ff6\",\n                \"id_kategori\": \"d74f1f0e-d347-4916-95e4-8b65b90d5e20\",\n                \"judul\": \"Proyek Peternakan\",\n                \"deskripsi\": \"Proyek peternakan naga\",\n                \"nominal\": 10000000,\n                \"asset_jaminan\": \"Tanah\",\n                \"nilai_jaminan\": 20000000,\n                \"lokasi_usaha\": \"Malang\",\n                \"detail_lokasi\": \"Jl. Raya Tlogomas No. 246\",\n                \"brosur_produk\": \"https://everpro.id/blog/contoh-brosur-minuman/\",\n                \"pendapatan_perbulan\": 2000000,\n                \"pengeluaran_perbulan\": 500000,\n                \"report_progress\": \"3\",\n                \"dokumen_proyeksi\": \"https://encrypted-tbn0.gstatic.com/images?q=tbn:ANd9GcRm7Ed-GxL_MOmlJj7Zo2pzKtOdS9gKBDHxTA&s\",\n                \"status\": \"APPROVAL\",\n                \"nominal_disetujui\": 10000000,\n                \"harga_per_unit\": 1000000,\n                \"jumlah_koin\": 10,\n                \"minimal_pembelian\": 1,\n                \"maksimal_pembelian\": 10,\n                \"mulai_penggalangan_dana\": null,\n                \"selesai_penggalangan_dana\": null,\n                \"dokumen_prospektus\": null,\n                \"created_at\": \"2023-05-10T13:39:24.000Z\",\n                \"updated_at\": null,\n                \"user\": {\n                    \"id\": \"0937d7fc-8aa2-4ce5-b437-64b755ce5ff6\",\n                    \"nama\": \"alimurrofid\",\n                    \"no_hp\": \"6281234567890\",\n                    \"role\": \"ADMIN\",\n                    \"status\": \"AKTIF\",\n                    \"password\": \"$2a$10$wgAl/mWDqAFe5FzmcVnSD.z3zhDuDujgyvh8BPDQJRrx4OeT9KJM2\",\n                    \"tempat_lahir\": \"Malang\",\n                    \"tanggal_lahir\": \"2002-02-02\",\n                    \"provinsi\": \"35\",\n                    \"kota\": \"35.73\",\n                    \"kecamatan\": \"35.73.05\",\n                    \"alamat\": \"Jl. Raya Tlogomas No. 246\",\n                    \"nik\": \"3501234567890123\",\n                    \"foto_profile\": null,\n                    \"foto_diri\": \"https://coursius.com/storage/images/thumb/2021_04_08_12_24_32_b46a6b4bb45b6863c78df7e2524b48ae_900x450_thumb.jpg\",\n                    \"foto_ktp\": \"https://image.jpnn.com/resize/1200x800-80/arsip/normal/2021/09/01/tangkapan-layar-contoh-e-ktp-yang-sudah-diberi-watermark-fot-hxj6.jpg\",\n                    \"created_at\": \"2024-10-09T01:48:22.131Z\",\n                    \"updated_at\": null,\n                    \"otp\": null\n                },\n                \"kategori\": {\n                    \"id\": \"d74f1f0e-d347-4916-95e4-8b65b90d5e20\",\n                    \"kategori\": \"Peternakan\",\n                    \"created_at\": \"2024-10-09T01:48:23.020Z\",\n                    \"updated_at\": null\n                },\n                \"dokumenTambahan\": [\n                    {\n                        \"id\": \"f59a6f5c-65c8-48f9-9f61-0607c5ceb147\",\n                        \"id_projek\": \"5310c3ba-8da7-44f6-9c2d-57363b082aee\",\n                        \"dokumen\": \"https://encrypted-tbn0.gstatic.com/images?q=tbn:ANd9GcRm7Ed-GxL_MOmlJj7Zo2pzKtOdS9gKBDHxTA&s\",\n                        \"created_at\": \"2024-10-09T01:48:23.038Z\",\n                        \"updated_at\": null\n                    }\n                ]\n            }\n        }\n    ]\n}"},{"id":"2e3847a4-1c82-4f40-966c-6db106da05d6","name":"Get All Report With Search & Filter","originalRequest":{"method":"GET","header":[],"url":{"raw":"{{baseUrl}}/project-report?search=Proyek%20Peternakan","host":["{{baseUrl}}"],"path":["project-report"],"query":[{"key":"search","value":"Proyek%20Peternakan"}]}},"status":"OK","code":200,"_postman_previewlanguage":"json","header":[{"key":"X-Powered-By","value":"Express"},{"key":"Access-Control-Allow-Origin","value":"*"},{"key":"Content-Type","value":"application/json; charset=utf-8"},{"key":"Content-Length","value":"8830"},{"key":"ETag","value":"W/\"227e-NVBFm5peyZt36vbqdVGdUiubJPQ\""},{"key":"Date","value":"Wed, 25 Sep 2024 02:33:51 GMT"},{"key":"Connection","value":"keep-alive"},{"key":"Keep-Alive","value":"timeout=5"}],"cookie":[],"responseTime":null,"body":"{\n    \"data\": [\n        {\n            \"id\": \"02023a53-1426-43c6-8f20-502aa9f17f99\",\n            \"id_projek\": \"5310c3ba-8da7-44f6-9c2d-57363b082aee\",\n            \"judul\": \"Laporan Projek Naga 3\",\n            \"jenis_laporan\": \"UNTUNG\",\n            \"nominal\": 3000000,\n            \"laporan\": \"https://cloudflare-ipfs.com/ipfs/Qmd3W5DuhgHirLHGVixi6V76LhCkZUz6pnFt5AJBiyvHye/avatar/931.jpg\",\n            \"created_at\": \"2024-09-23T04:20:35.684Z\",\n            \"updated_at\": null,\n            \"project\": {\n                \"id\": \"5310c3ba-8da7-44f6-9c2d-57363b082aee\",\n                \"id_user\": \"0937d7fc-8aa2-4ce5-b437-64b755ce5ff6\",\n                \"id_kategori\": \"2291fc02-0f36-4053-8ca3-1de800e9b56c\",\n                \"judul\": \"Proyek Peternakan\",\n                \"deskripsi\": \"Proyek peternakan naga\",\n                \"nominal\": 10000000,\n                \"asset_jaminan\": \"Tanah\",\n                \"nilai_jaminan\": 20000000,\n                \"lokasi_usaha\": \"Malang\",\n                \"detail_lokasi\": \"Jl. Raya Tlogomas No. 246\",\n                \"brosur_produk\": \"https://everpro.id/blog/contoh-brosur-minuman/\",\n                \"pendapatan_perbulan\": 2000000,\n                \"pengeluaran_perbulan\": 500000,\n                \"report_progress\": \"3\",\n                \"dokumen_proyeksi\": \"https://encrypted-tbn0.gstatic.com/images?q=tbn:ANd9GcRm7Ed-GxL_MOmlJj7Zo2pzKtOdS9gKBDHxTA&s\",\n                \"status\": \"PENDANAAN DIBUKA\",\n                \"nominal_disetujui\": 10000000,\n                \"harga_per_unit\": 1000000,\n                \"jumlah_koin\": 10,\n                \"minimal_pembelian\": 1,\n                \"maksimal_pembelian\": 10,\n                \"mulai_penggalangan_dana\": \"2024-09-23\",\n                \"selesai_penggalangan_dana\": \"2024-12-01\",\n                \"dokumen_prospektus\": \"uploads/dokumen_prospektus/1727065745760-Permintaan Surat - Wades.xlsx\",\n                \"created_at\": \"2023-05-10T13:39:24.000Z\",\n                \"updated_at\": null,\n                \"user\": {\n                    \"id\": \"0937d7fc-8aa2-4ce5-b437-64b755ce5ff6\",\n                    \"nama\": \"rofid ali\",\n                    \"no_hp\": \"6281234567890\",\n                    \"role\": \"ADMIN\",\n                    \"status\": \"AKTIF\",\n                    \"password\": \"$2a$10$HsgXIHOwFbhbyZ2N3PBive.gXqsRXpdgu/qhmuKWgXopZB2x7GEzm\",\n                    \"tempat_lahir\": \"Malang\",\n                    \"tanggal_lahir\": \"2024-09-23 04:20:34.563\",\n                    \"provinsi\": \"Jawa Timur\",\n                    \"kota\": \"Malang\",\n                    \"kecamatan\": \"Lowokwaru\",\n                    \"alamat\": \"Jl. Raya Tlogomas No. 246\",\n                    \"nik\": \"3501234567890123\",\n                    \"foto_profile\": null,\n                    \"foto_diri\": \"https://coursius.com/storage/images/thumb/2021_04_08_12_24_32_b46a6b4bb45b6863c78df7e2524b48ae_900x450_thumb.jpg\",\n                    \"foto_ktp\": \"https://image.jpnn.com/resize/1200x800-80/arsip/normal/2021/09/01/tangkapan-layar-contoh-e-ktp-yang-sudah-diberi-watermark-fot-hxj6.jpg\",\n                    \"created_at\": \"2024-09-23T04:20:34.563Z\",\n                    \"updated_at\": null,\n                    \"otp\": null\n                },\n                \"kategori\": {\n                    \"id\": \"2291fc02-0f36-4053-8ca3-1de800e9b56c\",\n                    \"kategori\": \"Peternakan\",\n                    \"created_at\": \"2024-09-23T04:20:35.643Z\",\n                    \"updated_at\": null\n                },\n                \"dokumenTambahan\": [\n                    {\n                        \"id\": \"cc4785ad-d221-4e74-b4e8-e1715105dd9d\",\n                        \"id_projek\": \"5310c3ba-8da7-44f6-9c2d-57363b082aee\",\n                        \"dokumen\": \"https://encrypted-tbn0.gstatic.com/images?q=tbn:ANd9GcRm7Ed-GxL_MOmlJj7Zo2pzKtOdS9gKBDHxTA&s\",\n                        \"created_at\": \"2024-09-23T04:20:35.659Z\",\n                        \"updated_at\": null\n                    },\n                    {\n                        \"id\": \"f4e898e1-2cbd-4bc0-ac4e-b843a1901c27\",\n                        \"id_projek\": \"5310c3ba-8da7-44f6-9c2d-57363b082aee\",\n                        \"dokumen\": \"https://loremflickr.com/640/480?lock=2687905728299008\",\n                        \"created_at\": \"2024-09-23T04:20:35.659Z\",\n                        \"updated_at\": null\n                    },\n                    {\n                        \"id\": \"bec7222b-eeae-4f75-a9e3-c5fcdf9ea73a\",\n                        \"id_projek\": \"5310c3ba-8da7-44f6-9c2d-57363b082aee\",\n                        \"dokumen\": \"https://picsum.photos/seed/ojncz/640/480\",\n                        \"created_at\": \"2024-09-23T04:20:35.659Z\",\n                        \"updated_at\": null\n                    }\n                ]\n            }\n        },\n        {\n            \"id\": \"15b11a4e-fe8a-4157-94ce-3342633df91f\",\n            \"id_projek\": \"5310c3ba-8da7-44f6-9c2d-57363b082aee\",\n            \"judul\": \"Laporan Projek Naga 2\",\n            \"jenis_laporan\": \"RUGI\",\n            \"nominal\": 2000000,\n            \"laporan\": \"https://cloudflare-ipfs.com/ipfs/Qmd3W5DuhgHirLHGVixi6V76LhCkZUz6pnFt5AJBiyvHye/avatar/53.jpg\",\n            \"created_at\": \"2024-09-23T04:20:35.684Z\",\n            \"updated_at\": null,\n            \"project\": {\n                \"id\": \"5310c3ba-8da7-44f6-9c2d-57363b082aee\",\n                \"id_user\": \"0937d7fc-8aa2-4ce5-b437-64b755ce5ff6\",\n                \"id_kategori\": \"2291fc02-0f36-4053-8ca3-1de800e9b56c\",\n                \"judul\": \"Proyek Peternakan\",\n                \"deskripsi\": \"Proyek peternakan naga\",\n                \"nominal\": 10000000,\n                \"asset_jaminan\": \"Tanah\",\n                \"nilai_jaminan\": 20000000,\n                \"lokasi_usaha\": \"Malang\",\n                \"detail_lokasi\": \"Jl. Raya Tlogomas No. 246\",\n                \"brosur_produk\": \"https://everpro.id/blog/contoh-brosur-minuman/\",\n                \"pendapatan_perbulan\": 2000000,\n                \"pengeluaran_perbulan\": 500000,\n                \"report_progress\": \"3\",\n                \"dokumen_proyeksi\": \"https://encrypted-tbn0.gstatic.com/images?q=tbn:ANd9GcRm7Ed-GxL_MOmlJj7Zo2pzKtOdS9gKBDHxTA&s\",\n                \"status\": \"PENDANAAN DIBUKA\",\n                \"nominal_disetujui\": 10000000,\n                \"harga_per_unit\": 1000000,\n                \"jumlah_koin\": 10,\n                \"minimal_pembelian\": 1,\n                \"maksimal_pembelian\": 10,\n                \"mulai_penggalangan_dana\": \"2024-09-23\",\n                \"selesai_penggalangan_dana\": \"2024-12-01\",\n                \"dokumen_prospektus\": \"uploads/dokumen_prospektus/1727065745760-Permintaan Surat - Wades.xlsx\",\n                \"created_at\": \"2023-05-10T13:39:24.000Z\",\n                \"updated_at\": null,\n                \"user\": {\n                    \"id\": \"0937d7fc-8aa2-4ce5-b437-64b755ce5ff6\",\n                    \"nama\": \"rofid ali\",\n                    \"no_hp\": \"6281234567890\",\n                    \"role\": \"ADMIN\",\n                    \"status\": \"AKTIF\",\n                    \"password\": \"$2a$10$HsgXIHOwFbhbyZ2N3PBive.gXqsRXpdgu/qhmuKWgXopZB2x7GEzm\",\n                    \"tempat_lahir\": \"Malang\",\n                    \"tanggal_lahir\": \"2024-09-23 04:20:34.563\",\n                    \"provinsi\": \"Jawa Timur\",\n                    \"kota\": \"Malang\",\n                    \"kecamatan\": \"Lowokwaru\",\n                    \"alamat\": \"Jl. Raya Tlogomas No. 246\",\n                    \"nik\": \"3501234567890123\",\n                    \"foto_profile\": null,\n                    \"foto_diri\": \"https://coursius.com/storage/images/thumb/2021_04_08_12_24_32_b46a6b4bb45b6863c78df7e2524b48ae_900x450_thumb.jpg\",\n                    \"foto_ktp\": \"https://image.jpnn.com/resize/1200x800-80/arsip/normal/2021/09/01/tangkapan-layar-contoh-e-ktp-yang-sudah-diberi-watermark-fot-hxj6.jpg\",\n                    \"created_at\": \"2024-09-23T04:20:34.563Z\",\n                    \"updated_at\": null,\n                    \"otp\": null\n                },\n                \"kategori\": {\n                    \"id\": \"2291fc02-0f36-4053-8ca3-1de800e9b56c\",\n                    \"kategori\": \"Peternakan\",\n                    \"created_at\": \"2024-09-23T04:20:35.643Z\",\n                    \"updated_at\": null\n                },\n                \"dokumenTambahan\": [\n                    {\n                        \"id\": \"cc4785ad-d221-4e74-b4e8-e1715105dd9d\",\n                        \"id_projek\": \"5310c3ba-8da7-44f6-9c2d-57363b082aee\",\n                        \"dokumen\": \"https://encrypted-tbn0.gstatic.com/images?q=tbn:ANd9GcRm7Ed-GxL_MOmlJj7Zo2pzKtOdS9gKBDHxTA&s\",\n                        \"created_at\": \"2024-09-23T04:20:35.659Z\",\n                        \"updated_at\": null\n                    },\n                    {\n                        \"id\": \"f4e898e1-2cbd-4bc0-ac4e-b843a1901c27\",\n                        \"id_projek\": \"5310c3ba-8da7-44f6-9c2d-57363b082aee\",\n                        \"dokumen\": \"https://loremflickr.com/640/480?lock=2687905728299008\",\n                        \"created_at\": \"2024-09-23T04:20:35.659Z\",\n                        \"updated_at\": null\n                    },\n                    {\n                        \"id\": \"bec7222b-eeae-4f75-a9e3-c5fcdf9ea73a\",\n                        \"id_projek\": \"5310c3ba-8da7-44f6-9c2d-57363b082aee\",\n                        \"dokumen\": \"https://picsum.photos/seed/ojncz/640/480\",\n                        \"created_at\": \"2024-09-23T04:20:35.659Z\",\n                        \"updated_at\": null\n                    }\n                ]\n            }\n        },\n        {\n            \"id\": \"e355ed49-c347-40e7-a78f-ad48f3838ef7\",\n            \"id_projek\": \"5310c3ba-8da7-44f6-9c2d-57363b082aee\",\n            \"judul\": \"Laporan Projek Naga 1\",\n            \"jenis_laporan\": \"UNTUNG\",\n            \"nominal\": 1000000,\n            \"laporan\": \"https://cloudflare-ipfs.com/ipfs/Qmd3W5DuhgHirLHGVixi6V76LhCkZUz6pnFt5AJBiyvHye/avatar/645.jpg\",\n            \"created_at\": \"2024-09-23T04:20:35.684Z\",\n            \"updated_at\": null,\n            \"project\": {\n                \"id\": \"5310c3ba-8da7-44f6-9c2d-57363b082aee\",\n                \"id_user\": \"0937d7fc-8aa2-4ce5-b437-64b755ce5ff6\",\n                \"id_kategori\": \"2291fc02-0f36-4053-8ca3-1de800e9b56c\",\n                \"judul\": \"Proyek Peternakan\",\n                \"deskripsi\": \"Proyek peternakan naga\",\n                \"nominal\": 10000000,\n                \"asset_jaminan\": \"Tanah\",\n                \"nilai_jaminan\": 20000000,\n                \"lokasi_usaha\": \"Malang\",\n                \"detail_lokasi\": \"Jl. Raya Tlogomas No. 246\",\n                \"brosur_produk\": \"https://everpro.id/blog/contoh-brosur-minuman/\",\n                \"pendapatan_perbulan\": 2000000,\n                \"pengeluaran_perbulan\": 500000,\n                \"report_progress\": \"3\",\n                \"dokumen_proyeksi\": \"https://encrypted-tbn0.gstatic.com/images?q=tbn:ANd9GcRm7Ed-GxL_MOmlJj7Zo2pzKtOdS9gKBDHxTA&s\",\n                \"status\": \"PENDANAAN DIBUKA\",\n                \"nominal_disetujui\": 10000000,\n                \"harga_per_unit\": 1000000,\n                \"jumlah_koin\": 10,\n                \"minimal_pembelian\": 1,\n                \"maksimal_pembelian\": 10,\n                \"mulai_penggalangan_dana\": \"2024-09-23\",\n                \"selesai_penggalangan_dana\": \"2024-12-01\",\n                \"dokumen_prospektus\": \"uploads/dokumen_prospektus/1727065745760-Permintaan Surat - Wades.xlsx\",\n                \"created_at\": \"2023-05-10T13:39:24.000Z\",\n                \"updated_at\": null,\n                \"user\": {\n                    \"id\": \"0937d7fc-8aa2-4ce5-b437-64b755ce5ff6\",\n                    \"nama\": \"rofid ali\",\n                    \"no_hp\": \"6281234567890\",\n                    \"role\": \"ADMIN\",\n                    \"status\": \"AKTIF\",\n                    \"password\": \"$2a$10$HsgXIHOwFbhbyZ2N3PBive.gXqsRXpdgu/qhmuKWgXopZB2x7GEzm\",\n                    \"tempat_lahir\": \"Malang\",\n                    \"tanggal_lahir\": \"2024-09-23 04:20:34.563\",\n                    \"provinsi\": \"Jawa Timur\",\n                    \"kota\": \"Malang\",\n                    \"kecamatan\": \"Lowokwaru\",\n                    \"alamat\": \"Jl. Raya Tlogomas No. 246\",\n                    \"nik\": \"3501234567890123\",\n                    \"foto_profile\": null,\n                    \"foto_diri\": \"https://coursius.com/storage/images/thumb/2021_04_08_12_24_32_b46a6b4bb45b6863c78df7e2524b48ae_900x450_thumb.jpg\",\n                    \"foto_ktp\": \"https://image.jpnn.com/resize/1200x800-80/arsip/normal/2021/09/01/tangkapan-layar-contoh-e-ktp-yang-sudah-diberi-watermark-fot-hxj6.jpg\",\n                    \"created_at\": \"2024-09-23T04:20:34.563Z\",\n                    \"updated_at\": null,\n                    \"otp\": null\n                },\n                \"kategori\": {\n                    \"id\": \"2291fc02-0f36-4053-8ca3-1de800e9b56c\",\n                    \"kategori\": \"Peternakan\",\n                    \"created_at\": \"2024-09-23T04:20:35.643Z\",\n                    \"updated_at\": null\n                },\n                \"dokumenTambahan\": [\n                    {\n                        \"id\": \"cc4785ad-d221-4e74-b4e8-e1715105dd9d\",\n                        \"id_projek\": \"5310c3ba-8da7-44f6-9c2d-57363b082aee\",\n                        \"dokumen\": \"https://encrypted-tbn0.gstatic.com/images?q=tbn:ANd9GcRm7Ed-GxL_MOmlJj7Zo2pzKtOdS9gKBDHxTA&s\",\n                        \"created_at\": \"2024-09-23T04:20:35.659Z\",\n                        \"updated_at\": null\n                    },\n                    {\n                        \"id\": \"f4e898e1-2cbd-4bc0-ac4e-b843a1901c27\",\n                        \"id_projek\": \"5310c3ba-8da7-44f6-9c2d-57363b082aee\",\n                        \"dokumen\": \"https://loremflickr.com/640/480?lock=2687905728299008\",\n                        \"created_at\": \"2024-09-23T04:20:35.659Z\",\n                        \"updated_at\": null\n                    },\n                    {\n                        \"id\": \"bec7222b-eeae-4f75-a9e3-c5fcdf9ea73a\",\n                        \"id_projek\": \"5310c3ba-8da7-44f6-9c2d-57363b082aee\",\n                        \"dokumen\": \"https://picsum.photos/seed/ojncz/640/480\",\n                        \"created_at\": \"2024-09-23T04:20:35.659Z\",\n                        \"updated_at\": null\n                    }\n                ]\n            }\n        }\n    ]\n}"}]},{"name":"Get Report By Id","id":"9613156f-e970-472a-867f-a27d5ba87602","protocolProfileBehavior":{"disableBodyPruning":true},"request":{"method":"GET","header":[],"url":{"raw":"{{baseUrl}}/project-report/4c1e4780-a823-41e9-9305-69422f74cc8b","host":["{{baseUrl}}"],"path":["project-report","4c1e4780-a823-41e9-9305-69422f74cc8b"]}},"response":[{"id":"fb43b2ec-fbe6-422b-8bf9-be4b9dcdb6df","name":"Get Report By Id","originalRequest":{"method":"GET","header":[],"url":{"raw":"{{baseUrl}}/project-report/fd7d1fa3-89d7-4b66-ba35-db1e7ef263b5","host":["{{baseUrl}}"],"path":["project-report","fd7d1fa3-89d7-4b66-ba35-db1e7ef263b5"]}},"status":"OK","code":200,"_postman_previewlanguage":"json","header":[{"key":"X-Powered-By","value":"Express"},{"key":"Access-Control-Allow-Origin","value":"*"},{"key":"Content-Type","value":"application/json; charset=utf-8"},{"key":"Content-Length","value":"312"},{"key":"ETag","value":"W/\"138-yH6ds1fzblKna8F+b3wkLsMdgfE\""},{"key":"Date","value":"Tue, 10 Sep 2024 04:51:41 GMT"},{"key":"Connection","value":"keep-alive"},{"key":"Keep-Alive","value":"timeout=5"}],"cookie":[],"responseTime":null,"body":"{\n    \"data\": [\n        {\n            \"id\": \"fd7d1fa3-89d7-4b66-ba35-db1e7ef263b5\",\n            \"id_projek\": \"e4ca256a-02ae-43b0-b6ff-b702346f7789\",\n            \"judul\": \"Nyoba Project Report\",\n            \"jenis_laporan\": \"UNTUNG\",\n            \"nominal\": 1000000,\n            \"laporan\": \"/uploads/laporan_keuangan/1725942468029-laporan_testcase.pdf\",\n            \"created_at\": \"2024-09-10T11:27:48.039Z\",\n            \"updated_at\": null\n        }\n    ]\n}"}]},{"name":"Get Report By Project Id","id":"ee9f9ae7-e2f5-48aa-a333-28551533d37b","protocolProfileBehavior":{"disableBodyPruning":true},"request":{"auth":{"type":"bearer","bearer":[{"key":"token","value":"{{jwtToken}}","type":"string"}]},"method":"GET","header":[],"url":{"raw":"{{baseUrl}}/project-report/project/5310c3ba-8da7-44f6-9c2d-57363b082aee","host":["{{baseUrl}}"],"path":["project-report","project","5310c3ba-8da7-44f6-9c2d-57363b082aee"]}},"response":[{"id":"08a0cf05-79e6-4129-914c-2e6494f76e52","name":"Get Report By Project Id","originalRequest":{"method":"GET","header":[],"url":{"raw":"{{baseUrl}}/project-report/project/5310c3ba-8da7-44f6-9c2d-57363b082aee","host":["{{baseUrl}}"],"path":["project-report","project","5310c3ba-8da7-44f6-9c2d-57363b082aee"]}},"status":"OK","code":200,"_postman_previewlanguage":"json","header":[{"key":"X-Powered-By","value":"Express"},{"key":"Access-Control-Allow-Origin","value":"*"},{"key":"Content-Type","value":"application/json; charset=utf-8"},{"key":"Content-Length","value":"1075"},{"key":"ETag","value":"W/\"433-Eq93QfcAKwFgg9TypaxH/aOmIGo\""},{"key":"Date","value":"Thu, 19 Sep 2024 09:40:24 GMT"},{"key":"Connection","value":"keep-alive"},{"key":"Keep-Alive","value":"timeout=5"}],"cookie":[],"responseTime":null,"body":"{\n    \"data\": {\n        \"projectReport\": [\n            {\n                \"id\": \"4b7541d2-34ea-4e70-8f65-d53965f0f21a\",\n                \"id_projek\": \"5310c3ba-8da7-44f6-9c2d-57363b082aee\",\n                \"judul\": \"Laporan Projek Naga 1\",\n                \"jenis_laporan\": \"UNTUNG\",\n                \"nominal\": 1000000,\n                \"laporan\": \"https://cloudflare-ipfs.com/ipfs/Qmd3W5DuhgHirLHGVixi6V76LhCkZUz6pnFt5AJBiyvHye/avatar/670.jpg\",\n                \"created_at\": \"2024-09-18T06:57:51.413Z\",\n                \"updated_at\": null\n            },\n            {\n                \"id\": \"0e3b77df-678f-4c2c-9798-2148cd66e3e6\",\n                \"id_projek\": \"5310c3ba-8da7-44f6-9c2d-57363b082aee\",\n                \"judul\": \"Laporan Projek Naga 2\",\n                \"jenis_laporan\": \"RUGI\",\n                \"nominal\": 2000000,\n                \"laporan\": \"https://avatars.githubusercontent.com/u/62477587\",\n                \"created_at\": \"2024-09-18T06:57:51.413Z\",\n                \"updated_at\": null\n            },\n            {\n                \"id\": \"722c4b3e-86b1-4c8f-ad5f-3953a1597faf\",\n                \"id_projek\": \"5310c3ba-8da7-44f6-9c2d-57363b082aee\",\n                \"judul\": \"Laporan Projek Naga 3\",\n                \"jenis_laporan\": \"UNTUNG\",\n                \"nominal\": 3000000,\n                \"laporan\": \"https://cloudflare-ipfs.com/ipfs/Qmd3W5DuhgHirLHGVixi6V76LhCkZUz6pnFt5AJBiyvHye/avatar/1063.jpg\",\n                \"created_at\": \"2024-09-18T06:57:51.413Z\",\n                \"updated_at\": null\n            }\n        ],\n        \"canUploadReport\": false,\n        \"message\": \"You can upload the next report after 3 months.\"\n    }\n}"}]},{"name":"Get Report By Project Id With Jenis Filter","id":"a08d7519-0c73-4b75-8452-4dc4782e5b0d","protocolProfileBehavior":{"disableBodyPruning":true},"request":{"auth":{"type":"bearer","bearer":[{"key":"token","value":"{{jwtToken}}","type":"string"}]},"method":"GET","header":[],"url":{"raw":"{{baseUrl}}/project-report/project/5310c3ba-8da7-44f6-9c2d-57363b082aee?jenis=UNTUNG","host":["{{baseUrl}}"],"path":["project-report","project","5310c3ba-8da7-44f6-9c2d-57363b082aee"],"query":[{"key":"jenis","value":"UNTUNG"}]}},"response":[{"id":"9cd3f606-6a24-49c8-a20d-50e15ca6aba8","name":"Get Report By Project Id With Jenis Filter","originalRequest":{"method":"GET","header":[],"url":{"raw":"{{baseUrl}}/project-report/project/5310c3ba-8da7-44f6-9c2d-57363b082aee?jenis=UNTUNG","host":["{{baseUrl}}"],"path":["project-report","project","5310c3ba-8da7-44f6-9c2d-57363b082aee"],"query":[{"key":"jenis","value":"UNTUNG"}]}},"status":"OK","code":200,"_postman_previewlanguage":"json","header":[{"key":"X-Powered-By","value":"Express"},{"key":"Access-Control-Allow-Origin","value":"*"},{"key":"Content-Type","value":"application/json; charset=utf-8"},{"key":"Content-Length","value":"2106"},{"key":"ETag","value":"W/\"83a-cckqrZT8/p9ueAXsde/uXIoiSao\""},{"key":"Date","value":"Thu, 19 Sep 2024 09:41:01 GMT"},{"key":"Connection","value":"keep-alive"},{"key":"Keep-Alive","value":"timeout=5"}],"cookie":[],"responseTime":null,"body":"{\n    \"data\": {\n        \"projectReport\": [\n            {\n                \"id\": \"4b7541d2-34ea-4e70-8f65-d53965f0f21a\",\n                \"id_projek\": \"5310c3ba-8da7-44f6-9c2d-57363b082aee\",\n                \"judul\": \"Laporan Projek Naga 1\",\n                \"jenis_laporan\": \"UNTUNG\",\n                \"nominal\": 1000000,\n                \"laporan\": \"https://cloudflare-ipfs.com/ipfs/Qmd3W5DuhgHirLHGVixi6V76LhCkZUz6pnFt5AJBiyvHye/avatar/670.jpg\",\n                \"created_at\": \"2024-09-18T06:57:51.413Z\",\n                \"updated_at\": null\n            },\n            {\n                \"id\": \"722c4b3e-86b1-4c8f-ad5f-3953a1597faf\",\n                \"id_projek\": \"5310c3ba-8da7-44f6-9c2d-57363b082aee\",\n                \"judul\": \"Laporan Projek Naga 3\",\n                \"jenis_laporan\": \"UNTUNG\",\n                \"nominal\": 3000000,\n                \"laporan\": \"https://cloudflare-ipfs.com/ipfs/Qmd3W5DuhgHirLHGVixi6V76LhCkZUz6pnFt5AJBiyvHye/avatar/1063.jpg\",\n                \"created_at\": \"2024-09-18T06:57:51.413Z\",\n                \"updated_at\": null\n            },\n            {\n                \"id\": \"76ddd711-9671-4a20-9653-49fb5498dfa5\",\n                \"id_projek\": \"848fdf64-a0f8-4dc4-8cc3-81678734edca\",\n                \"judul\": \"Laporan Projek T-Rex 2\",\n                \"jenis_laporan\": \"UNTUNG\",\n                \"nominal\": 2000000,\n                \"laporan\": \"https://avatars.githubusercontent.com/u/65269820\",\n                \"created_at\": \"2024-09-18T06:57:51.413Z\",\n                \"updated_at\": null\n            },\n            {\n                \"id\": \"7fca9490-5d0a-467e-a009-95c3675fb881\",\n                \"id_projek\": \"0cfdf70d-dc55-4610-9321-eaf0d968e9c0\",\n                \"judul\": \"Uterque tamdiu cruentus tracto eveniet celo suscipio crux amor.\",\n                \"jenis_laporan\": \"UNTUNG\",\n                \"nominal\": 6590636,\n                \"laporan\": \"https://cloudflare-ipfs.com/ipfs/Qmd3W5DuhgHirLHGVixi6V76LhCkZUz6pnFt5AJBiyvHye/avatar/376.jpg\",\n                \"created_at\": \"2024-09-17T21:09:00.621Z\",\n                \"updated_at\": null\n            },\n            {\n                \"id\": \"348d5028-fafb-47c7-a7f4-6c526ab39b06\",\n                \"id_projek\": \"82baba58-82fb-499e-a37d-32adf48cda11\",\n                \"judul\": \"Paulatim atavus degenero vindico defungo.\",\n                \"jenis_laporan\": \"UNTUNG\",\n                \"nominal\": 8290903,\n                \"laporan\": \"https://cloudflare-ipfs.com/ipfs/Qmd3W5DuhgHirLHGVixi6V76LhCkZUz6pnFt5AJBiyvHye/avatar/633.jpg\",\n                \"created_at\": \"2024-09-17T10:08:20.282Z\",\n                \"updated_at\": null\n            },\n            {\n                \"id\": \"3c974fec-fcbd-499b-8bb0-b80a2cf791f4\",\n                \"id_projek\": \"0cfdf70d-dc55-4610-9321-eaf0d968e9c0\",\n                \"judul\": \"Accommodo alii vallum.\",\n                \"jenis_laporan\": \"UNTUNG\",\n                \"nominal\": 4967626,\n                \"laporan\": \"https://avatars.githubusercontent.com/u/96487723\",\n                \"created_at\": \"2024-09-17T09:32:04.989Z\",\n                \"updated_at\": null\n            }\n        ],\n        \"canUploadReport\": false,\n        \"message\": \"You can upload the next report after 3 months.\"\n    }\n}"}]}]}