{"info":{"_postman_id":"543aaa08-b803-456f-9bf8-6336324a052e","name":"History Token","schema":"https://schema.getpostman.com/json/collection/v2.1.0/collection.json"},"item":[{"name":"Get History Token By User Id & Project Id","id":"0ed312fa-f849-43b0-9740-eeeb07ffebf9","protocolProfileBehavior":{"disableBodyPruning":true},"request":{"auth":{"type":"bearer","bearer":[{"key":"token","value":"{{jwtToken}}","type":"string"}]},"method":"GET","header":[],"url":{"raw":"{{baseUrl}}/history-token/project/9ef3c9ab-7f42-448c-afce-533e4ee64f32","host":["{{baseUrl}}"],"path":["history-token","project","9ef3c9ab-7f42-448c-afce-533e4ee64f32"]}},"response":[{"id":"3b58e62e-809d-4d02-b690-2f8566df7239","name":"Get History Token By User Id & Project Id","originalRequest":{"method":"GET","header":[],"url":{"raw":"{{baseUrl}}/history-token/project/74ddd109-6f1e-45ad-b076-26cae43a1522","host":["{{baseUrl}}"],"path":["history-token","project","74ddd109-6f1e-45ad-b076-26cae43a1522"]}},"status":"OK","code":200,"_postman_previewlanguage":"json","header":[{"key":"X-Powered-By","value":"Express"},{"key":"Access-Control-Allow-Origin","value":"*"},{"key":"Content-Type","value":"application/json; charset=utf-8"},{"key":"Content-Length","value":"137"},{"key":"ETag","value":"W/\"89-VWs4wTytJETuIuJFAA4xp9BiJus\""},{"key":"Date","value":"Tue, 17 Sep 2024 06:43:40 GMT"},{"key":"Connection","value":"keep-alive"},{"key":"Keep-Alive","value":"timeout=5"}],"cookie":[],"responseTime":null,"body":"{\n    \"data\": [\n        {\n            \"nilai\": 6120000,\n            \"perubahan\": 120000,\n            \"persentase\": \"1.20\",\n            \"totalNominalToken\": \"6000000\",\n            \"created_at\": \"2024-09-17T09:44:45.306Z\"\n        }\n    ]\n}"}]}]}