{"info":{"_postman_id":"5a464977-c24e-4d31-841b-aecd1399a549","name":"History Project Wallet","schema":"https://schema.getpostman.com/json/collection/v2.1.0/collection.json"},"item":[{"name":"Get History Project Wallet By Project Wallet Id","id":"2d5630bf-b854-40e9-b88e-89152b302818","protocolProfileBehavior":{"disableBodyPruning":true},"request":{"auth":{"type":"bearer","bearer":[{"key":"token","value":"{{jwtToken}}","type":"string"}]},"method":"GET","header":[],"url":{"raw":"{{baseUrl}}/history-project-wallet/project-wallet/60ad2447-8078-41c8-91f2-5a9bdd00db9e","host":["{{baseUrl}}"],"path":["history-project-wallet","project-wallet","60ad2447-8078-41c8-91f2-5a9bdd00db9e"]}},"response":[]}]}