{"info":{"_postman_id":"6c9e0ada-d23d-4cd8-9384-87b79276a8bf","name":"Indonesia Region","schema":"https://schema.getpostman.com/json/collection/v2.1.0/collection.json"},"item":[{"name":"Provinsi","id":"3971a5d2-6acb-4080-be61-28d0c7d9246a","protocolProfileBehavior":{"disableBodyPruning":true},"request":{"auth":{"type":"bearer","bearer":[{"key":"token","value":"eyJhbGciOiJIUzI1NiIsInR5cCI6IkpXVCJ9.eyJpZCI6IjFhZjE3ZGVhLWM0ZWItNDhmZS04YmRkLTZiNWQ3NzRkMGVlMCIsImVtYWlsIjoibW9jaGFtbWFkemFreXpAZ21haWwuY29tIiwicm9sZSI6bnVsbCwiaWF0IjoxNzI0OTkwNjYwLCJleHAiOjE3MjQ5OTQyNjB9.YP4BgMWSBqMCKh1RSWllyG3be5S2kBDryVJWjTZ0eRs","type":"string"}]},"method":"GET","header":[],"url":{"raw":"{{baseUrl}}/wilayah/provinces","host":["{{baseUrl}}"],"path":["wilayah","provinces"]}},"response":[{"id":"c5b58620-0bce-4733-9c18-47dd639c8b4b","name":"Provinsi","originalRequest":{"method":"GET","header":[],"url":{"raw":"{{baseUrl}}/wilayah/provinces","host":["{{baseUrl}}"],"path":["wilayah","provinces"]}},"status":"OK","code":200,"_postman_previewlanguage":"json","header":[{"key":"X-Powered-By","value":"Express"},{"key":"Access-Control-Allow-Origin","value":"*"},{"key":"Content-Type","value":"application/json; charset=utf-8"},{"key":"Content-Length","value":"1399"},{"key":"ETag","value":"W/\"577-sokGs2Z86yvOFO8Xln1s+0AHZbQ\""},{"key":"Date","value":"Tue, 10 Sep 2024 01:31:26 GMT"},{"key":"Connection","value":"keep-alive"},{"key":"Keep-Alive","value":"timeout=5"}],"cookie":[],"responseTime":null,"body":"[\n    {\n        \"code\": \"11\",\n        \"name\": \"ACEH\"\n    },\n    {\n        \"code\": \"12\",\n        \"name\": \"SUMATERA UTARA\"\n    },\n    {\n        \"code\": \"13\",\n        \"name\": \"SUMATERA BARAT\"\n    },\n    {\n        \"code\": \"14\",\n        \"name\": \"RIAU\"\n    },\n    {\n        \"code\": \"15\",\n        \"name\": \"JAMBI\"\n    },\n    {\n        \"code\": \"16\",\n        \"name\": \"SUMATERA SELATAN\"\n    },\n    {\n        \"code\": \"17\",\n        \"name\": \"BENGKULU\"\n    },\n    {\n        \"code\": \"18\",\n        \"name\": \"LAMPUNG\"\n    },\n    {\n        \"code\": \"19\",\n        \"name\": \"KEPULAUAN BANGKA BELITUNG\"\n    },\n    {\n        \"code\": \"21\",\n        \"name\": \"KEPULAUAN RIAU\"\n    },\n    {\n        \"code\": \"31\",\n        \"name\": \"DKI JAKARTA\"\n    },\n    {\n        \"code\": \"32\",\n        \"name\": \"JAWA BARAT\"\n    },\n    {\n        \"code\": \"33\",\n        \"name\": \"JAWA TENGAH\"\n    },\n    {\n        \"code\": \"34\",\n        \"name\": \"DAERAH ISTIMEWA YOGYAKARTA\"\n    },\n    {\n        \"code\": \"35\",\n        \"name\": \"JAWA TIMUR\"\n    },\n    {\n        \"code\": \"36\",\n        \"name\": \"BANTEN\"\n    },\n    {\n        \"code\": \"51\",\n        \"name\": \"BALI\"\n    },\n    {\n        \"code\": \"52\",\n        \"name\": \"NUSA TENGGARA BARAT\"\n    },\n    {\n        \"code\": \"53\",\n        \"name\": \"NUSA TENGGARA TIMUR\"\n    },\n    {\n        \"code\": \"61\",\n        \"name\": \"KALIMANTAN BARAT\"\n    },\n    {\n        \"code\": \"62\",\n        \"name\": \"KALIMANTAN TENGAH\"\n    },\n    {\n        \"code\": \"63\",\n        \"name\": \"KALIMANTAN SELATAN\"\n    },\n    {\n        \"code\": \"64\",\n        \"name\": \"KALIMANTAN TIMUR\"\n    },\n    {\n        \"code\": \"65\",\n        \"name\": \"KALIMANTAN UTARA\"\n    },\n    {\n        \"code\": \"71\",\n        \"name\": \"SULAWESI UTARA\"\n    },\n    {\n        \"code\": \"72\",\n        \"name\": \"SULAWESI TENGAH\"\n    },\n    {\n        \"code\": \"73\",\n        \"name\": \"SULAWESI SELATAN\"\n    },\n    {\n        \"code\": \"74\",\n        \"name\": \"SULAWESI TENGGARA\"\n    },\n    {\n        \"code\": \"75\",\n        \"name\": \"GORONTALO\"\n    },\n    {\n        \"code\": \"76\",\n        \"name\": \"SULAWESI BARAT\"\n    },\n    {\n        \"code\": \"81\",\n        \"name\": \"MALUKU\"\n    },\n    {\n        \"code\": \"82\",\n        \"name\": \"MALUKU UTARA\"\n    },\n    {\n        \"code\": \"91\",\n        \"name\": \"PAPUA\"\n    },\n    {\n        \"code\": \"92\",\n        \"name\": \"PAPUA BARAT\"\n    },\n    {\n        \"code\": \"93\",\n        \"name\": \"PAPUA SELATAN\"\n    },\n    {\n        \"code\": \"94\",\n        \"name\": \"PAPUA TENGAH\"\n    },\n    {\n        \"code\": \"95\",\n        \"name\": \"PAPUA PEGUNUNGAN\"\n    },\n    {\n        \"code\": \"96\",\n        \"name\": \"PAPUA BARAT DAYA\"\n    }\n]"}]},{"name":"Kota","id":"d2e76c22-9ffa-43f8-892b-ee4abb0361e6","protocolProfileBehavior":{"disableBodyPruning":true},"request":{"method":"GET","header":[],"url":{"raw":"{{baseUrl}}/wilayah/regencies/31","host":["{{baseUrl}}"],"path":["wilayah","regencies","31"]}},"response":[{"id":"26170735-5f7a-4fd8-ab27-426307d5e7f0","name":"Kota","originalRequest":{"method":"GET","header":[],"url":{"raw":"{{baseUrl}}/wilayah/regencies/35","host":["{{baseUrl}}"],"path":["wilayah","regencies","35"]}},"status":"OK","code":200,"_postman_previewlanguage":"json","header":[{"key":"X-Powered-By","value":"Express"},{"key":"Access-Control-Allow-Origin","value":"*"},{"key":"Content-Type","value":"application/json; charset=utf-8"},{"key":"Content-Length","value":"2449"},{"key":"ETag","value":"W/\"991-Mp2T5HfNpVDwlXAvfdEkJl3OAK0\""},{"key":"Date","value":"Tue, 10 Sep 2024 01:32:43 GMT"},{"key":"Connection","value":"keep-alive"},{"key":"Keep-Alive","value":"timeout=5"}],"cookie":[],"responseTime":null,"body":"[\n    {\n        \"code\": \"35.01\",\n        \"province_code\": \"35\",\n        \"name\": \"KABUPATEN PACITAN\"\n    },\n    {\n        \"code\": \"35.02\",\n        \"province_code\": \"35\",\n        \"name\": \"KABUPATEN PONOROGO\"\n    },\n    {\n        \"code\": \"35.03\",\n        \"province_code\": \"35\",\n        \"name\": \"KABUPATEN TRENGGALEK\"\n    },\n    {\n        \"code\": \"35.04\",\n        \"province_code\": \"35\",\n        \"name\": \"KABUPATEN TULUNGAGUNG\"\n    },\n    {\n        \"code\": \"35.05\",\n        \"province_code\": \"35\",\n        \"name\": \"KABUPATEN BLITAR\"\n    },\n    {\n        \"code\": \"35.06\",\n        \"province_code\": \"35\",\n        \"name\": \"KABUPATEN KEDIRI\"\n    },\n    {\n        \"code\": \"35.07\",\n        \"province_code\": \"35\",\n        \"name\": \"KABUPATEN MALANG\"\n    },\n    {\n        \"code\": \"35.08\",\n        \"province_code\": \"35\",\n        \"name\": \"KABUPATEN LUMAJANG\"\n    },\n    {\n        \"code\": \"35.09\",\n        \"province_code\": \"35\",\n        \"name\": \"KABUPATEN JEMBER\"\n    },\n    {\n        \"code\": \"35.10\",\n        \"province_code\": \"35\",\n        \"name\": \"KABUPATEN BANYUWANGI\"\n    },\n    {\n        \"code\": \"35.11\",\n        \"province_code\": \"35\",\n        \"name\": \"KABUPATEN BONDOWOSO\"\n    },\n    {\n        \"code\": \"35.12\",\n        \"province_code\": \"35\",\n        \"name\": \"KABUPATEN SITUBONDO\"\n    },\n    {\n        \"code\": \"35.13\",\n        \"province_code\": \"35\",\n        \"name\": \"KABUPATEN PROBOLINGGO\"\n    },\n    {\n        \"code\": \"35.14\",\n        \"province_code\": \"35\",\n        \"name\": \"KABUPATEN PASURUAN\"\n    },\n    {\n        \"code\": \"35.15\",\n        \"province_code\": \"35\",\n        \"name\": \"KABUPATEN SIDOARJO\"\n    },\n    {\n        \"code\": \"35.16\",\n        \"province_code\": \"35\",\n        \"name\": \"KABUPATEN MOJOKERTO\"\n    },\n    {\n        \"code\": \"35.17\",\n        \"province_code\": \"35\",\n        \"name\": \"KABUPATEN JOMBANG\"\n    },\n    {\n        \"code\": \"35.18\",\n        \"province_code\": \"35\",\n        \"name\": \"KABUPATEN NGANJUK\"\n    },\n    {\n        \"code\": \"35.19\",\n        \"province_code\": \"35\",\n        \"name\": \"KABUPATEN MADIUN\"\n    },\n    {\n        \"code\": \"35.20\",\n        \"province_code\": \"35\",\n        \"name\": \"KABUPATEN MAGETAN\"\n    },\n    {\n        \"code\": \"35.21\",\n        \"province_code\": \"35\",\n        \"name\": \"KABUPATEN NGAWI\"\n    },\n    {\n        \"code\": \"35.22\",\n        \"province_code\": \"35\",\n        \"name\": \"KABUPATEN BOJONEGORO\"\n    },\n    {\n        \"code\": \"35.23\",\n        \"province_code\": \"35\",\n        \"name\": \"KABUPATEN TUBAN\"\n    },\n    {\n        \"code\": \"35.24\",\n        \"province_code\": \"35\",\n        \"name\": \"KABUPATEN LAMONGAN\"\n    },\n    {\n        \"code\": \"35.25\",\n        \"province_code\": \"35\",\n        \"name\": \"KABUPATEN GRESIK\"\n    },\n    {\n        \"code\": \"35.26\",\n        \"province_code\": \"35\",\n        \"name\": \"KABUPATEN BANGKALAN\"\n    },\n    {\n        \"code\": \"35.27\",\n        \"province_code\": \"35\",\n        \"name\": \"KABUPATEN SAMPANG\"\n    },\n    {\n        \"code\": \"35.28\",\n        \"province_code\": \"35\",\n        \"name\": \"KABUPATEN PAMEKASAN\"\n    },\n    {\n        \"code\": \"35.29\",\n        \"province_code\": \"35\",\n        \"name\": \"KABUPATEN SUMENEP\"\n    },\n    {\n        \"code\": \"35.71\",\n        \"province_code\": \"35\",\n        \"name\": \"KOTA KEDIRI\"\n    },\n    {\n        \"code\": \"35.72\",\n        \"province_code\": \"35\",\n        \"name\": \"KOTA BLITAR\"\n    },\n    {\n        \"code\": \"35.73\",\n        \"province_code\": \"35\",\n        \"name\": \"KOTA MALANG\"\n    },\n    {\n        \"code\": \"35.74\",\n        \"province_code\": \"35\",\n        \"name\": \"KOTA PROBOLINGGO\"\n    },\n    {\n        \"code\": \"35.75\",\n        \"province_code\": \"35\",\n        \"name\": \"KOTA PASURUAN\"\n    },\n    {\n        \"code\": \"35.76\",\n        \"province_code\": \"35\",\n        \"name\": \"KOTA MOJOKERTO\"\n    },\n    {\n        \"code\": \"35.77\",\n        \"province_code\": \"35\",\n        \"name\": \"KOTA MADIUN\"\n    },\n    {\n        \"code\": \"35.78\",\n        \"province_code\": \"35\",\n        \"name\": \"KOTA SURABAYA\"\n    },\n    {\n        \"code\": \"35.79\",\n        \"province_code\": \"35\",\n        \"name\": \"KOTA BATU\"\n    }\n]"}]},{"name":"Kecamatan","id":"cb16b796-3017-4843-b17b-5e1e4eee8b63","protocolProfileBehavior":{"disableBodyPruning":true},"request":{"method":"GET","header":[],"url":{"raw":"{{baseUrl}}/wilayah/districts/35.73","host":["{{baseUrl}}"],"path":["wilayah","districts","35.73"]}},"response":[{"id":"349a2397-1c84-4aca-b784-248c60f70a92","name":"Kecamatan","originalRequest":{"method":"GET","header":[],"url":{"raw":"{{baseUrl}}/wilayah/districts/35.73","host":["{{baseUrl}}"],"path":["wilayah","districts","35.73"]}},"status":"OK","code":200,"_postman_previewlanguage":"json","header":[{"key":"X-Powered-By","value":"Express"},{"key":"Access-Control-Allow-Origin","value":"*"},{"key":"Content-Type","value":"application/json; charset=utf-8"},{"key":"Content-Length","value":"307"},{"key":"ETag","value":"W/\"133-M0kbt/DBtFaD8Hce58Y7koIwhJE\""},{"key":"Date","value":"Tue, 10 Sep 2024 01:33:52 GMT"},{"key":"Connection","value":"keep-alive"},{"key":"Keep-Alive","value":"timeout=5"}],"cookie":[],"responseTime":null,"body":"[\n    {\n        \"code\": \"35.73.01\",\n        \"regency_code\": \"35.73\",\n        \"name\": \"Blimbing\"\n    },\n    {\n        \"code\": \"35.73.02\",\n        \"regency_code\": \"35.73\",\n        \"name\": \"Klojen\"\n    },\n    {\n        \"code\": \"35.73.03\",\n        \"regency_code\": \"35.73\",\n        \"name\": \"Kedungkandang\"\n    },\n    {\n        \"code\": \"35.73.04\",\n        \"regency_code\": \"35.73\",\n        \"name\": \"Sukun\"\n    },\n    {\n        \"code\": \"35.73.05\",\n        \"regency_code\": \"35.73\",\n        \"name\": \"Lowokwaru\"\n    }\n]"}]},{"name":"Kelurahan","id":"a0d8b536-3c56-4f95-a32a-bac7d3125cbe","protocolProfileBehavior":{"disableBodyPruning":true},"request":{"method":"GET","header":[],"url":{"raw":"{{baseUrl}}/wilayah/villages/35.73.05","host":["{{baseUrl}}"],"path":["wilayah","villages","35.73.05"]}},"response":[{"id":"7a11990f-bc56-4cc3-ab5b-da7c9c907073","name":"Kelurahan","originalRequest":{"method":"GET","header":[],"url":{"raw":"{{baseUrl}}/wilayah/villages/35.73.05","host":["{{baseUrl}}"],"path":["wilayah","villages","35.73.05"]}},"status":"OK","code":200,"_postman_previewlanguage":"json","header":[{"key":"X-Powered-By","value":"Express"},{"key":"Access-Control-Allow-Origin","value":"*"},{"key":"Content-Type","value":"application/json; charset=utf-8"},{"key":"Content-Length","value":"861"},{"key":"ETag","value":"W/\"35d-c1jsQJ3NmK1EZfdHcoEida69UI8\""},{"key":"Date","value":"Tue, 10 Sep 2024 01:34:50 GMT"},{"key":"Connection","value":"keep-alive"},{"key":"Keep-Alive","value":"timeout=5"}],"cookie":[],"responseTime":null,"body":"[\n    {\n        \"code\": \"35.73.05.1001\",\n        \"district_code\": \"35.73.05\",\n        \"name\": \"Tunggulwulung\"\n    },\n    {\n        \"code\": \"35.73.05.1002\",\n        \"district_code\": \"35.73.05\",\n        \"name\": \"Merjosari\"\n    },\n    {\n        \"code\": \"35.73.05.1003\",\n        \"district_code\": \"35.73.05\",\n        \"name\": \"Tlogomas\"\n    },\n    {\n        \"code\": \"35.73.05.1004\",\n        \"district_code\": \"35.73.05\",\n        \"name\": \"Dinoyo\"\n    },\n    {\n        \"code\": \"35.73.05.1005\",\n        \"district_code\": \"35.73.05\",\n        \"name\": \"Sumbersari\"\n    },\n    {\n        \"code\": \"35.73.05.1006\",\n        \"district_code\": \"35.73.05\",\n        \"name\": \"Ketawanggede\"\n    },\n    {\n        \"code\": \"35.73.05.1007\",\n        \"district_code\": \"35.73.05\",\n        \"name\": \"Jatimulyo\"\n    },\n    {\n        \"code\": \"35.73.05.1008\",\n        \"district_code\": \"35.73.05\",\n        \"name\": \"Tunjungsekar\"\n    },\n    {\n        \"code\": \"35.73.05.1009\",\n        \"district_code\": \"35.73.05\",\n        \"name\": \"Mojolangu\"\n    },\n    {\n        \"code\": \"35.73.05.1010\",\n        \"district_code\": \"35.73.05\",\n        \"name\": \"Tulusrejo\"\n    },\n    {\n        \"code\": \"35.73.05.1011\",\n        \"district_code\": \"35.73.05\",\n        \"name\": \"Lowokwaru\"\n    },\n    {\n        \"code\": \"35.73.05.1012\",\n        \"district_code\": \"35.73.05\",\n        \"name\": \"Tasik Madu\"\n    }\n]"}]}]}