{"info":{"_postman_id":"6cc88ed2-d36d-49e3-83f0-2c6371b7d023","name":"Agremment Letter","schema":"https://schema.getpostman.com/json/collection/v2.1.0/collection.json"},"item":[{"name":"Create Agreement Letter","id":"65b416a6-fbf1-4831-86bd-94b33c4f6b25","protocolProfileBehavior":{"disableBodyPruning":true},"request":{"auth":{"type":"bearer","bearer":[{"key":"token","value":"{{jwtToken}}","type":"string"}]},"method":"POST","header":[],"body":{"mode":"formdata","formdata":[{"key":"id_projek","value":"db72991e-d57f-4baf-9310-75b2aed81a7f","type":"text"},{"key":"tanda_tangan","type":"file","fileUploadError":"","src":"/C:/Users/DELL/OneDrive/Gambar/Screenshot 2023-10-15 221739.png"}]},"url":{"raw":"{{baseUrl}}/project/agreement-letter","host":["{{baseUrl}}"],"path":["project","agreement-letter"]}},"response":[]},{"name":"Get Agreement Letter","id":"1a2a318a-d8a6-41ed-9379-8058610bb5ca","protocolProfileBehavior":{"disableBodyPruning":true},"request":{"auth":{"type":"bearer","bearer":[{"key":"token","value":"{{jwtToken}}","type":"string"}]},"method":"GET","header":[],"url":{"raw":"{{baseUrl}}/project/agreement-letter","host":["{{baseUrl}}"],"path":["project","agreement-letter"]}},"response":[{"id":"c19b54e3-e66c-4be8-86d9-ea0e64b970ca","name":"Get Agreement Letter","originalRequest":{"method":"GET","header":[],"url":{"raw":"{{baseUrl}}/project/agreement-letter","host":["{{baseUrl}}"],"path":["project","agreement-letter"]}},"status":"OK","code":200,"_postman_previewlanguage":"json","header":[{"key":"X-Powered-By","value":"Express"},{"key":"Access-Control-Allow-Origin","value":"*"},{"key":"Content-Type","value":"application/json; charset=utf-8"},{"key":"Content-Length","value":"6640"},{"key":"ETag","value":"W/\"19f0-W8WvVjkhB31JHfYfmCO841dnNfA\""},{"key":"Date","value":"Tue, 08 Oct 2024 02:17:54 GMT"},{"key":"Connection","value":"keep-alive"},{"key":"Keep-Alive","value":"timeout=5"}],"cookie":[],"responseTime":null,"body":"{\n    \"data\": [\n        {\n            \"id\": \"43dde16f-1d9b-4f0a-92a9-ca8356154c83\",\n            \"id_projek\": \"a47ab758-92d8-48f5-830b-27bd884c4c84\",\n            \"id_user\": \"b4b60fea-3ecd-43da-a907-055816f0ba0a\",\n            \"nama_proyek\": \"timidus decimus conturbo\",\n            \"nama_petugas\": \"Ali Murrofid\",\n            \"alamat_petugas\": \"Ki. Ruecker no 9\",\n            \"nama_pemilik_proyek\": \"Jasmin Purwanti\",\n            \"nik\": \"0674476049768985\",\n            \"no_hp\": \"6239788464641\",\n            \"alamat\": \"Ds. Harimurti no 18\",\n            \"tanda_tangan\": \"https://cloudflare-ipfs.com/ipfs/Qmd3W5DuhgHirLHGVixi6V76LhCkZUz6pnFt5AJBiyvHye/avatar/292.jpg\",\n            \"nominal_disetujui\": 5907628,\n            \"created_at\": \"2024-10-01T03:43:04.137Z\",\n            \"updated_at\": null\n        },\n        {\n            \"id\": \"cb5781d4-c9b9-406a-b970-35af80f52457\",\n            \"id_projek\": \"c0cb21ae-7c59-4b32-846c-55bc98697e95\",\n            \"id_user\": \"4094ea1d-9ce5-42d8-bb74-1219874627a2\",\n            \"nama_proyek\": \"non aduro xiphias\",\n            \"nama_petugas\": \"Ali Murrofid\",\n            \"alamat_petugas\": \"Ki. Ruecker no 9\",\n            \"nama_pemilik_proyek\": \"Waluyo Cecep\",\n            \"nik\": \"5429032837264192\",\n            \"no_hp\": \"6290271424694\",\n            \"alamat\": \"Kpg. Waters no 98\",\n            \"tanda_tangan\": \"https://avatars.githubusercontent.com/u/40394140\",\n            \"nominal_disetujui\": 59341746,\n            \"created_at\": \"2024-10-01T03:43:04.137Z\",\n            \"updated_at\": null\n        },\n        {\n            \"id\": \"11dc80f5-8535-4c46-8f8b-0083c7d11ea8\",\n            \"id_projek\": \"c0cb21ae-7c59-4b32-846c-55bc98697e95\",\n            \"id_user\": \"895f1070-67df-4b22-aa6c-f1a49209b463\",\n            \"nama_proyek\": \"debitis colligo sortitus\",\n            \"nama_petugas\": \"Ali Murrofid\",\n            \"alamat_petugas\": \"Ki. Ruecker no 9\",\n            \"nama_pemilik_proyek\": \"Restu Restu Wulandari\",\n            \"nik\": \"1571118419597674\",\n            \"no_hp\": \"6287515050075\",\n            \"alamat\": \"Ds. Tari no 84\",\n            \"tanda_tangan\": \"https://cloudflare-ipfs.com/ipfs/Qmd3W5DuhgHirLHGVixi6V76LhCkZUz6pnFt5AJBiyvHye/avatar/616.jpg\",\n            \"nominal_disetujui\": 32810495,\n            \"created_at\": \"2024-10-01T03:43:04.137Z\",\n            \"updated_at\": null\n        },\n        {\n            \"id\": \"425dd2b7-f8ed-4e57-baf3-2c79e5edd9ce\",\n            \"id_projek\": \"3eaeaa66-7aa4-4c5f-b23c-cffe5af539f5\",\n            \"id_user\": \"387f6881-c294-42d8-8797-f49894deb181\",\n            \"nama_proyek\": \"laudantium timidus amissio\",\n            \"nama_petugas\": \"Ali Murrofid\",\n            \"alamat_petugas\": \"Ki. Ruecker no 9\",\n            \"nama_pemilik_proyek\": \"Nurlaela Febrina\",\n            \"nik\": \"8650168018534704\",\n            \"no_hp\": \"6251220047758\",\n            \"alamat\": \"Jln. Heru no 18\",\n            \"tanda_tangan\": \"https://avatars.githubusercontent.com/u/95927499\",\n            \"nominal_disetujui\": 97580333,\n            \"created_at\": \"2024-10-01T03:43:04.137Z\",\n            \"updated_at\": null\n        },\n        {\n            \"id\": \"95979530-1e4a-4906-9802-4afb6300e70b\",\n            \"id_projek\": \"3675e144-49ce-4c4c-9953-40d697e868fa\",\n            \"id_user\": \"e74cda37-45c4-4694-915a-ef420ffab994\",\n            \"nama_proyek\": \"absorbeo victus tolero\",\n            \"nama_petugas\": \"Ali Murrofid\",\n            \"alamat_petugas\": \"Ki. Ruecker no 9\",\n            \"nama_pemilik_proyek\": \"Adriansyah Indra\",\n            \"nik\": \"9439366119976408\",\n            \"no_hp\": \"6269592175181\",\n            \"alamat\": \"Jln. Ajiman no 77\",\n            \"tanda_tangan\": \"https://avatars.githubusercontent.com/u/96186967\",\n            \"nominal_disetujui\": 19868100,\n            \"created_at\": \"2024-10-01T03:43:04.137Z\",\n            \"updated_at\": null\n        },\n        {\n            \"id\": \"b43117ef-9815-437a-a8a3-04cbe2128cb9\",\n            \"id_projek\": \"3eaeaa66-7aa4-4c5f-b23c-cffe5af539f5\",\n            \"id_user\": \"895f1070-67df-4b22-aa6c-f1a49209b463\",\n            \"nama_proyek\": \"sequi caput argumentum\",\n            \"nama_petugas\": \"Ali Murrofid\",\n            \"alamat_petugas\": \"Ki. Ruecker no 9\",\n            \"nama_pemilik_proyek\": \"Anjani Tri\",\n            \"nik\": \"3735006069998134\",\n            \"no_hp\": \"6273145830639\",\n            \"alamat\": \"Kpg. Cakrabirawa no 31\",\n            \"tanda_tangan\": \"https://avatars.githubusercontent.com/u/94595314\",\n            \"nominal_disetujui\": 14149873,\n            \"created_at\": \"2024-10-01T03:43:04.137Z\",\n            \"updated_at\": null\n        },\n        {\n            \"id\": \"65890231-7b03-40cc-82d1-bc6ceda3c8bc\",\n            \"id_projek\": \"5310c3ba-8da7-44f6-9c2d-57363b082aee\",\n            \"id_user\": \"0937d7fc-8aa2-4ce5-b437-64b755ce5ff6\",\n            \"nama_proyek\": \"Proyek peternakan naga\",\n            \"nama_petugas\": \"Ali Murrofid\",\n            \"alamat_petugas\": \"Ki. Ruecker no 9\",\n            \"nama_pemilik_proyek\": \"alimurrofid\",\n            \"nik\": \"3501234567890123\",\n            \"no_hp\": \"6281234567890\",\n            \"alamat\": \"Jl. Raya Tlogomas No. 246\",\n            \"tanda_tangan\": \"https://coursius.com/storage/images/thumb/2021_04_08_12_24_32_b46a6b4bb45b6863c78df7e2524b48ae_900x450_thumb.jpg\",\n            \"nominal_disetujui\": 10000000,\n            \"created_at\": \"2024-10-01T03:43:04.136Z\",\n            \"updated_at\": null\n        },\n        {\n            \"id\": \"fc5f6106-1400-47c0-a3bb-7ed607b1d0d0\",\n            \"id_projek\": \"848fdf64-a0f8-4dc4-8cc3-81678734edca\",\n            \"id_user\": \"7f9b87af-2805-4229-9fe8-7c0989067aec\",\n            \"nama_proyek\": \"Proyek Jual Beli T-Rex\",\n            \"nama_petugas\": \"Ali Murrofid\",\n            \"alamat_petugas\": \"Ki. Ruecker no 9\",\n            \"nama_pemilik_proyek\": \"budi santoso\",\n            \"nik\": \"3501234567890124\",\n            \"no_hp\": \"6281234567891\",\n            \"alamat\": \"Jl. Darmo No. 10\",\n            \"tanda_tangan\": \"https://coursius.com/storage/images/thumb/2021_04_08_12_24_32_b46a6b4bb45b6863c78df7e2524b48ae_900x450_thumb.jpg\",\n            \"nominal_disetujui\": 20000000,\n            \"created_at\": \"2024-10-01T03:43:04.136Z\",\n            \"updated_at\": null\n        },\n        {\n            \"id\": \"7b5494f5-89ff-4393-9913-5003bc4de280\",\n            \"id_projek\": \"1cb2fb21-70d0-4d74-8cbc-b907e4de0245\",\n            \"id_user\": \"ede3a47e-d9cf-40b7-ac27-dcfaf3e1260f\",\n            \"nama_proyek\": \"utique voluntarius voro\",\n            \"nama_petugas\": \"Ali Murrofid\",\n            \"alamat_petugas\": \"Ki. Ruecker no 9\",\n            \"nama_pemilik_proyek\": \"Salsabila Winarsih\",\n            \"nik\": \"1999022062692357\",\n            \"no_hp\": \"6236254291212\",\n            \"alamat\": \"Jr. Kambali no 52\",\n            \"tanda_tangan\": \"https://avatars.githubusercontent.com/u/61289862\",\n            \"nominal_disetujui\": 70541669,\n            \"created_at\": \"2024-10-01T03:43:04.136Z\",\n            \"updated_at\": null\n        },\n        {\n            \"id\": \"1efe98ed-bc14-43bd-93a1-d7ce4703f291\",\n            \"id_projek\": \"a47ab758-92d8-48f5-830b-27bd884c4c84\",\n            \"id_user\": \"0937d7fc-8aa2-4ce5-b437-64b755ce5ff6\",\n            \"nama_proyek\": \"tubineus argumentum recusandae\",\n            \"nama_petugas\": \"Ali Murrofid\",\n            \"alamat_petugas\": \"Ki. Ruecker no 9\",\n            \"nama_pemilik_proyek\": \"Dinda Usada\",\n            \"nik\": \"4904821058276621\",\n            \"no_hp\": \"6265077051031\",\n            \"alamat\": \"Psr. Margana no 41\",\n            \"tanda_tangan\": \"https://cloudflare-ipfs.com/ipfs/Qmd3W5DuhgHirLHGVixi6V76LhCkZUz6pnFt5AJBiyvHye/avatar/32.jpg\",\n            \"nominal_disetujui\": 49546628,\n            \"created_at\": \"2024-10-01T03:43:04.136Z\",\n            \"updated_at\": null\n        },\n        {\n            \"id\": \"3a7a7acf-e1be-437a-b069-2b28dba5a6e6\",\n            \"id_projek\": \"c0cb21ae-7c59-4b32-846c-55bc98697e95\",\n            \"id_user\": \"4094ea1d-9ce5-42d8-bb74-1219874627a2\",\n            \"nama_proyek\": \"defendo cotidie adamo\",\n            \"nama_petugas\": \"Ali Murrofid\",\n            \"alamat_petugas\": \"Ki. Ruecker no 9\",\n            \"nama_pemilik_proyek\": \"Ibrani Ibrani Febian\",\n            \"nik\": \"3792792534466922\",\n            \"no_hp\": \"6275294655262\",\n            \"alamat\": \"Ds. Novi no 5\",\n            \"tanda_tangan\": \"https://cloudflare-ipfs.com/ipfs/Qmd3W5DuhgHirLHGVixi6V76LhCkZUz6pnFt5AJBiyvHye/avatar/346.jpg\",\n            \"nominal_disetujui\": 23708962,\n            \"created_at\": \"2024-10-01T03:43:04.136Z\",\n            \"updated_at\": null\n        },\n        {\n            \"id\": \"999fee03-bb0a-4c33-8a1f-ed4e29f97095\",\n            \"id_projek\": \"15981dab-772e-4eb4-83d9-144170112911\",\n            \"id_user\": \"b4b60fea-3ecd-43da-a907-055816f0ba0a\",\n            \"nama_proyek\": \"succurro vigilo mollitia\",\n            \"nama_petugas\": \"Ali Murrofid\",\n            \"alamat_petugas\": \"Ki. Ruecker no 9\",\n            \"nama_pemilik_proyek\": \"Manullang Leo\",\n            \"nik\": \"5429906775013028\",\n            \"no_hp\": \"6206536846663\",\n            \"alamat\": \"Ds. Lang no 8\",\n            \"tanda_tangan\": \"https://cloudflare-ipfs.com/ipfs/Qmd3W5DuhgHirLHGVixi6V76LhCkZUz6pnFt5AJBiyvHye/avatar/605.jpg\",\n            \"nominal_disetujui\": 47246642,\n            \"created_at\": \"2024-10-01T03:43:04.136Z\",\n            \"updated_at\": null\n        }\n    ]\n}"},{"id":"d063150d-c624-482d-8899-46d93cf5494c","name":"Get Agreement Letter","originalRequest":{"method":"GET","header":[],"url":{"raw":"{{baseUrl}}/project/agreement-letter?search=budi","host":["{{baseUrl}}"],"path":["project","agreement-letter"],"query":[{"key":"search","value":"budi"}]}},"status":"OK","code":200,"_postman_previewlanguage":"json","header":[{"key":"X-Powered-By","value":"Express"},{"key":"Access-Control-Allow-Origin","value":"*"},{"key":"Content-Type","value":"application/json; charset=utf-8"},{"key":"Content-Length","value":"592"},{"key":"ETag","value":"W/\"250-9c+rDPzpwg7A7XhdfFtWSgTo25M\""},{"key":"Date","value":"Tue, 08 Oct 2024 02:19:09 GMT"},{"key":"Connection","value":"keep-alive"},{"key":"Keep-Alive","value":"timeout=5"}],"cookie":[],"responseTime":null,"body":"{\n    \"data\": [\n        {\n            \"id\": \"fc5f6106-1400-47c0-a3bb-7ed607b1d0d0\",\n            \"id_projek\": \"848fdf64-a0f8-4dc4-8cc3-81678734edca\",\n            \"id_user\": \"7f9b87af-2805-4229-9fe8-7c0989067aec\",\n            \"nama_proyek\": \"Proyek Jual Beli T-Rex\",\n            \"nama_petugas\": \"Ali Murrofid\",\n            \"alamat_petugas\": \"Ki. Ruecker no 9\",\n            \"nama_pemilik_proyek\": \"budi santoso\",\n            \"nik\": \"3501234567890124\",\n            \"no_hp\": \"6281234567891\",\n            \"alamat\": \"Jl. Darmo No. 10\",\n            \"tanda_tangan\": \"https://coursius.com/storage/images/thumb/2021_04_08_12_24_32_b46a6b4bb45b6863c78df7e2524b48ae_900x450_thumb.jpg\",\n            \"nominal_disetujui\": 20000000,\n            \"created_at\": \"2024-10-01T03:43:04.136Z\",\n            \"updated_at\": null\n        }\n    ]\n}"}]},{"name":"Get Agreement Letter By Project Id","id":"59d86d34-5091-4410-af7b-82ef66fb0deb","protocolProfileBehavior":{"disableBodyPruning":true},"request":{"auth":{"type":"bearer","bearer":[{"key":"token","value":"{{jwtToken}}","type":"string"}]},"method":"GET","header":[],"url":{"raw":"{{baseUrl}}/project/eb57f405-4d86-49d8-a3b7-683a0605ce09/agreement-letter","host":["{{baseUrl}}"],"path":["project","eb57f405-4d86-49d8-a3b7-683a0605ce09","agreement-letter"]}},"response":[{"id":"6c9a2f84-e203-4719-95df-85532dcb3613","name":"Get Agreement Letter By Id","originalRequest":{"method":"GET","header":[],"url":{"raw":"{{baseUrl}}/project/eb57f405-4d86-49d8-a3b7-683a0605ce09/agreement-letter","host":["{{baseUrl}}"],"path":["project","eb57f405-4d86-49d8-a3b7-683a0605ce09","agreement-letter"]}},"status":"OK","code":200,"_postman_previewlanguage":"json","header":[{"key":"X-Powered-By","value":"Express"},{"key":"Access-Control-Allow-Origin","value":"*"},{"key":"Content-Type","value":"application/json; charset=utf-8"},{"key":"Content-Length","value":"458"},{"key":"ETag","value":"W/\"1ca-l6ye+/ZvZcaj+KzqIChIdpXQZOM\""},{"key":"Date","value":"Fri, 18 Oct 2024 10:09:00 GMT"},{"key":"Connection","value":"keep-alive"},{"key":"Keep-Alive","value":"timeout=5"}],"cookie":[],"responseTime":null,"body":"{\n    \"data\": [\n        {\n            \"idProjek\": \"eb57f405-4d86-49d8-a3b7-683a0605ce09\",\n            \"idUser\": \"9de1c8d4-a643-4199-b7ee-f9afb821ebca\",\n            \"namaProyek\": \"aspicio suscipio architecto\",\n            \"namaPetugas\": \"alimurrofid\",\n            \"alamatPetugas\": \"Jl. Raya Tlogomas No. 246\",\n            \"namaPemilikProyek\": \"Kenzie Kenzie Pangestu\",\n            \"nik\": \"3055880197968367\",\n            \"noHp\": \"6257628648114\",\n            \"alamat\": \"Ds. Veum no 2\",\n            \"tandaTangan\": \"/uploads/tanda_tangan/1729246110122-hand-globe.png\",\n            \"nominalDisetujui\": \"0\",\n            \"createdAt\": \"1729246109\"\n        }\n    ]\n}"}]}]}