{"info":{"_postman_id":"6d19031c-b5e1-4143-aa2b-a010885e2903","name":"Wallet (Wallet Service)","schema":"https://schema.getpostman.com/json/collection/v2.1.0/collection.json"},"item":[{"name":"Create Wallet","id":"9ba25f53-9f7f-47c7-95fd-00719ba0cc3e","protocolProfileBehavior":{"disableBodyPruning":true},"request":{"auth":{"type":"apikey","apikey":[{"key":"value","value":"{{walletApiKey}}","type":"string"},{"key":"key","value":"x-api-key","type":"string"},{"key":"in","value":"header","type":"string"}]},"method":"POST","header":[],"body":{"mode":"raw","raw":"{\r\n    \"id_user\" : \"a0a500f8-3780-4393-912e-9bc1e4f51f0b\"\r\n}","options":{"raw":{"language":"json"}}},"url":{"raw":"{{walletUrl}}/wallet/create","host":["{{walletUrl}}"],"path":["wallet","create"]}},"response":[{"id":"6598f2da-c63c-41aa-9000-216f4ec3dab5","name":"Create Wallet","originalRequest":{"method":"POST","header":[],"body":{"mode":"raw","raw":"{\r\n    \"id_user\" : \"a0a500f8-3780-4393-912e-9bc1e4f51f0b\"\r\n}","options":{"raw":{"language":"json"}}},"url":{"raw":"{{walletUrl}}/wallet/create","host":["{{walletUrl}}"],"path":["wallet","create"]}},"status":"Created","code":201,"_postman_previewlanguage":"json","header":[{"key":"X-Powered-By","value":"Express"},{"key":"Access-Control-Allow-Origin","value":"*"},{"key":"Content-Type","value":"application/json; charset=utf-8"},{"key":"Content-Length","value":"54"},{"key":"ETag","value":"W/\"36-hdTk2C8tJ0lSKcFDsTjtoY6p4Zc\""},{"key":"Date","value":"Mon, 02 Dec 2024 04:33:03 GMT"},{"key":"Connection","value":"keep-alive"},{"key":"Keep-Alive","value":"timeout=5"}],"cookie":[],"responseTime":null,"body":"{\n    \"data\": {\n        \"id\": \"4b6ad294-8d9c-4990-9d42-5f8b2564523b\"\n    }\n}"}]},{"name":"Get Wallet By Id","id":"1895f9c6-be00-4274-84fa-e8a2783f742f","protocolProfileBehavior":{"disableBodyPruning":true},"request":{"auth":{"type":"apikey","apikey":[{"key":"value","value":"{{walletApiKey}}","type":"string"},{"key":"key","value":"x-api-key","type":"string"},{"key":"in","value":"header","type":"string"}]},"method":"GET","header":[],"url":{"raw":"{{walletUrl}}/wallet/d11bc330-b9b4-4074-b832-abc9580201fb","host":["{{walletUrl}}"],"path":["wallet","d11bc330-b9b4-4074-b832-abc9580201fb"]}},"response":[{"id":"aec96327-c22a-4582-9cc9-d81d5fde06a1","name":"Get Wallet By Id","originalRequest":{"method":"GET","header":[],"url":{"raw":"{{walletUrl}}/wallet/4b6ad294-8d9c-4990-9d42-5f8b2564523b","host":["{{walletUrl}}"],"path":["wallet","4b6ad294-8d9c-4990-9d42-5f8b2564523b"]}},"status":"OK","code":200,"_postman_previewlanguage":"json","header":[{"key":"X-Powered-By","value":"Express"},{"key":"Access-Control-Allow-Origin","value":"*"},{"key":"Content-Type","value":"application/json; charset=utf-8"},{"key":"Content-Length","value":"171"},{"key":"ETag","value":"W/\"ab-jSdPpeJ5WMjlUjTYVqhgxa9iLw4\""},{"key":"Date","value":"Mon, 02 Dec 2024 04:34:11 GMT"},{"key":"Connection","value":"keep-alive"},{"key":"Keep-Alive","value":"timeout=5"}],"cookie":[],"responseTime":null,"body":"{\n    \"data\": {\n        \"id\": \"4b6ad294-8d9c-4990-9d42-5f8b2564523b\",\n        \"id_user\": \"a0a500f8-3780-4393-912e-9bc1e4f51f0b\",\n        \"saldo\": 0,\n        \"created_at\": \"2024-12-02T11:33:03.511Z\",\n        \"updated_at\": null\n    }\n}"}]},{"name":"Get Wallet By User Id","id":"9fece197-5e54-41fb-a6eb-af0947f3bdbf","protocolProfileBehavior":{"disableBodyPruning":true},"request":{"auth":{"type":"apikey","apikey":[{"key":"value","value":"{{walletApiKey}}","type":"string"},{"key":"key","value":"x-api-key","type":"string"},{"key":"in","value":"header","type":"string"}]},"method":"GET","header":[{"key":"","value":"","type":"text"}],"url":{"raw":"{{walletUrl}}/wallet/user/a258fc20-32fd-4bce-9a99-85dd2551fab7","host":["{{walletUrl}}"],"path":["wallet","user","a258fc20-32fd-4bce-9a99-85dd2551fab7"]}},"response":[{"id":"3f53e182-e5ac-494e-ae9e-7adc34c3b975","name":"Get Wallet By User Id","originalRequest":{"method":"GET","header":[],"url":{"raw":"{{walletUrl}}/wallet/user/a0a500f8-3780-4393-912e-9bc1e4f51f0b","host":["{{walletUrl}}"],"path":["wallet","user","a0a500f8-3780-4393-912e-9bc1e4f51f0b"]}},"status":"OK","code":200,"_postman_previewlanguage":"json","header":[{"key":"X-Powered-By","value":"Express"},{"key":"Access-Control-Allow-Origin","value":"*"},{"key":"Content-Type","value":"application/json; charset=utf-8"},{"key":"Content-Length","value":"171"},{"key":"ETag","value":"W/\"ab-jSdPpeJ5WMjlUjTYVqhgxa9iLw4\""},{"key":"Date","value":"Mon, 02 Dec 2024 04:35:10 GMT"},{"key":"Connection","value":"keep-alive"},{"key":"Keep-Alive","value":"timeout=5"}],"cookie":[],"responseTime":null,"body":"{\n    \"data\": {\n        \"id\": \"4b6ad294-8d9c-4990-9d42-5f8b2564523b\",\n        \"id_user\": \"a0a500f8-3780-4393-912e-9bc1e4f51f0b\",\n        \"saldo\": 0,\n        \"created_at\": \"2024-12-02T11:33:03.511Z\",\n        \"updated_at\": null\n    }\n}"}]},{"name":"Update Saldo Wallet","id":"dc61902e-26b9-436f-8da9-e8b751b69dfc","protocolProfileBehavior":{"disableBodyPruning":true},"request":{"auth":{"type":"apikey","apikey":[{"key":"value","value":"{{walletApiKey}}","type":"string"},{"key":"key","value":"x-api-key","type":"string"},{"key":"in","value":"header","type":"string"}]},"method":"PUT","header":[],"body":{"mode":"raw","raw":"{\r\n    \"saldo\" : 10000000\r\n}","options":{"raw":{"language":"json"}}},"url":{"raw":"{{walletUrl}}/wallet/4b6ad294-8d9c-4990-9d42-5f8b2564523b","host":["{{walletUrl}}"],"path":["wallet","4b6ad294-8d9c-4990-9d42-5f8b2564523b"]}},"response":[{"id":"6b87fb17-8a59-4594-857e-0170a96c7239","name":"Update Saldo Wallet","originalRequest":{"method":"PUT","header":[],"body":{"mode":"raw","raw":"{\r\n    \"saldo\" : 10000000\r\n}","options":{"raw":{"language":"json"}}},"url":{"raw":"{{walletUrl}}/wallet/4b6ad294-8d9c-4990-9d42-5f8b2564523b","host":["{{walletUrl}}"],"path":["wallet","4b6ad294-8d9c-4990-9d42-5f8b2564523b"]}},"status":"OK","code":200,"_postman_previewlanguage":"json","header":[{"key":"X-Powered-By","value":"Express"},{"key":"Access-Control-Allow-Origin","value":"*"},{"key":"Content-Type","value":"application/json; charset=utf-8"},{"key":"Content-Length","value":"28"},{"key":"ETag","value":"W/\"1c-jgAzU+G/kDVJ5uIKxB7suaWix+s\""},{"key":"Date","value":"Mon, 02 Dec 2024 04:36:51 GMT"},{"key":"Connection","value":"keep-alive"},{"key":"Keep-Alive","value":"timeout=5"}],"cookie":[],"responseTime":null,"body":"{\n    \"message\": \"Wallet updated\"\n}"}]},{"name":"Get Total Wallet By User Id","id":"3f457be3-90fe-4159-b0dc-fe7c3479e914","protocolProfileBehavior":{"disableBodyPruning":true},"request":{"auth":{"type":"apikey","apikey":[{"key":"value","value":"{{walletApiKey}}","type":"string"},{"key":"key","value":"x-api-key","type":"string"},{"key":"in","value":"header","type":"string"}]},"method":"GET","header":[],"url":{"raw":"{{walletUrl}}/wallet/total/6f165ca5-80d3-40ae-a54f-43ca8e82ba2c","host":["{{walletUrl}}"],"path":["wallet","total","6f165ca5-80d3-40ae-a54f-43ca8e82ba2c"]}},"response":[{"id":"d5878fe9-c153-41ba-ab96-0556dec8ffd2","name":"Get Total Wallet By User Id","originalRequest":{"method":"GET","header":[],"url":{"raw":"{{walletUrl}}/wallet/total/6f165ca5-80d3-40ae-a54f-43ca8e82ba2d","host":["{{walletUrl}}"],"path":["wallet","total","6f165ca5-80d3-40ae-a54f-43ca8e82ba2d"]}},"status":"OK","code":200,"_postman_previewlanguage":"json","header":[{"key":"X-Powered-By","value":"Express"},{"key":"Access-Control-Allow-Origin","value":"*"},{"key":"Content-Type","value":"application/json; charset=utf-8"},{"key":"Content-Length","value":"30"},{"key":"ETag","value":"W/\"1e-DlJzHDMQqHCzGgYebEDkFvX2f1g\""},{"key":"Date","value":"Mon, 02 Dec 2024 07:32:08 GMT"},{"key":"Connection","value":"keep-alive"},{"key":"Keep-Alive","value":"timeout=5"}],"cookie":[],"responseTime":null,"body":"{\n    \"data\": [\n        {\n            \"saldo\": \"1000000\"\n        }\n    ]\n}"}]}]}