{"info":{"_postman_id":"7e1e46a2-75a3-460a-89c2-dce32882b6b0","name":"Mutation","schema":"https://schema.getpostman.com/json/collection/v2.1.0/collection.json"},"item":[{"name":"Create Mutation","id":"d480da3e-e270-4640-a5ed-035a3152b6a3","protocolProfileBehavior":{"disableBodyPruning":true},"request":{"auth":{"type":"bearer","bearer":[{"key":"token","value":"{{jwtToken}}","type":"string"}]},"method":"POST","header":[],"body":{"mode":"formdata","formdata":[{"key":"id_projek","value":"c8d00a96-5171-4758-aa43-1639bda8f058","type":"text"},{"key":"judul","value":"Mutasi Project Baru","type":"text"},{"key":"pemasukan","value":"6000000","type":"text"},{"key":"pengeluaran","value":"3000000","type":"text"},{"key":"laporan","type":"file","src":"postman-cloud:///1ef699d5-67f7-43f0-b3ff-e21d3202bfc1"}]},"url":{"raw":"{{baseUrl}}/mutation","host":["{{baseUrl}}"],"path":["mutation"]}},"response":[]},{"name":"Get All Mutation","id":"c288c20b-db30-4117-9739-a8121f6657b2","protocolProfileBehavior":{"disableBodyPruning":true},"request":{"auth":{"type":"bearer","bearer":[{"key":"token","value":"{{jwtToken}}","type":"string"}]},"method":"GET","header":[],"url":{"raw":"{{baseUrl}}/mutation","host":["{{baseUrl}}"],"path":["mutation"]}},"response":[{"id":"0e5ba87c-03f7-4982-b846-7045ffa3e942","name":"Get All Mutation","originalRequest":{"method":"GET","header":[],"url":{"raw":"{{baseUrl}}/mutation?search=Projek%20Naga%20Mutasi","host":["{{baseUrl}}"],"path":["mutation"],"query":[{"key":"search","value":"Projek%20Naga%20Mutasi"}]}},"status":"OK","code":200,"_postman_previewlanguage":"json","header":[{"key":"X-Powered-By","value":"Express"},{"key":"Access-Control-Allow-Origin","value":"*"},{"key":"Content-Type","value":"application/json; charset=utf-8"},{"key":"Content-Length","value":"3727"},{"key":"ETag","value":"W/\"e8f-Jm6grZqQb0LRZsg6zQVYFhzgfoM\""},{"key":"Date","value":"Tue, 01 Oct 2024 06:51:17 GMT"},{"key":"Connection","value":"keep-alive"},{"key":"Keep-Alive","value":"timeout=5"}],"cookie":[],"responseTime":null,"body":"{\n    \"data\": [\n        {\n            \"id\": \"03a5d373-6a98-4977-8c13-18954f4e5d64\",\n            \"id_projek\": \"5310c3ba-8da7-44f6-9c2d-57363b082aee\",\n            \"judul\": \"Projek Naga Mutasi 3\",\n            \"pemasukan\": 3000000,\n            \"pengeluaran\": 700000,\n            \"laporan\": \"https://cloudflare-ipfs.com/ipfs/Qmd3W5DuhgHirLHGVixi6V76LhCkZUz6pnFt5AJBiyvHye/avatar/251.jpg\",\n            \"created_at\": \"2024-06-10T13:39:24.000Z\",\n            \"updated_at\": null,\n            \"project\": {\n                \"id\": \"5310c3ba-8da7-44f6-9c2d-57363b082aee\",\n                \"id_user\": \"0937d7fc-8aa2-4ce5-b437-64b755ce5ff6\",\n                \"id_kategori\": \"a6bc06cf-dcac-43e4-9e7e-ee830873b7c1\",\n                \"judul\": \"Proyek Peternakan\",\n                \"deskripsi\": \"Proyek peternakan naga\",\n                \"nominal\": 10000000,\n                \"asset_jaminan\": \"Tanah\",\n                \"nilai_jaminan\": 20000000,\n                \"lokasi_usaha\": \"Malang\",\n                \"detail_lokasi\": \"Jl. Raya Tlogomas No. 246\",\n                \"brosur_produk\": \"https://everpro.id/blog/contoh-brosur-minuman/\",\n                \"pendapatan_perbulan\": 2000000,\n                \"pengeluaran_perbulan\": 500000,\n                \"report_progress\": \"3\",\n                \"dokumen_proyeksi\": \"https://encrypted-tbn0.gstatic.com/images?q=tbn:ANd9GcRm7Ed-GxL_MOmlJj7Zo2pzKtOdS9gKBDHxTA&s\",\n                \"status\": \"APPROVAL\",\n                \"nominal_disetujui\": 10000000,\n                \"harga_per_unit\": 1000000,\n                \"jumlah_koin\": 10,\n                \"minimal_pembelian\": 1,\n                \"maksimal_pembelian\": 10,\n                \"mulai_penggalangan_dana\": null,\n                \"selesai_penggalangan_dana\": null,\n                \"dokumen_prospektus\": null,\n                \"created_at\": \"2023-05-10T13:39:24.000Z\",\n                \"updated_at\": null\n            }\n        },\n        {\n            \"id\": \"67ba8903-5aae-42cd-a67b-96e015b59b06\",\n            \"id_projek\": \"5310c3ba-8da7-44f6-9c2d-57363b082aee\",\n            \"judul\": \"Projek Naga Mutasi 2\",\n            \"pemasukan\": 2000000,\n            \"pengeluaran\": 500000,\n            \"laporan\": \"https://cloudflare-ipfs.com/ipfs/Qmd3W5DuhgHirLHGVixi6V76LhCkZUz6pnFt5AJBiyvHye/avatar/76.jpg\",\n            \"created_at\": \"2024-03-10T13:39:24.000Z\",\n            \"updated_at\": null,\n            \"project\": {\n                \"id\": \"5310c3ba-8da7-44f6-9c2d-57363b082aee\",\n                \"id_user\": \"0937d7fc-8aa2-4ce5-b437-64b755ce5ff6\",\n                \"id_kategori\": \"a6bc06cf-dcac-43e4-9e7e-ee830873b7c1\",\n                \"judul\": \"Proyek Peternakan\",\n                \"deskripsi\": \"Proyek peternakan naga\",\n                \"nominal\": 10000000,\n                \"asset_jaminan\": \"Tanah\",\n                \"nilai_jaminan\": 20000000,\n                \"lokasi_usaha\": \"Malang\",\n                \"detail_lokasi\": \"Jl. Raya Tlogomas No. 246\",\n                \"brosur_produk\": \"https://everpro.id/blog/contoh-brosur-minuman/\",\n                \"pendapatan_perbulan\": 2000000,\n                \"pengeluaran_perbulan\": 500000,\n                \"report_progress\": \"3\",\n                \"dokumen_proyeksi\": \"https://encrypted-tbn0.gstatic.com/images?q=tbn:ANd9GcRm7Ed-GxL_MOmlJj7Zo2pzKtOdS9gKBDHxTA&s\",\n                \"status\": \"APPROVAL\",\n                \"nominal_disetujui\": 10000000,\n                \"harga_per_unit\": 1000000,\n                \"jumlah_koin\": 10,\n                \"minimal_pembelian\": 1,\n                \"maksimal_pembelian\": 10,\n                \"mulai_penggalangan_dana\": null,\n                \"selesai_penggalangan_dana\": null,\n                \"dokumen_prospektus\": null,\n                \"created_at\": \"2023-05-10T13:39:24.000Z\",\n                \"updated_at\": null\n            }\n        },\n        {\n            \"id\": \"20d8820c-abba-4357-b941-906452bdef23\",\n            \"id_projek\": \"5310c3ba-8da7-44f6-9c2d-57363b082aee\",\n            \"judul\": \"Projek Naga Mutasi 1\",\n            \"pemasukan\": 1000000,\n            \"pengeluaran\": 800000,\n            \"laporan\": \"https://cloudflare-ipfs.com/ipfs/Qmd3W5DuhgHirLHGVixi6V76LhCkZUz6pnFt5AJBiyvHye/avatar/1203.jpg\",\n            \"created_at\": \"2023-12-10T13:39:24.000Z\",\n            \"updated_at\": null,\n            \"project\": {\n                \"id\": \"5310c3ba-8da7-44f6-9c2d-57363b082aee\",\n                \"id_user\": \"0937d7fc-8aa2-4ce5-b437-64b755ce5ff6\",\n                \"id_kategori\": \"a6bc06cf-dcac-43e4-9e7e-ee830873b7c1\",\n                \"judul\": \"Proyek Peternakan\",\n                \"deskripsi\": \"Proyek peternakan naga\",\n                \"nominal\": 10000000,\n                \"asset_jaminan\": \"Tanah\",\n                \"nilai_jaminan\": 20000000,\n                \"lokasi_usaha\": \"Malang\",\n                \"detail_lokasi\": \"Jl. Raya Tlogomas No. 246\",\n                \"brosur_produk\": \"https://everpro.id/blog/contoh-brosur-minuman/\",\n                \"pendapatan_perbulan\": 2000000,\n                \"pengeluaran_perbulan\": 500000,\n                \"report_progress\": \"3\",\n                \"dokumen_proyeksi\": \"https://encrypted-tbn0.gstatic.com/images?q=tbn:ANd9GcRm7Ed-GxL_MOmlJj7Zo2pzKtOdS9gKBDHxTA&s\",\n                \"status\": \"APPROVAL\",\n                \"nominal_disetujui\": 10000000,\n                \"harga_per_unit\": 1000000,\n                \"jumlah_koin\": 10,\n                \"minimal_pembelian\": 1,\n                \"maksimal_pembelian\": 10,\n                \"mulai_penggalangan_dana\": null,\n                \"selesai_penggalangan_dana\": null,\n                \"dokumen_prospektus\": null,\n                \"created_at\": \"2023-05-10T13:39:24.000Z\",\n                \"updated_at\": null\n            }\n        }\n    ]\n}"}]},{"name":"Get Mutation By Id","id":"9ebb28f1-514f-49a5-87de-e370a9c692f2","protocolProfileBehavior":{"disableBodyPruning":true},"request":{"auth":{"type":"bearer","bearer":[{"key":"token","value":"{{jwtToken}}","type":"string"}]},"method":"GET","header":[],"url":{"raw":"{{baseUrl}}/mutation/20d8820c-abba-4357-b941-906452bdef23","host":["{{baseUrl}}"],"path":["mutation","20d8820c-abba-4357-b941-906452bdef23"]}},"response":[{"id":"e83e67b3-e3ca-4733-a3c0-bad05faa0c28","name":"Get Mutation By Id","originalRequest":{"method":"GET","header":[],"url":{"raw":"{{baseUrl}}/mutation/fdb2a803-f1a7-4735-91c5-0639dd01f26d","host":["{{baseUrl}}"],"path":["mutation","fdb2a803-f1a7-4735-91c5-0639dd01f26d"]}},"status":"OK","code":200,"_postman_previewlanguage":"json","header":[{"key":"X-Powered-By","value":"Express"},{"key":"Access-Control-Allow-Origin","value":"*"},{"key":"Content-Type","value":"application/json; charset=utf-8"},{"key":"Content-Length","value":"293"},{"key":"ETag","value":"W/\"125-QdNjl5WCaILsMmjcqlfT4ajQlOE\""},{"key":"Date","value":"Wed, 11 Sep 2024 03:23:24 GMT"},{"key":"Connection","value":"keep-alive"},{"key":"Keep-Alive","value":"timeout=5"}],"cookie":[],"responseTime":null,"body":"{\n    \"data\": [\n        {\n            \"id\": \"fdb2a803-f1a7-4735-91c5-0639dd01f26d\",\n            \"id_projek\": \"5310c3ba-8da7-44f6-9c2d-57363b082aee\",\n            \"judul\": \"Projek Mutasi 1\",\n            \"pemasukan\": 1000000,\n            \"pengeluaran\": 800000,\n            \"laporan\": \"https://avatars.githubusercontent.com/u/34481344\",\n            \"created_at\": \"2023-12-10T13:39:24.000Z\",\n            \"updated_at\": null\n        }\n    ]\n}"}]},{"name":"Get Mutation By Project Id","id":"65f06e28-17ea-444a-8b33-093062d19b5b","protocolProfileBehavior":{"disableBodyPruning":true},"request":{"auth":{"type":"bearer","bearer":[{"key":"token","value":"{{jwtToken}}","type":"string"}]},"method":"GET","header":[],"url":{"raw":"{{baseUrl}}/mutation/project/5310c3ba-8da7-44f6-9c2d-57363b082aee","host":["{{baseUrl}}"],"path":["mutation","project","5310c3ba-8da7-44f6-9c2d-57363b082aee"]}},"response":[{"id":"d982edba-6ab0-4977-9080-a07bcf56355e","name":"New Request","originalRequest":{"method":"GET","header":[],"url":{"raw":"{{baseUrl}}/mutation/project/5310c3ba-8da7-44f6-9c2d-57363b082aee","host":["{{baseUrl}}"],"path":["mutation","project","5310c3ba-8da7-44f6-9c2d-57363b082aee"]}},"status":"OK","code":200,"_postman_previewlanguage":"json","header":[{"key":"X-Powered-By","value":"Express"},{"key":"Access-Control-Allow-Origin","value":"*"},{"key":"Content-Type","value":"application/json; charset=utf-8"},{"key":"Content-Length","value":"1331"},{"key":"ETag","value":"W/\"533-2iQmjPXLNzJOda5zE8k5enABg/g\""},{"key":"Date","value":"Wed, 11 Sep 2024 03:26:50 GMT"},{"key":"Connection","value":"keep-alive"},{"key":"Keep-Alive","value":"timeout=5"}],"cookie":[],"responseTime":null,"body":"{\n    \"data\": {\n        \"mutation\": [\n            {\n                \"id\": \"6584654f-211f-40d1-b964-96f531c12dc7\",\n                \"id_projek\": \"5310c3ba-8da7-44f6-9c2d-57363b082aee\",\n                \"judul\": \"pecus creber arx\",\n                \"pemasukan\": 3696981,\n                \"pengeluaran\": 281586,\n                \"laporan\": \"https://cloudflare-ipfs.com/ipfs/Qmd3W5DuhgHirLHGVixi6V76LhCkZUz6pnFt5AJBiyvHye/avatar/724.jpg\",\n                \"created_at\": \"2024-09-11T03:14:01.242Z\",\n                \"updated_at\": null\n            },\n            {\n                \"id\": \"d6358247-f11d-41b6-bb2b-ffe131c95209\",\n                \"id_projek\": \"5310c3ba-8da7-44f6-9c2d-57363b082aee\",\n                \"judul\": \"Projek Mutasi 3\",\n                \"pemasukan\": 3000000,\n                \"pengeluaran\": 700000,\n                \"laporan\": \"https://avatars.githubusercontent.com/u/12621946\",\n                \"created_at\": \"2024-06-10T13:39:24.000Z\",\n                \"updated_at\": null\n            },\n            {\n                \"id\": \"43148469-5315-40d7-861b-f6eb07c43864\",\n                \"id_projek\": \"5310c3ba-8da7-44f6-9c2d-57363b082aee\",\n                \"judul\": \"Projek Mutasi 2\",\n                \"pemasukan\": 2000000,\n                \"pengeluaran\": 500000,\n                \"laporan\": \"https://cloudflare-ipfs.com/ipfs/Qmd3W5DuhgHirLHGVixi6V76LhCkZUz6pnFt5AJBiyvHye/avatar/357.jpg\",\n                \"created_at\": \"2024-03-10T13:39:24.000Z\",\n                \"updated_at\": null\n            },\n            {\n                \"id\": \"fdb2a803-f1a7-4735-91c5-0639dd01f26d\",\n                \"id_projek\": \"5310c3ba-8da7-44f6-9c2d-57363b082aee\",\n                \"judul\": \"Projek Mutasi 1\",\n                \"pemasukan\": 1000000,\n                \"pengeluaran\": 800000,\n                \"laporan\": \"https://avatars.githubusercontent.com/u/34481344\",\n                \"created_at\": \"2023-12-10T13:39:24.000Z\",\n                \"updated_at\": null\n            }\n        ],\n        \"canUploadReport\": false,\n        \"message\": \"You can upload the next report after 3 months.\"\n    }\n}"}]}]}