{"info":{"_postman_id":"8e76dfae-107a-4044-90d2-2970e3a30bd3","name":"Chart Token","schema":"https://schema.getpostman.com/json/collection/v2.1.0/collection.json"},"item":[{"name":"Get Last Chart Token By Id User & Id Project","id":"c14a70de-f048-41ae-8ea2-ae877eb819ed","protocolProfileBehavior":{"disableBodyPruning":true},"request":{"auth":{"type":"bearer","bearer":[{"key":"token","value":"{{jwtToken}}","type":"string"}]},"method":"GET","header":[],"url":{"raw":"{{baseUrl}}/chart-token/user/project/f30531ad-6965-475c-a0cb-63f98599965b/latest","host":["{{baseUrl}}"],"path":["chart-token","user","project","f30531ad-6965-475c-a0cb-63f98599965b","latest"]}},"response":[{"id":"12fb2b16-1164-413d-b567-627908f79de0","name":"Get Chart Token By Id User & Id Project","originalRequest":{"method":"GET","header":[],"url":{"raw":"{{baseUrl}}/chart-token/project/5310c3ba-8da7-44f6-9c2d-57363b082aee/latest","host":["{{baseUrl}}"],"path":["chart-token","project","5310c3ba-8da7-44f6-9c2d-57363b082aee","latest"]}},"status":"OK","code":200,"_postman_previewlanguage":"json","header":[{"key":"X-Powered-By","value":"Express"},{"key":"Access-Control-Allow-Origin","value":"*"},{"key":"Content-Type","value":"application/json; charset=utf-8"},{"key":"Content-Length","value":"50"},{"key":"ETag","value":"W/\"32-ulOXJKRXmDPbfzSFId4jsbiFAC8\""},{"key":"Date","value":"Wed, 18 Sep 2024 02:51:54 GMT"},{"key":"Connection","value":"keep-alive"},{"key":"Keep-Alive","value":"timeout=5"}],"cookie":[],"responseTime":null,"body":"{\n    \"data\": {\n        \"perubahan\": 752172,\n        \"persentase\": 7.52172\n    }\n}"}]},{"name":"Get Chart Token By Id User & Id Project","id":"24439434-4000-4dae-a266-4f2c17119d1d","protocolProfileBehavior":{"disableBodyPruning":true},"request":{"auth":{"type":"bearer","bearer":[{"key":"token","value":"{{jwtToken}}","type":"string"}]},"method":"GET","header":[],"url":{"raw":"{{baseUrl}}/chart-token/user/project/f30531ad-6965-475c-a0cb-63f98599965b","host":["{{baseUrl}}"],"path":["chart-token","user","project","f30531ad-6965-475c-a0cb-63f98599965b"]}},"response":[{"id":"1ddd2c57-64b5-45c1-bcdd-11bdc443ea6e","name":"New Request","originalRequest":{"method":"GET","header":[],"url":{"raw":"{{baseUrl}}/chart-token/project/5310c3ba-8da7-44f6-9c2d-57363b082aee","host":["{{baseUrl}}"],"path":["chart-token","project","5310c3ba-8da7-44f6-9c2d-57363b082aee"]}},"status":"OK","code":200,"_postman_previewlanguage":"json","header":[{"key":"X-Powered-By","value":"Express"},{"key":"Access-Control-Allow-Origin","value":"*"},{"key":"Content-Type","value":"application/json; charset=utf-8"},{"key":"Content-Length","value":"896"},{"key":"ETag","value":"W/\"380-40EYI0vJRSLGXvXz1qaQOvl9AjA\""},{"key":"Date","value":"Wed, 18 Sep 2024 02:48:23 GMT"},{"key":"Connection","value":"keep-alive"},{"key":"Keep-Alive","value":"timeout=5"}],"cookie":[],"responseTime":null,"body":"{\n    \"data\": [\n        {\n            \"id\": \"5b6cbcff-f4b3-449d-b524-43d95bb4e9d8\",\n            \"id_user\": \"0937d7fc-8aa2-4ce5-b437-64b755ce5ff6\",\n            \"id_projek\": \"5310c3ba-8da7-44f6-9c2d-57363b082aee\",\n            \"nominal\": 200000,\n            \"created_at\": \"2023-12-10T13:39:24.000Z\",\n            \"updated_at\": null\n        },\n        {\n            \"id\": \"b73150ee-f13d-4259-acb1-4c1282cb8696\",\n            \"id_user\": \"0937d7fc-8aa2-4ce5-b437-64b755ce5ff6\",\n            \"id_projek\": \"5310c3ba-8da7-44f6-9c2d-57363b082aee\",\n            \"nominal\": 1500000,\n            \"created_at\": \"2024-03-10T13:39:24.000Z\",\n            \"updated_at\": null\n        },\n        {\n            \"id\": \"8ad035b4-51e8-493d-928f-4d930c35eda4\",\n            \"id_user\": \"0937d7fc-8aa2-4ce5-b437-64b755ce5ff6\",\n            \"id_projek\": \"5310c3ba-8da7-44f6-9c2d-57363b082aee\",\n            \"nominal\": 2300000,\n            \"created_at\": \"2024-06-10T13:39:24.000Z\",\n            \"updated_at\": null\n        },\n        {\n            \"id\": \"6d5169f7-771b-4c56-9fb5-14b77fc5efec\",\n            \"id_user\": \"0937d7fc-8aa2-4ce5-b437-64b755ce5ff6\",\n            \"id_projek\": \"5310c3ba-8da7-44f6-9c2d-57363b082aee\",\n            \"nominal\": 752172,\n            \"created_at\": \"2024-09-18T02:35:56.621Z\",\n            \"updated_at\": null\n        }\n    ]\n}"}]},{"name":"Get All Chart Token By Id User","id":"731e1f55-8985-4ffc-a615-6bfa618c54f8","protocolProfileBehavior":{"disableBodyPruning":true},"request":{"auth":{"type":"bearer","bearer":[{"key":"token","value":"{{jwtToken}}","type":"string"}]},"method":"GET","header":[],"url":{"raw":"{{baseUrl}}/chart-token/user","host":["{{baseUrl}}"],"path":["chart-token","user"]}},"response":[{"id":"d3fedea7-8e5b-4f11-aa53-3fd6b993896b","name":"Get All Chart Token By Id User","originalRequest":{"method":"GET","header":[],"url":{"raw":"{{baseUrl}}/chart-token/user","host":["{{baseUrl}}"],"path":["chart-token","user"]}},"status":"OK","code":200,"_postman_previewlanguage":"json","header":[{"key":"X-Powered-By","value":"Express"},{"key":"Access-Control-Allow-Origin","value":"*"},{"key":"Content-Type","value":"application/json; charset=utf-8"},{"key":"Content-Length","value":"62"},{"key":"ETag","value":"W/\"3e-FAT5rETfOJDn+tdDl14QpHzzemA\""},{"key":"Date","value":"Tue, 22 Oct 2024 08:01:47 GMT"},{"key":"Connection","value":"keep-alive"},{"key":"Keep-Alive","value":"timeout=5"}],"cookie":[],"responseTime":null,"body":"{\n    \"data\": [\n        {\n            \"month\": \"10\",\n            \"year\": \"2024\",\n            \"sum_nominal\": \"409615\"\n        }\n    ]\n}"}]}]}