{"info":{"_postman_id":"9dd01ab1-9433-4761-8a21-3cf13fd82848","name":"Project Wallet","schema":"https://schema.getpostman.com/json/collection/v2.1.0/collection.json"},"item":[{"name":"Transfer Saldo","id":"173c6fc7-4d8f-42be-a8cd-e494728e2e26","protocolProfileBehavior":{"disableBodyPruning":true},"request":{"auth":{"type":"bearer","bearer":[{"key":"token","value":"{{jwtToken}}","type":"string"}]},"method":"POST","header":[],"body":{"mode":"formdata","formdata":[{"key":"id_projek","value":"5310c3ba-8da7-44f6-9c2d-57363b082aee","type":"text"},{"key":"amount","value":"200000","type":"text"},{"key":"deskripsi","value":"wleowleo","type":"text"},{"key":"bukti_transfer","type":"file","fileNotInWorkingDirectoryWarning":"This file isn't in your working directory. Teammates you share this request with won't be able to use this file. To make collaboration easier you can setup your working directory in Settings.","filesNotInWorkingDirectory":["/C:/Users/DELL/OneDrive/Gambar/Screenshot 2023-10-15 221739.png"],"src":"/C:/Users/DELL/OneDrive/Gambar/Screenshot 2023-10-15 221739.png"}]},"url":{"raw":"{{baseUrl}}/project-wallet/transfer-saldo","host":["{{baseUrl}}"],"path":["project-wallet","transfer-saldo"]}},"response":[{"id":"6fe1ec26-3571-4f94-b317-6378b69db251","name":"Transfer Saldo","originalRequest":{"method":"POST","header":[],"body":{"mode":"formdata","formdata":[{"key":"id_projek","value":"5310c3ba-8da7-44f6-9c2d-57363b082aee","type":"text"},{"key":"nominal","value":"100000","type":"text"},{"key":"deskripsi","value":"anu","type":"text"},{"key":"bukti_transfer","type":"file","src":"postman-cloud:///1ef699d5-67f7-43f0-b3ff-e21d3202bfc1"}]},"url":{"raw":"{{baseUrl}}/project-wallet/transfer-saldo","host":["{{baseUrl}}"],"path":["project-wallet","transfer-saldo"]}},"status":"Created","code":201,"_postman_previewlanguage":"json","header":[{"key":"X-Powered-By","value":"Express"},{"key":"Access-Control-Allow-Origin","value":"*"},{"key":"Content-Type","value":"application/json; charset=utf-8"},{"key":"Content-Length","value":"46"},{"key":"ETag","value":"W/\"2e-OlvpIn+rlcCf1yVF/jZ5adjShrQ\""},{"key":"Date","value":"Mon, 28 Oct 2024 02:28:02 GMT"},{"key":"Connection","value":"keep-alive"},{"key":"Keep-Alive","value":"timeout=5"}],"cookie":[],"responseTime":null,"body":"{\n    \"message\": \"Balance transferred successfully\"\n}"}]},{"name":"Get All Project Wallet","id":"5ccfd2f5-44cd-4cde-9b2c-c5704a0706bb","protocolProfileBehavior":{"disableBodyPruning":true},"request":{"auth":{"type":"bearer","bearer":[{"key":"token","value":"{{jwtToken}} ","type":"string"}]},"method":"GET","header":[],"url":{"raw":"{{baseUrl}}/project-wallet","host":["{{baseUrl}}"],"path":["project-wallet"]}},"response":[{"id":"d942bbc7-939e-4971-859e-3ff65de9204e","name":"Get All Project Wallet","originalRequest":{"method":"GET","header":[],"url":{"raw":"{{baseUrl}}/project-wallet?search=Proyek%20Peternakan","host":["{{baseUrl}}"],"path":["project-wallet"],"query":[{"key":"search","value":"Proyek%20Peternakan"}]}},"status":"OK","code":200,"_postman_previewlanguage":"json","header":[{"key":"X-Powered-By","value":"Express"},{"key":"Access-Control-Allow-Origin","value":"*"},{"key":"Content-Type","value":"application/json; charset=utf-8"},{"key":"Content-Length","value":"1160"},{"key":"ETag","value":"W/\"488-4PEjSV8/0mpr6sL499XOP8GOhM0\""},{"key":"Date","value":"Tue, 24 Sep 2024 01:45:26 GMT"},{"key":"Connection","value":"keep-alive"},{"key":"Keep-Alive","value":"timeout=5"}],"cookie":[],"responseTime":null,"body":"{\n    \"data\": [\n        {\n            \"id\": \"daf0d919-8f4d-40c1-bfaf-a131911bc604\",\n            \"id_projek\": \"5310c3ba-8da7-44f6-9c2d-57363b082aee\",\n            \"saldo\": 1000000,\n            \"created_at\": \"2024-09-23T04:20:35.739Z\",\n            \"project\": {\n                \"id\": \"5310c3ba-8da7-44f6-9c2d-57363b082aee\",\n                \"id_user\": \"0937d7fc-8aa2-4ce5-b437-64b755ce5ff6\",\n                \"id_kategori\": \"2291fc02-0f36-4053-8ca3-1de800e9b56c\",\n                \"judul\": \"Proyek Peternakan\",\n                \"deskripsi\": \"Proyek peternakan naga\",\n                \"nominal\": 10000000,\n                \"asset_jaminan\": \"Tanah\",\n                \"nilai_jaminan\": 20000000,\n                \"lokasi_usaha\": \"Malang\",\n                \"detail_lokasi\": \"Jl. Raya Tlogomas No. 246\",\n                \"brosur_produk\": \"https://everpro.id/blog/contoh-brosur-minuman/\",\n                \"pendapatan_perbulan\": 2000000,\n                \"pengeluaran_perbulan\": 500000,\n                \"report_progress\": \"3\",\n                \"dokumen_proyeksi\": \"https://encrypted-tbn0.gstatic.com/images?q=tbn:ANd9GcRm7Ed-GxL_MOmlJj7Zo2pzKtOdS9gKBDHxTA&s\",\n                \"status\": \"PENDANAAN DIBUKA\",\n                \"nominal_disetujui\": 10000000,\n                \"harga_per_unit\": 1000000,\n                \"jumlah_koin\": 10,\n                \"minimal_pembelian\": 1,\n                \"maksimal_pembelian\": 10,\n                \"mulai_penggalangan_dana\": \"2024-09-23\",\n                \"selesai_penggalangan_dana\": \"2024-12-01\",\n                \"dokumen_prospektus\": \"uploads/dokumen_prospektus/1727065745760-Permintaan Surat - Wades.xlsx\",\n                \"created_at\": \"2023-05-10T13:39:24.000Z\",\n                \"updated_at\": null\n            }\n        }\n    ]\n}"},{"id":"53bad8b2-0ce9-40b0-9182-ab363420cad5","name":"Get All Project Wallet","originalRequest":{"method":"GET","header":[],"url":{"raw":"{{baseUrl}}/project-wallet","host":["{{baseUrl}}"],"path":["project-wallet"]}},"status":"OK","code":200,"_postman_previewlanguage":"json","header":[{"key":"X-Powered-By","value":"Express"},{"key":"Access-Control-Allow-Origin","value":"*"},{"key":"Content-Type","value":"application/json; charset=utf-8"},{"key":"Content-Length","value":"3268"},{"key":"ETag","value":"W/\"cc4-ClVl+TxRqREriZYuE5eNremdTIk\""},{"key":"Date","value":"Tue, 24 Sep 2024 01:53:29 GMT"},{"key":"Connection","value":"keep-alive"},{"key":"Keep-Alive","value":"timeout=5"}],"cookie":[],"responseTime":null,"body":"{\n    \"data\": [\n        {\n            \"id\": \"daf0d919-8f4d-40c1-bfaf-a131911bc604\",\n            \"id_projek\": \"5310c3ba-8da7-44f6-9c2d-57363b082aee\",\n            \"saldo\": 1000000,\n            \"created_at\": \"2024-09-23T04:20:35.739Z\",\n            \"project\": {\n                \"id\": \"5310c3ba-8da7-44f6-9c2d-57363b082aee\",\n                \"id_user\": \"0937d7fc-8aa2-4ce5-b437-64b755ce5ff6\",\n                \"id_kategori\": \"2291fc02-0f36-4053-8ca3-1de800e9b56c\",\n                \"judul\": \"Proyek Peternakan\",\n                \"deskripsi\": \"Proyek peternakan naga\",\n                \"nominal\": 10000000,\n                \"asset_jaminan\": \"Tanah\",\n                \"nilai_jaminan\": 20000000,\n                \"lokasi_usaha\": \"Malang\",\n                \"detail_lokasi\": \"Jl. Raya Tlogomas No. 246\",\n                \"brosur_produk\": \"https://everpro.id/blog/contoh-brosur-minuman/\",\n                \"pendapatan_perbulan\": 2000000,\n                \"pengeluaran_perbulan\": 500000,\n                \"report_progress\": \"3\",\n                \"dokumen_proyeksi\": \"https://encrypted-tbn0.gstatic.com/images?q=tbn:ANd9GcRm7Ed-GxL_MOmlJj7Zo2pzKtOdS9gKBDHxTA&s\",\n                \"status\": \"PENDANAAN DIBUKA\",\n                \"nominal_disetujui\": 10000000,\n                \"harga_per_unit\": 1000000,\n                \"jumlah_koin\": 10,\n                \"minimal_pembelian\": 1,\n                \"maksimal_pembelian\": 10,\n                \"mulai_penggalangan_dana\": \"2024-09-23\",\n                \"selesai_penggalangan_dana\": \"2024-12-01\",\n                \"dokumen_prospektus\": \"uploads/dokumen_prospektus/1727065745760-Permintaan Surat - Wades.xlsx\",\n                \"created_at\": \"2023-05-10T13:39:24.000Z\",\n                \"updated_at\": null\n            }\n        },\n        {\n            \"id\": \"f0755d07-ff03-44df-90fe-92a609dbf822\",\n            \"id_projek\": \"848fdf64-a0f8-4dc4-8cc3-81678734edca\",\n            \"saldo\": 2000000,\n            \"created_at\": \"2024-09-23T04:20:35.739Z\",\n            \"project\": {\n                \"id\": \"848fdf64-a0f8-4dc4-8cc3-81678734edca\",\n                \"id_user\": \"0937d7fc-8aa2-4ce5-b437-64b755ce5ff6\",\n                \"id_kategori\": \"7d229a5a-f8ad-4f61-a01a-ec2e87ceaa53\",\n                \"judul\": \"Proyek Jual Beli\",\n                \"deskripsi\": \"Proyek Jual Beli T-Rex\",\n                \"nominal\": 20000000,\n                \"asset_jaminan\": \"Tanah\",\n                \"nilai_jaminan\": 40000000,\n                \"lokasi_usaha\": \"Malang\",\n                \"detail_lokasi\": \"Jl. Raya Tlogomas No. 246\",\n                \"brosur_produk\": \"https://everpro.id/blog/contoh-brosur-minuman/\",\n                \"pendapatan_perbulan\": 2000000,\n                \"pengeluaran_perbulan\": 500000,\n                \"report_progress\": \"3\",\n                \"dokumen_proyeksi\": \"https://encrypted-tbn0.gstatic.com/images?q=tbn:ANd9GcRm7Ed-GxL_MOmlJj7Zo2pzKtOdS9gKBDHxTA&s\",\n                \"status\": \"APPROVAL\",\n                \"nominal_disetujui\": 20000000,\n                \"harga_per_unit\": 1000000,\n                \"jumlah_koin\": 20,\n                \"minimal_pembelian\": 1,\n                \"maksimal_pembelian\": 20,\n                \"mulai_penggalangan_dana\": null,\n                \"selesai_penggalangan_dana\": null,\n                \"dokumen_prospektus\": null,\n                \"created_at\": \"2023-05-10T13:39:24.000Z\",\n                \"updated_at\": null\n            }\n        },\n        {\n            \"id\": \"9ae82a10-41f2-4618-a420-488f9a5db27c\",\n            \"id_projek\": \"9cccc4c5-b1ed-43c5-bec3-ba196095fb8d\",\n            \"saldo\": 3000000,\n            \"created_at\": \"2024-09-23T04:20:35.739Z\",\n            \"project\": {\n                \"id\": \"9cccc4c5-b1ed-43c5-bec3-ba196095fb8d\",\n                \"id_user\": \"0c013306-3f58-4f6e-9013-a826a38f9de0\",\n                \"id_kategori\": \"7d229a5a-f8ad-4f61-a01a-ec2e87ceaa53\",\n                \"judul\": \"eum valde dolorem\",\n                \"deskripsi\": \"Xiphias delego carcer paens vesica tertius capto timor.\",\n                \"nominal\": 58591377,\n                \"asset_jaminan\": \"ustilo\",\n                \"nilai_jaminan\": 49489564,\n                \"lokasi_usaha\": \"Pemalang\",\n                \"detail_lokasi\": \"Ki. Raina no 71\",\n                \"brosur_produk\": \"https://loremflickr.com/640/480?lock=1495044118806528\",\n                \"pendapatan_perbulan\": 5394987,\n                \"pengeluaran_perbulan\": 187788,\n                \"report_progress\": \"12\",\n                \"dokumen_proyeksi\": \"https://picsum.photos/seed/dCpfaU9p/640/480\",\n                \"status\": \"PENDANAAN DIBUKA\",\n                \"nominal_disetujui\": null,\n                \"harga_per_unit\": null,\n                \"jumlah_koin\": null,\n                \"minimal_pembelian\": null,\n                \"maksimal_pembelian\": null,\n                \"mulai_penggalangan_dana\": null,\n                \"selesai_penggalangan_dana\": null,\n                \"dokumen_prospektus\": null,\n                \"created_at\": \"2024-09-23T11:20:35.655Z\",\n                \"updated_at\": null\n            }\n        }\n    ]\n}"}]},{"name":"Get Project Wallet By Project Wallet Id","id":"e36d60ec-ed2c-461a-a2f2-6029ffc0bb11","protocolProfileBehavior":{"disableBodyPruning":true},"request":{"auth":{"type":"bearer","bearer":[{"key":"token","value":"{{jwtToken}}","type":"string"}]},"method":"GET","header":[],"url":{"raw":"{{baseUrl}}/project-wallet/project/5310c3ba-8da7-44f6-9c2d-57363b082aee","host":["{{baseUrl}}"],"path":["project-wallet","project","5310c3ba-8da7-44f6-9c2d-57363b082aee"]}},"response":[]}]}