{"info":{"_postman_id":"b42b0cbe-9a0d-49a0-8f74-40250fabb727","name":"Project Category","schema":"https://schema.getpostman.com/json/collection/v2.1.0/collection.json"},"item":[{"name":"Create Project Category","id":"2ac86f61-7750-4731-bda4-94a0c7458311","protocolProfileBehavior":{"disableBodyPruning":true},"request":{"auth":{"type":"bearer","bearer":[{"key":"token","value":"{{jwtToken}}","type":"string"}]},"method":"POST","header":[],"body":{"mode":"raw","raw":"{\r\n    \"kategori\": \"pertanian\"\r\n}","options":{"raw":{"language":"json"}}},"url":{"raw":"{{baseUrl}}/project-category","host":["{{baseUrl}}"],"path":["project-category"]}},"response":[{"id":"d9d55129-2645-4313-a116-b9a028786c83","name":"Create Project Category","originalRequest":{"method":"POST","header":[],"body":{"mode":"raw","raw":"{\r\n    \"kategori\": \"perteknikan\"\r\n}","options":{"raw":{"language":"json"}}},"url":{"raw":"{{baseUrl}}/project-category","host":["{{baseUrl}}"],"path":["project-category"]}},"status":"Created","code":201,"_postman_previewlanguage":"json","header":[{"key":"X-Powered-By","value":"Express"},{"key":"Access-Control-Allow-Origin","value":"*"},{"key":"Content-Type","value":"application/json; charset=utf-8"},{"key":"Content-Length","value":"51"},{"key":"ETag","value":"W/\"33-V+fzcWEzNeEbvIc35jr3TjUoZaU\""},{"key":"Date","value":"Mon, 30 Sep 2024 04:00:41 GMT"},{"key":"Connection","value":"keep-alive"},{"key":"Keep-Alive","value":"timeout=5"}],"cookie":[],"responseTime":null,"body":"{\n    \"message\": \"Project Category successfully created\"\n}"}]},{"name":"Get All Category","id":"17fdd9a9-8d70-46ea-b5fb-478193fd5a3c","protocolProfileBehavior":{"disableBodyPruning":true},"request":{"auth":{"type":"bearer","bearer":[{"key":"token","value":"{{jwtToken}}","type":"string"}]},"method":"GET","header":[],"url":{"raw":"{{baseUrl}}/project-category","host":["{{baseUrl}}"],"path":["project-category"]}},"response":[{"id":"ba607b23-99d1-4c12-b1f2-af4fb05e641b","name":"Get All Category","originalRequest":{"method":"GET","header":[],"url":{"raw":"{{baseUrl}}/project-category","host":["{{baseUrl}}"],"path":["project-category"]}},"status":"OK","code":200,"_postman_previewlanguage":"json","header":[{"key":"X-Powered-By","value":"Express"},{"key":"Access-Control-Allow-Origin","value":"*"},{"key":"Content-Type","value":"application/json; charset=utf-8"},{"key":"Content-Length","value":"137"},{"key":"ETag","value":"W/\"89-OfVLF/ezo8cLm6uZzXE79pD/+/E\""},{"key":"Date","value":"Wed, 04 Sep 2024 03:22:09 GMT"},{"key":"Connection","value":"keep-alive"},{"key":"Keep-Alive","value":"timeout=5"}],"cookie":[],"responseTime":null,"body":"{\n    \"data\": [\n        {\n            \"id\": \"9d123d87-5131-46ee-b32a-ac268d1d83fa\",\n            \"kategori\": \"pertanian\",\n            \"created_at\": \"2024-09-04T10:21:54.408Z\",\n            \"updated_at\": null\n        }\n    ]\n}"}]},{"name":"Get Project Category By Id","id":"e0c1b407-4ac9-44ca-b18e-7f5f02aa7522","protocolProfileBehavior":{"disableBodyPruning":true},"request":{"auth":{"type":"bearer","bearer":[{"key":"token","value":"{{jwtToken}}","type":"string"}]},"method":"GET","header":[],"url":{"raw":"{{baseUrl}}/project-category/a7e7ded5-4f76-4b9f-ae04-f39a7d2b293f","host":["{{baseUrl}}"],"path":["project-category","a7e7ded5-4f76-4b9f-ae04-f39a7d2b293f"]}},"response":[{"id":"44e83d73-0611-4564-be52-39950e032fe8","name":"Get Project Category By Id","originalRequest":{"method":"GET","header":[],"url":{"raw":"{{baseUrl}}/project-category/9d123d87-5131-46ee-b32a-ac268d1d83fa","host":["{{baseUrl}}"],"path":["project-category","9d123d87-5131-46ee-b32a-ac268d1d83fa"]}},"status":"OK","code":200,"_postman_previewlanguage":"json","header":[{"key":"X-Powered-By","value":"Express"},{"key":"Access-Control-Allow-Origin","value":"*"},{"key":"Content-Type","value":"application/json; charset=utf-8"},{"key":"Content-Length","value":"135"},{"key":"ETag","value":"W/\"87-0ASLaUcBwwRwawQwEQ9y/w7C4TU\""},{"key":"Date","value":"Wed, 04 Sep 2024 03:22:42 GMT"},{"key":"Connection","value":"keep-alive"},{"key":"Keep-Alive","value":"timeout=5"}],"cookie":[],"responseTime":null,"body":"{\n    \"data\": {\n        \"id\": \"9d123d87-5131-46ee-b32a-ac268d1d83fa\",\n        \"kategori\": \"pertanian\",\n        \"created_at\": \"2024-09-04T10:21:54.408Z\",\n        \"updated_at\": null\n    }\n}"}]},{"name":"Update Category","id":"806ee61a-a589-4ee6-92c0-19d99d9d0d87","protocolProfileBehavior":{"disableBodyPruning":true},"request":{"auth":{"type":"bearer","bearer":[{"key":"token","value":"{{jwtToken}}","type":"string"}]},"method":"PUT","header":[],"body":{"mode":"raw","raw":"{\r\n    \"kategori\" : \"perkebunan\"\r\n}","options":{"raw":{"language":"json"}}},"url":{"raw":"{{baseUrl}}/project-category/9d123d87-5131-46ee-b32a-ac268d1d83fa","host":["{{baseUrl}}"],"path":["project-category","9d123d87-5131-46ee-b32a-ac268d1d83fa"]}},"response":[{"id":"fa3fbe3d-d9c2-4da3-82d4-0c553b7201f5","name":"Update Category","originalRequest":{"method":"PUT","header":[],"body":{"mode":"raw","raw":"{\r\n    \"id\":\"733d6421-e900-4027-b204-8fe0ccec8ed9\",\r\n    \"kategori\" : \"perkebunan\"\r\n}","options":{"raw":{"language":"json"}}},"url":{"raw":"{{baseUrl}}/project-category","host":["{{baseUrl}}"],"path":["project-category"]}},"status":"OK","code":200,"_postman_previewlanguage":"json","header":[{"key":"X-Powered-By","value":"Express"},{"key":"Access-Control-Allow-Origin","value":"*"},{"key":"Content-Type","value":"application/json; charset=utf-8"},{"key":"Content-Length","value":"51"},{"key":"ETag","value":"W/\"33-a8Ou8u1Dc6PcN5NQD+xdF5r80bw\""},{"key":"Date","value":"Mon, 30 Sep 2024 03:58:58 GMT"},{"key":"Connection","value":"keep-alive"},{"key":"Keep-Alive","value":"timeout=5"}],"cookie":[],"responseTime":null,"body":"{\n    \"message\": \"Project Category updated successfully\"\n}"}]},{"name":"Delete Category","id":"79c53e4f-8f4b-4385-8496-30f08d87c8d4","protocolProfileBehavior":{"disableBodyPruning":true},"request":{"auth":{"type":"bearer","bearer":[{"key":"token","value":"{{jwtToken}}","type":"string"}]},"method":"DELETE","header":[],"body":{"mode":"raw","raw":"{\r\n    \"id\":\"9b7af5e6-b2e1-4e87-8cec-e83855fd073d\"\r\n}","options":{"raw":{"language":"json"}}},"url":{"raw":"{{baseUrl}}/project-category","host":["{{baseUrl}}"],"path":["project-category"]}},"response":[{"id":"452d5cda-87f1-480c-bf8c-a203fe970262","name":"Delete Category","originalRequest":{"method":"DELETE","header":[],"body":{"mode":"raw","raw":"{\r\n    \"id\":\"9b7af5e6-b2e1-4e87-8cec-e83855fd073d\"\r\n}","options":{"raw":{"language":"json"}}},"url":{"raw":"{{baseUrl}}/project-category","host":["{{baseUrl}}"],"path":["project-category"]}},"status":"OK","code":200,"_postman_previewlanguage":"json","header":[{"key":"X-Powered-By","value":"Express"},{"key":"Access-Control-Allow-Origin","value":"*"},{"key":"Content-Type","value":"application/json; charset=utf-8"},{"key":"Content-Length","value":"51"},{"key":"ETag","value":"W/\"33-uLvYfBx57TAJ0mr1ZbO3xzHOiH4\""},{"key":"Date","value":"Mon, 30 Sep 2024 04:00:13 GMT"},{"key":"Connection","value":"keep-alive"},{"key":"Keep-Alive","value":"timeout=5"}],"cookie":[],"responseTime":null,"body":"{\n    \"message\": \"Project Category deleted successfully\"\n}"}]}]}