{"info":{"_postman_id":"b5e0f0cf-4ab9-4c3d-8f5e-963972776d7d","name":"History Project","schema":"https://schema.getpostman.com/json/collection/v2.1.0/collection.json"},"item":[{"name":"Get History Project By Project Id","id":"56ef4ad8-f427-4d50-bfbc-d3c956d9f9c7","protocolProfileBehavior":{"disableBodyPruning":true},"request":{"auth":{"type":"bearer","bearer":[{"key":"token","value":"{{jwtToken}}","type":"string"}]},"method":"GET","header":[],"url":{"raw":"{{baseUrl}}/history-project/project/9ef3c9ab-7f42-448c-afce-533e4ee64f32","host":["{{baseUrl}}"],"path":["history-project","project","9ef3c9ab-7f42-448c-afce-533e4ee64f32"]}},"response":[{"id":"f76edbce-b85c-451d-9246-7b0f3d11b541","name":"Get History Project By Project Id","originalRequest":{"method":"GET","header":[],"url":{"raw":"{{baseUrl}}/history-project/project/5310c3ba-8da7-44f6-9c2d-57363b082aee","host":["{{baseUrl}}"],"path":["history-project","project","5310c3ba-8da7-44f6-9c2d-57363b082aee"]}},"status":"OK","code":200,"_postman_previewlanguage":"json","header":[{"key":"X-Powered-By","value":"Express"},{"key":"Access-Control-Allow-Origin","value":"*"},{"key":"Content-Type","value":"application/json; charset=utf-8"},{"key":"Content-Length","value":"480"},{"key":"ETag","value":"W/\"1e0-54E2ea9SWHR3Md7/ueY/FHES1gQ\""},{"key":"Date","value":"Mon, 23 Sep 2024 02:57:29 GMT"},{"key":"Connection","value":"keep-alive"},{"key":"Keep-Alive","value":"timeout=5"}],"cookie":[],"responseTime":null,"body":"{\n    \"data\": [\n        {\n            \"id\": \"e11f1b36-152f-4b2a-8850-967273376033\",\n            \"id_projek\": \"5310c3ba-8da7-44f6-9c2d-57363b082aee\",\n            \"history\": \"Proses Approval dari Komitee Koperasi\",\n            \"keterangan\": \"Project disetujui oleh komitee dengan catatan sebagai berikut: <ul><li><strong>Nominal disetujui:</strong> Rp 10000000</li><li><strong>Jumlah Unit:</strong> 10</li><li><strong>Maks Pembelian:</strong> 10 atau Rp 10000000</li></ul>\",\n            \"status\": \"SUCCESS\",\n            \"created_at\": \"2024-09-20T08:48:34.949Z\",\n            \"updated_at\": null\n        }\n    ]\n}"}]}]}