{"info":{"_postman_id":"c025b383-74ea-4289-a556-e7f6a469b14b","name":"Chart Project","schema":"https://schema.getpostman.com/json/collection/v2.1.0/collection.json"},"item":[{"name":"Get Chart Project By Project Id","id":"a181ef33-4688-45f6-a321-208b9484915d","protocolProfileBehavior":{"disableBodyPruning":true},"request":{"auth":{"type":"bearer","bearer":[{"key":"token","value":"{{jwtToken}}","type":"string"}]},"method":"GET","header":[],"url":{"raw":"{{baseUrl}}/chart-project/74ddd109-6f1e-45ad-b076-26cae43a1522","host":["{{baseUrl}}"],"path":["chart-project","74ddd109-6f1e-45ad-b076-26cae43a1522"]}},"response":[{"id":"0b252fe2-f966-44b8-ae09-f81239ef9a68","name":"Get Chart Project By Project Id","originalRequest":{"method":"GET","header":[],"url":{"raw":"{{baseUrl}}/chart-project/5310c3ba-8da7-44f6-9c2d-57363b082aee","host":["{{baseUrl}}"],"path":["chart-project","5310c3ba-8da7-44f6-9c2d-57363b082aee"]}},"status":"OK","code":200,"_postman_previewlanguage":"json","header":[{"key":"X-Powered-By","value":"Express"},{"key":"Access-Control-Allow-Origin","value":"*"},{"key":"Content-Type","value":"application/json; charset=utf-8"},{"key":"Content-Length","value":"4312"},{"key":"ETag","value":"W/\"10d8-WH4mEGX5TTETXvojnLTnieSJYeA\""},{"key":"Date","value":"Mon, 14 Oct 2024 02:45:58 GMT"},{"key":"Connection","value":"keep-alive"},{"key":"Keep-Alive","value":"timeout=5"}],"cookie":[],"responseTime":null,"body":"{\n    \"data\": [\n        {\n            \"id\": \"a794d6bc-13c4-4e47-b996-0984c25064be\",\n            \"id_projek\": \"5310c3ba-8da7-44f6-9c2d-57363b082aee\",\n            \"nominal\": 200000,\n            \"created_at\": \"2023-12-10T13:39:24.000Z\",\n            \"updated_at\": null,\n            \"project\": {\n                \"id\": \"5310c3ba-8da7-44f6-9c2d-57363b082aee\",\n                \"id_user\": \"0937d7fc-8aa2-4ce5-b437-64b755ce5ff6\",\n                \"id_kategori\": \"4f6ab6ea-60a0-46b0-9eeb-8806dee052ee\",\n                \"judul\": \"Proyek Peternakan\",\n                \"deskripsi\": \"Proyek peternakan naga\",\n                \"nominal\": 10000000,\n                \"asset_jaminan\": \"Tanah\",\n                \"nilai_jaminan\": 20000000,\n                \"lokasi_usaha\": \"Malang\",\n                \"detail_lokasi\": \"Jl. Raya Tlogomas No. 246\",\n                \"brosur_produk\": \"https://everpro.id/blog/contoh-brosur-minuman/\",\n                \"pendapatan_perbulan\": 2000000,\n                \"pengeluaran_perbulan\": 500000,\n                \"report_progress\": \"3\",\n                \"dokumen_proyeksi\": \"https://encrypted-tbn0.gstatic.com/images?q=tbn:ANd9GcRm7Ed-GxL_MOmlJj7Zo2pzKtOdS9gKBDHxTA&s\",\n                \"status\": \"REVISI\",\n                \"nominal_disetujui\": 10000000,\n                \"harga_per_unit\": 1000000,\n                \"jumlah_koin\": 10,\n                \"minimal_pembelian\": 1,\n                \"maksimal_pembelian\": 10,\n                \"mulai_penggalangan_dana\": null,\n                \"selesai_penggalangan_dana\": null,\n                \"dokumen_prospektus\": null,\n                \"created_at\": \"2023-05-10T13:39:24.000Z\",\n                \"updated_at\": null\n            }\n        },\n        {\n            \"id\": \"986d8974-141e-4420-8765-f077bea78242\",\n            \"id_projek\": \"5310c3ba-8da7-44f6-9c2d-57363b082aee\",\n            \"nominal\": 1500000,\n            \"created_at\": \"2024-03-10T13:39:24.000Z\",\n            \"updated_at\": null,\n            \"project\": {\n                \"id\": \"5310c3ba-8da7-44f6-9c2d-57363b082aee\",\n                \"id_user\": \"0937d7fc-8aa2-4ce5-b437-64b755ce5ff6\",\n                \"id_kategori\": \"4f6ab6ea-60a0-46b0-9eeb-8806dee052ee\",\n                \"judul\": \"Proyek Peternakan\",\n                \"deskripsi\": \"Proyek peternakan naga\",\n                \"nominal\": 10000000,\n                \"asset_jaminan\": \"Tanah\",\n                \"nilai_jaminan\": 20000000,\n                \"lokasi_usaha\": \"Malang\",\n                \"detail_lokasi\": \"Jl. Raya Tlogomas No. 246\",\n                \"brosur_produk\": \"https://everpro.id/blog/contoh-brosur-minuman/\",\n                \"pendapatan_perbulan\": 2000000,\n                \"pengeluaran_perbulan\": 500000,\n                \"report_progress\": \"3\",\n                \"dokumen_proyeksi\": \"https://encrypted-tbn0.gstatic.com/images?q=tbn:ANd9GcRm7Ed-GxL_MOmlJj7Zo2pzKtOdS9gKBDHxTA&s\",\n                \"status\": \"REVISI\",\n                \"nominal_disetujui\": 10000000,\n                \"harga_per_unit\": 1000000,\n                \"jumlah_koin\": 10,\n                \"minimal_pembelian\": 1,\n                \"maksimal_pembelian\": 10,\n                \"mulai_penggalangan_dana\": null,\n                \"selesai_penggalangan_dana\": null,\n                \"dokumen_prospektus\": null,\n                \"created_at\": \"2023-05-10T13:39:24.000Z\",\n                \"updated_at\": null\n            }\n        },\n        {\n            \"id\": \"a3c1b89b-e492-4440-bde5-3390bd807baa\",\n            \"id_projek\": \"5310c3ba-8da7-44f6-9c2d-57363b082aee\",\n            \"nominal\": 2300000,\n            \"created_at\": \"2024-06-10T13:39:24.000Z\",\n            \"updated_at\": null,\n            \"project\": {\n                \"id\": \"5310c3ba-8da7-44f6-9c2d-57363b082aee\",\n                \"id_user\": \"0937d7fc-8aa2-4ce5-b437-64b755ce5ff6\",\n                \"id_kategori\": \"4f6ab6ea-60a0-46b0-9eeb-8806dee052ee\",\n                \"judul\": \"Proyek Peternakan\",\n                \"deskripsi\": \"Proyek peternakan naga\",\n                \"nominal\": 10000000,\n                \"asset_jaminan\": \"Tanah\",\n                \"nilai_jaminan\": 20000000,\n                \"lokasi_usaha\": \"Malang\",\n                \"detail_lokasi\": \"Jl. Raya Tlogomas No. 246\",\n                \"brosur_produk\": \"https://everpro.id/blog/contoh-brosur-minuman/\",\n                \"pendapatan_perbulan\": 2000000,\n                \"pengeluaran_perbulan\": 500000,\n                \"report_progress\": \"3\",\n                \"dokumen_proyeksi\": \"https://encrypted-tbn0.gstatic.com/images?q=tbn:ANd9GcRm7Ed-GxL_MOmlJj7Zo2pzKtOdS9gKBDHxTA&s\",\n                \"status\": \"REVISI\",\n                \"nominal_disetujui\": 10000000,\n                \"harga_per_unit\": 1000000,\n                \"jumlah_koin\": 10,\n                \"minimal_pembelian\": 1,\n                \"maksimal_pembelian\": 10,\n                \"mulai_penggalangan_dana\": null,\n                \"selesai_penggalangan_dana\": null,\n                \"dokumen_prospektus\": null,\n                \"created_at\": \"2023-05-10T13:39:24.000Z\",\n                \"updated_at\": null\n            }\n        },\n        {\n            \"id\": \"06842913-e45b-48f9-a2c6-eb373ef80650\",\n            \"id_projek\": \"5310c3ba-8da7-44f6-9c2d-57363b082aee\",\n            \"nominal\": 200000,\n            \"created_at\": \"2024-10-09T10:46:36.161Z\",\n            \"updated_at\": null,\n            \"project\": {\n                \"id\": \"5310c3ba-8da7-44f6-9c2d-57363b082aee\",\n                \"id_user\": \"0937d7fc-8aa2-4ce5-b437-64b755ce5ff6\",\n                \"id_kategori\": \"4f6ab6ea-60a0-46b0-9eeb-8806dee052ee\",\n                \"judul\": \"Proyek Peternakan\",\n                \"deskripsi\": \"Proyek peternakan naga\",\n                \"nominal\": 10000000,\n                \"asset_jaminan\": \"Tanah\",\n                \"nilai_jaminan\": 20000000,\n                \"lokasi_usaha\": \"Malang\",\n                \"detail_lokasi\": \"Jl. Raya Tlogomas No. 246\",\n                \"brosur_produk\": \"https://everpro.id/blog/contoh-brosur-minuman/\",\n                \"pendapatan_perbulan\": 2000000,\n                \"pengeluaran_perbulan\": 500000,\n                \"report_progress\": \"3\",\n                \"dokumen_proyeksi\": \"https://encrypted-tbn0.gstatic.com/images?q=tbn:ANd9GcRm7Ed-GxL_MOmlJj7Zo2pzKtOdS9gKBDHxTA&s\",\n                \"status\": \"REVISI\",\n                \"nominal_disetujui\": 10000000,\n                \"harga_per_unit\": 1000000,\n                \"jumlah_koin\": 10,\n                \"minimal_pembelian\": 1,\n                \"maksimal_pembelian\": 10,\n                \"mulai_penggalangan_dana\": null,\n                \"selesai_penggalangan_dana\": null,\n                \"dokumen_prospektus\": null,\n                \"created_at\": \"2023-05-10T13:39:24.000Z\",\n                \"updated_at\": null\n            }\n        }\n    ]\n}"}]},{"name":"Get Chart All Project By User Id","id":"4ec2e14a-7835-4141-9baf-cc5915497d28","protocolProfileBehavior":{"disableBodyPruning":true},"request":{"auth":{"type":"bearer","bearer":[{"key":"token","value":"{{jwtToken}}","type":"string"}]},"method":"GET","header":[],"url":{"raw":"{{baseUrl}}/chart-project/user","host":["{{baseUrl}}"],"path":["chart-project","user"]}},"response":[{"id":"d5f747dd-7edd-475b-abd3-897015f4bc17","name":"Get Chart All Project By User Id","originalRequest":{"method":"GET","header":[],"url":{"raw":"{{baseUrl}}/chart-project/user","host":["{{baseUrl}}"],"path":["chart-project","user"]}},"status":"OK","code":200,"_postman_previewlanguage":"json","header":[{"key":"X-Powered-By","value":"Express"},{"key":"Access-Control-Allow-Origin","value":"*"},{"key":"Content-Type","value":"application/json; charset=utf-8"},{"key":"Content-Length","value":"269"},{"key":"ETag","value":"W/\"10d-jnJ0bj6B1pYdw1UcEX9f6EGhNIw\""},{"key":"Date","value":"Mon, 14 Oct 2024 02:33:13 GMT"},{"key":"Connection","value":"keep-alive"},{"key":"Keep-Alive","value":"timeout=5"}],"cookie":[],"responseTime":null,"body":"{\n    \"data\": [\n        {\n            \"month\": \"12\",\n            \"year\": \"2023\",\n            \"sum_nominal\": \"858302\"\n        },\n        {\n            \"month\": \"3\",\n            \"year\": \"2024\",\n            \"sum_nominal\": \"2600000\"\n        },\n        {\n            \"month\": \"5\",\n            \"year\": \"2024\",\n            \"sum_nominal\": \"158080\"\n        },\n        {\n            \"month\": \"6\",\n            \"year\": \"2024\",\n            \"sum_nominal\": \"2000000\"\n        },\n        {\n            \"month\": \"10\",\n            \"year\": \"2024\",\n            \"sum_nominal\": \"200000\"\n        }\n    ]\n}"}]}]}