{"info":{"_postman_id":"c0716961-6cb9-4236-828a-a9b83fa32002","name":"Token","schema":"https://schema.getpostman.com/json/collection/v2.1.0/collection.json"},"item":[{"name":"Buy Project Token","id":"c7d9f0d2-1bb0-413b-be2b-deb06bb61c63","protocolProfileBehavior":{"disableBodyPruning":true},"request":{"auth":{"type":"bearer","bearer":[{"key":"token","value":"{{jwtToken}}","type":"string"}]},"method":"POST","header":[],"body":{"mode":"raw","raw":"{\r\n    \"id_projek\" : \"a3c163dd-f8a3-4117-a8fb-cf892eb954a8\",\r\n    \"jumlah_token\" : 1\r\n}","options":{"raw":{"language":"json"}}},"url":{"raw":"{{baseUrl}}/token/buy-token","host":["{{baseUrl}}"],"path":["token","buy-token"]}},"response":[{"id":"394edbda-55fc-4c32-a951-ed8745b27d8a","name":"Buy Project Token","originalRequest":{"method":"POST","header":[],"body":{"mode":"raw","raw":"{\r\n    \"id_projek\" : \"5310c3ba-8da7-44f6-9c2d-57363b082aee\",\r\n    \"jumlah_token\" : 1\r\n}","options":{"raw":{"language":"json"}}},"url":{"raw":"{{baseUrl}}/token/buy-token","host":["{{baseUrl}}"],"path":["token","buy-token"]}},"status":"Created","code":201,"_postman_previewlanguage":"json","header":[{"key":"X-Powered-By","value":"Express"},{"key":"Access-Control-Allow-Origin","value":"*"},{"key":"Content-Type","value":"application/json; charset=utf-8"},{"key":"Content-Length","value":"42"},{"key":"ETag","value":"W/\"2a-fkYale3TOctEAs/iBMJA4qBYKCE\""},{"key":"Date","value":"Fri, 27 Sep 2024 12:37:43 GMT"},{"key":"Connection","value":"keep-alive"},{"key":"Keep-Alive","value":"timeout=5"}],"cookie":[],"responseTime":null,"body":"{\n    \"message\": \"Token successfully purchased\"\n}"}]},{"name":"Get All Token","id":"a0edb691-1253-42d7-8dac-1665c4750cc3","protocolProfileBehavior":{"disableBodyPruning":true},"request":{"auth":{"type":"bearer","bearer":[{"key":"token","value":"{{jwtToken}}","type":"string"}]},"method":"GET","header":[],"url":{"raw":"{{baseUrl}}/token","host":["{{baseUrl}}"],"path":["token"]}},"response":[{"id":"d36085c8-e663-4a36-abef-9d3ab94a8c9a","name":"Get All Token","originalRequest":{"method":"GET","header":[],"url":{"raw":"{{baseUrl}}/token","host":["{{baseUrl}}"],"path":["token"]}},"status":"OK","code":200,"_postman_previewlanguage":"json","header":[{"key":"X-Powered-By","value":"Express"},{"key":"Access-Control-Allow-Origin","value":"*"},{"key":"Content-Type","value":"application/json; charset=utf-8"},{"key":"Content-Length","value":"1962"},{"key":"ETag","value":"W/\"7aa-kgDo1xg0yKnLqwYIG76qdYRFjPM\""},{"key":"Date","value":"Wed, 11 Sep 2024 03:59:23 GMT"},{"key":"Connection","value":"keep-alive"},{"key":"Keep-Alive","value":"timeout=5"}],"cookie":[],"responseTime":null,"body":"{\n    \"data\": [\n        {\n            \"id\": \"4f0e56af-04ea-4adb-bfe6-e69d97bbe37c\",\n            \"id_projek\": \"60a126c3-b7e2-44fc-b5af-7638871a7d5f\",\n            \"id_user\": null,\n            \"nilai\": 1000000,\n            \"created_at\": \"2024-09-11T10:43:55.143Z\",\n            \"update_at\": null\n        },\n        {\n            \"id\": \"0789b109-8260-40c4-8cd8-441e59112341\",\n            \"id_projek\": \"60a126c3-b7e2-44fc-b5af-7638871a7d5f\",\n            \"id_user\": null,\n            \"nilai\": 1000000,\n            \"created_at\": \"2024-09-11T10:43:55.145Z\",\n            \"update_at\": null\n        },\n        {\n            \"id\": \"0d668068-089d-4eb6-a290-c84e7e9349a0\",\n            \"id_projek\": \"60a126c3-b7e2-44fc-b5af-7638871a7d5f\",\n            \"id_user\": null,\n            \"nilai\": 1000000,\n            \"created_at\": \"2024-09-11T10:43:55.147Z\",\n            \"update_at\": null\n        },\n        {\n            \"id\": \"027adf8c-386d-4d1b-8f7c-32e1bb28cf62\",\n            \"id_projek\": \"60a126c3-b7e2-44fc-b5af-7638871a7d5f\",\n            \"id_user\": null,\n            \"nilai\": 1000000,\n            \"created_at\": \"2024-09-11T10:43:55.149Z\",\n            \"update_at\": null\n        },\n        {\n            \"id\": \"9e90e834-56b9-4656-93ae-06da35035817\",\n            \"id_projek\": \"60a126c3-b7e2-44fc-b5af-7638871a7d5f\",\n            \"id_user\": null,\n            \"nilai\": 1000000,\n            \"created_at\": \"2024-09-11T10:43:55.153Z\",\n            \"update_at\": null\n        },\n        {\n            \"id\": \"e8fedf44-4c5a-4c1f-ae2d-c474dfbe9957\",\n            \"id_projek\": \"60a126c3-b7e2-44fc-b5af-7638871a7d5f\",\n            \"id_user\": null,\n            \"nilai\": 1000000,\n            \"created_at\": \"2024-09-11T10:43:55.155Z\",\n            \"update_at\": null\n        },\n        {\n            \"id\": \"e48e2a29-c95c-401e-a92d-13c4da088292\",\n            \"id_projek\": \"60a126c3-b7e2-44fc-b5af-7638871a7d5f\",\n            \"id_user\": null,\n            \"nilai\": 1000000,\n            \"created_at\": \"2024-09-11T10:43:55.157Z\",\n            \"update_at\": null\n        },\n        {\n            \"id\": \"a5ec9f40-412e-4352-b677-e7b36eb13993\",\n            \"id_projek\": \"60a126c3-b7e2-44fc-b5af-7638871a7d5f\",\n            \"id_user\": \"0937d7fc-8aa2-4ce5-b437-64b755ce5ff6\",\n            \"nilai\": 1000000,\n            \"created_at\": \"2024-09-11T10:43:55.135Z\",\n            \"update_at\": null\n        },\n        {\n            \"id\": \"160bd1b0-0570-443e-8184-cfb7c5965e42\",\n            \"id_projek\": \"60a126c3-b7e2-44fc-b5af-7638871a7d5f\",\n            \"id_user\": \"93572b55-1b18-4da6-909a-1c51c315b2f5\",\n            \"nilai\": 1000000,\n            \"created_at\": \"2024-09-11T10:43:55.139Z\",\n            \"update_at\": null\n        },\n        {\n            \"id\": \"70458331-9052-4880-a38d-a18f97685732\",\n            \"id_projek\": \"60a126c3-b7e2-44fc-b5af-7638871a7d5f\",\n            \"id_user\": \"93572b55-1b18-4da6-909a-1c51c315b2f5\",\n            \"nilai\": 1000000,\n            \"created_at\": \"2024-09-11T10:43:55.140Z\",\n            \"update_at\": null\n        }\n    ]\n}"},{"id":"dfbc292c-9a7d-4ef6-b8d8-dfbdb1c670e2","name":"Get All Token With Search","originalRequest":{"method":"GET","header":[],"url":{"raw":"{{baseUrl}}/token?search=budiono%20siregar","host":["{{baseUrl}}"],"path":["token"],"query":[{"key":"search","value":"budiono%20siregar"}]}},"status":"OK","code":200,"_postman_previewlanguage":"json","header":[{"key":"X-Powered-By","value":"Express"},{"key":"Access-Control-Allow-Origin","value":"*"},{"key":"Content-Type","value":"application/json; charset=utf-8"},{"key":"Content-Length","value":"38760"},{"key":"ETag","value":"W/\"9768-10VTC+GYLg1jD8tZxTtpXyqjLrQ\""},{"key":"Date","value":"Tue, 24 Sep 2024 02:10:59 GMT"},{"key":"Connection","value":"keep-alive"},{"key":"Keep-Alive","value":"timeout=5"}],"cookie":[],"responseTime":null,"body":"{\n    \"data\": [\n        {\n            \"id\": \"66924cdd-e0df-499b-abf7-c685197932ae\",\n            \"id_projek\": \"5310c3ba-8da7-44f6-9c2d-57363b082aee\",\n            \"id_user\": \"270807c9-b1fc-48ad-8bca-ccbdc282fe81\",\n            \"nilai\": 1000000,\n            \"created_at\": \"2024-09-23T04:20:35.706Z\",\n            \"updated_at\": null,\n            \"user\": {\n                \"id\": \"270807c9-b1fc-48ad-8bca-ccbdc282fe81\",\n                \"nama\": \"budiono siregar\",\n                \"no_hp\": \"6281234567891\",\n                \"role\": \"BASIC\",\n                \"status\": \"TIDAK AKTIF\",\n                \"password\": \"$2a$10$GlGvM07hscOvoqeQFj.SPOvEYoMCG8m49hiy32pk9h/dN/4KYMaUq\",\n                \"tempat_lahir\": \"Surabaya\",\n                \"tanggal_lahir\": \"2024-09-23T04:20:34.651Z\",\n                \"provinsi\": \"Jawa Timur\",\n                \"kota\": \"Surabaya\",\n                \"kecamatan\": \"Wonokromo\",\n                \"alamat\": \"Jl. Darmo No. 10\",\n                \"nik\": \"3501234567890124\",\n                \"foto_profile\": null,\n                \"foto_diri\": \"https://coursius.com/storage/images/thumb/2021_04_08_12_24_32_b46a6b4bb45b6863c78df7e2524b48ae_900x450_thumb.jpg\",\n                \"foto_ktp\": \"https://image.jpnn.com/resize/1200x800-80/arsip/normal/2021/09/01/tangkapan-layar-contoh-e-ktp-yang-sudah-diberi-watermark-fot-hxj6.jpg\",\n                \"created_at\": \"2024-09-23T04:20:34.651Z\",\n                \"updated_at\": null,\n                \"otp\": null\n            },\n            \"project\": {\n                \"id\": \"5310c3ba-8da7-44f6-9c2d-57363b082aee\",\n                \"id_user\": \"0937d7fc-8aa2-4ce5-b437-64b755ce5ff6\",\n                \"id_kategori\": \"2291fc02-0f36-4053-8ca3-1de800e9b56c\",\n                \"judul\": \"Proyek Peternakan\",\n                \"deskripsi\": \"Proyek peternakan naga\",\n                \"nominal\": 10000000,\n                \"asset_jaminan\": \"Tanah\",\n                \"nilai_jaminan\": 20000000,\n                \"lokasi_usaha\": \"Malang\",\n                \"detail_lokasi\": \"Jl. Raya Tlogomas No. 246\",\n                \"brosur_produk\": \"https://everpro.id/blog/contoh-brosur-minuman/\",\n                \"pendapatan_perbulan\": 2000000,\n                \"pengeluaran_perbulan\": 500000,\n                \"report_progress\": \"3\",\n                \"dokumen_proyeksi\": \"https://encrypted-tbn0.gstatic.com/images?q=tbn:ANd9GcRm7Ed-GxL_MOmlJj7Zo2pzKtOdS9gKBDHxTA&s\",\n                \"status\": \"PENDANAAN DIBUKA\",\n                \"nominal_disetujui\": 10000000,\n                \"harga_per_unit\": 1000000,\n                \"jumlah_koin\": 10,\n                \"minimal_pembelian\": 1,\n                \"maksimal_pembelian\": 10,\n                \"mulai_penggalangan_dana\": \"2024-09-23\",\n                \"selesai_penggalangan_dana\": \"2024-12-01\",\n                \"dokumen_prospektus\": \"uploads/dokumen_prospektus/1727065745760-Permintaan Surat - Wades.xlsx\",\n                \"created_at\": \"2023-05-10T13:39:24.000Z\",\n                \"updated_at\": null\n            }\n        },\n        {\n            \"id\": \"d2344150-55e7-4c05-9161-f17b0dffe66a\",\n            \"id_projek\": \"848fdf64-a0f8-4dc4-8cc3-81678734edca\",\n            \"id_user\": \"270807c9-b1fc-48ad-8bca-ccbdc282fe81\",\n            \"nilai\": 2000000,\n            \"created_at\": \"2024-09-23T04:20:35.706Z\",\n            \"updated_at\": null,\n            \"user\": {\n                \"id\": \"270807c9-b1fc-48ad-8bca-ccbdc282fe81\",\n                \"nama\": \"budiono siregar\",\n                \"no_hp\": \"6281234567891\",\n                \"role\": \"BASIC\",\n                \"status\": \"TIDAK AKTIF\",\n                \"password\": \"$2a$10$GlGvM07hscOvoqeQFj.SPOvEYoMCG8m49hiy32pk9h/dN/4KYMaUq\",\n                \"tempat_lahir\": \"Surabaya\",\n                \"tanggal_lahir\": \"2024-09-23T04:20:34.651Z\",\n                \"provinsi\": \"Jawa Timur\",\n                \"kota\": \"Surabaya\",\n                \"kecamatan\": \"Wonokromo\",\n                \"alamat\": \"Jl. Darmo No. 10\",\n                \"nik\": \"3501234567890124\",\n                \"foto_profile\": null,\n                \"foto_diri\": \"https://coursius.com/storage/images/thumb/2021_04_08_12_24_32_b46a6b4bb45b6863c78df7e2524b48ae_900x450_thumb.jpg\",\n                \"foto_ktp\": \"https://image.jpnn.com/resize/1200x800-80/arsip/normal/2021/09/01/tangkapan-layar-contoh-e-ktp-yang-sudah-diberi-watermark-fot-hxj6.jpg\",\n                \"created_at\": \"2024-09-23T04:20:34.651Z\",\n                \"updated_at\": null,\n                \"otp\": null\n            },\n            \"project\": {\n                \"id\": \"848fdf64-a0f8-4dc4-8cc3-81678734edca\",\n                \"id_user\": \"0937d7fc-8aa2-4ce5-b437-64b755ce5ff6\",\n                \"id_kategori\": \"7d229a5a-f8ad-4f61-a01a-ec2e87ceaa53\",\n                \"judul\": \"Proyek Jual Beli\",\n                \"deskripsi\": \"Proyek Jual Beli T-Rex\",\n                \"nominal\": 20000000,\n                \"asset_jaminan\": \"Tanah\",\n                \"nilai_jaminan\": 40000000,\n                \"lokasi_usaha\": \"Malang\",\n                \"detail_lokasi\": \"Jl. Raya Tlogomas No. 246\",\n                \"brosur_produk\": \"https://everpro.id/blog/contoh-brosur-minuman/\",\n                \"pendapatan_perbulan\": 2000000,\n                \"pengeluaran_perbulan\": 500000,\n                \"report_progress\": \"3\",\n                \"dokumen_proyeksi\": \"https://encrypted-tbn0.gstatic.com/images?q=tbn:ANd9GcRm7Ed-GxL_MOmlJj7Zo2pzKtOdS9gKBDHxTA&s\",\n                \"status\": \"APPROVAL\",\n                \"nominal_disetujui\": 20000000,\n                \"harga_per_unit\": 1000000,\n                \"jumlah_koin\": 20,\n                \"minimal_pembelian\": 1,\n                \"maksimal_pembelian\": 20,\n                \"mulai_penggalangan_dana\": null,\n                \"selesai_penggalangan_dana\": null,\n                \"dokumen_prospektus\": null,\n                \"created_at\": \"2023-05-10T13:39:24.000Z\",\n                \"updated_at\": null\n            }\n        },\n        {\n            \"id\": \"e0ba788c-42f3-4876-a957-517f1e6ae596\",\n            \"id_projek\": \"5310c3ba-8da7-44f6-9c2d-57363b082aee\",\n            \"id_user\": \"270807c9-b1fc-48ad-8bca-ccbdc282fe81\",\n            \"nilai\": 1000000,\n            \"created_at\": \"2024-09-23T04:20:35.706Z\",\n            \"updated_at\": null,\n            \"user\": {\n                \"id\": \"270807c9-b1fc-48ad-8bca-ccbdc282fe81\",\n                \"nama\": \"budiono siregar\",\n                \"no_hp\": \"6281234567891\",\n                \"role\": \"BASIC\",\n                \"status\": \"TIDAK AKTIF\",\n                \"password\": \"$2a$10$GlGvM07hscOvoqeQFj.SPOvEYoMCG8m49hiy32pk9h/dN/4KYMaUq\",\n                \"tempat_lahir\": \"Surabaya\",\n                \"tanggal_lahir\": \"2024-09-23T04:20:34.651Z\",\n                \"provinsi\": \"Jawa Timur\",\n                \"kota\": \"Surabaya\",\n                \"kecamatan\": \"Wonokromo\",\n                \"alamat\": \"Jl. Darmo No. 10\",\n                \"nik\": \"3501234567890124\",\n                \"foto_profile\": null,\n                \"foto_diri\": \"https://coursius.com/storage/images/thumb/2021_04_08_12_24_32_b46a6b4bb45b6863c78df7e2524b48ae_900x450_thumb.jpg\",\n                \"foto_ktp\": \"https://image.jpnn.com/resize/1200x800-80/arsip/normal/2021/09/01/tangkapan-layar-contoh-e-ktp-yang-sudah-diberi-watermark-fot-hxj6.jpg\",\n                \"created_at\": \"2024-09-23T04:20:34.651Z\",\n                \"updated_at\": null,\n                \"otp\": null\n            },\n            \"project\": {\n                \"id\": \"5310c3ba-8da7-44f6-9c2d-57363b082aee\",\n                \"id_user\": \"0937d7fc-8aa2-4ce5-b437-64b755ce5ff6\",\n                \"id_kategori\": \"2291fc02-0f36-4053-8ca3-1de800e9b56c\",\n                \"judul\": \"Proyek Peternakan\",\n                \"deskripsi\": \"Proyek peternakan naga\",\n                \"nominal\": 10000000,\n                \"asset_jaminan\": \"Tanah\",\n                \"nilai_jaminan\": 20000000,\n                \"lokasi_usaha\": \"Malang\",\n                \"detail_lokasi\": \"Jl. Raya Tlogomas No. 246\",\n                \"brosur_produk\": \"https://everpro.id/blog/contoh-brosur-minuman/\",\n                \"pendapatan_perbulan\": 2000000,\n                \"pengeluaran_perbulan\": 500000,\n                \"report_progress\": \"3\",\n                \"dokumen_proyeksi\": \"https://encrypted-tbn0.gstatic.com/images?q=tbn:ANd9GcRm7Ed-GxL_MOmlJj7Zo2pzKtOdS9gKBDHxTA&s\",\n                \"status\": \"PENDANAAN DIBUKA\",\n                \"nominal_disetujui\": 10000000,\n                \"harga_per_unit\": 1000000,\n                \"jumlah_koin\": 10,\n                \"minimal_pembelian\": 1,\n                \"maksimal_pembelian\": 10,\n                \"mulai_penggalangan_dana\": \"2024-09-23\",\n                \"selesai_penggalangan_dana\": \"2024-12-01\",\n                \"dokumen_prospektus\": \"uploads/dokumen_prospektus/1727065745760-Permintaan Surat - Wades.xlsx\",\n                \"created_at\": \"2023-05-10T13:39:24.000Z\",\n                \"updated_at\": null\n            }\n        },\n        {\n            \"id\": \"3f77786f-3142-42d0-addd-7861b4c18474\",\n            \"id_projek\": \"848fdf64-a0f8-4dc4-8cc3-81678734edca\",\n            \"id_user\": \"270807c9-b1fc-48ad-8bca-ccbdc282fe81\",\n            \"nilai\": 2000000,\n            \"created_at\": \"2024-09-23T04:20:35.706Z\",\n            \"updated_at\": null,\n            \"user\": {\n                \"id\": \"270807c9-b1fc-48ad-8bca-ccbdc282fe81\",\n                \"nama\": \"budiono siregar\",\n                \"no_hp\": \"6281234567891\",\n                \"role\": \"BASIC\",\n                \"status\": \"TIDAK AKTIF\",\n                \"password\": \"$2a$10$GlGvM07hscOvoqeQFj.SPOvEYoMCG8m49hiy32pk9h/dN/4KYMaUq\",\n                \"tempat_lahir\": \"Surabaya\",\n                \"tanggal_lahir\": \"2024-09-23T04:20:34.651Z\",\n                \"provinsi\": \"Jawa Timur\",\n                \"kota\": \"Surabaya\",\n                \"kecamatan\": \"Wonokromo\",\n                \"alamat\": \"Jl. Darmo No. 10\",\n                \"nik\": \"3501234567890124\",\n                \"foto_profile\": null,\n                \"foto_diri\": \"https://coursius.com/storage/images/thumb/2021_04_08_12_24_32_b46a6b4bb45b6863c78df7e2524b48ae_900x450_thumb.jpg\",\n                \"foto_ktp\": \"https://image.jpnn.com/resize/1200x800-80/arsip/normal/2021/09/01/tangkapan-layar-contoh-e-ktp-yang-sudah-diberi-watermark-fot-hxj6.jpg\",\n                \"created_at\": \"2024-09-23T04:20:34.651Z\",\n                \"updated_at\": null,\n                \"otp\": null\n            },\n            \"project\": {\n                \"id\": \"848fdf64-a0f8-4dc4-8cc3-81678734edca\",\n                \"id_user\": \"0937d7fc-8aa2-4ce5-b437-64b755ce5ff6\",\n                \"id_kategori\": \"7d229a5a-f8ad-4f61-a01a-ec2e87ceaa53\",\n                \"judul\": \"Proyek Jual Beli\",\n                \"deskripsi\": \"Proyek Jual Beli T-Rex\",\n                \"nominal\": 20000000,\n                \"asset_jaminan\": \"Tanah\",\n                \"nilai_jaminan\": 40000000,\n                \"lokasi_usaha\": \"Malang\",\n                \"detail_lokasi\": \"Jl. Raya Tlogomas No. 246\",\n                \"brosur_produk\": \"https://everpro.id/blog/contoh-brosur-minuman/\",\n                \"pendapatan_perbulan\": 2000000,\n                \"pengeluaran_perbulan\": 500000,\n                \"report_progress\": \"3\",\n                \"dokumen_proyeksi\": \"https://encrypted-tbn0.gstatic.com/images?q=tbn:ANd9GcRm7Ed-GxL_MOmlJj7Zo2pzKtOdS9gKBDHxTA&s\",\n                \"status\": \"APPROVAL\",\n                \"nominal_disetujui\": 20000000,\n                \"harga_per_unit\": 1000000,\n                \"jumlah_koin\": 20,\n                \"minimal_pembelian\": 1,\n                \"maksimal_pembelian\": 20,\n                \"mulai_penggalangan_dana\": null,\n                \"selesai_penggalangan_dana\": null,\n                \"dokumen_prospektus\": null,\n                \"created_at\": \"2023-05-10T13:39:24.000Z\",\n                \"updated_at\": null\n            }\n        },\n        {\n            \"id\": \"7143b194-f5ad-4074-aad1-98e186f0ef32\",\n            \"id_projek\": \"5310c3ba-8da7-44f6-9c2d-57363b082aee\",\n            \"id_user\": \"270807c9-b1fc-48ad-8bca-ccbdc282fe81\",\n            \"nilai\": 1000000,\n            \"created_at\": \"2024-09-23T04:20:35.706Z\",\n            \"updated_at\": null,\n            \"user\": {\n                \"id\": \"270807c9-b1fc-48ad-8bca-ccbdc282fe81\",\n                \"nama\": \"budiono siregar\",\n                \"no_hp\": \"6281234567891\",\n                \"role\": \"BASIC\",\n                \"status\": \"TIDAK AKTIF\",\n                \"password\": \"$2a$10$GlGvM07hscOvoqeQFj.SPOvEYoMCG8m49hiy32pk9h/dN/4KYMaUq\",\n                \"tempat_lahir\": \"Surabaya\",\n                \"tanggal_lahir\": \"2024-09-23T04:20:34.651Z\",\n                \"provinsi\": \"Jawa Timur\",\n                \"kota\": \"Surabaya\",\n                \"kecamatan\": \"Wonokromo\",\n                \"alamat\": \"Jl. Darmo No. 10\",\n                \"nik\": \"3501234567890124\",\n                \"foto_profile\": null,\n                \"foto_diri\": \"https://coursius.com/storage/images/thumb/2021_04_08_12_24_32_b46a6b4bb45b6863c78df7e2524b48ae_900x450_thumb.jpg\",\n                \"foto_ktp\": \"https://image.jpnn.com/resize/1200x800-80/arsip/normal/2021/09/01/tangkapan-layar-contoh-e-ktp-yang-sudah-diberi-watermark-fot-hxj6.jpg\",\n                \"created_at\": \"2024-09-23T04:20:34.651Z\",\n                \"updated_at\": null,\n                \"otp\": null\n            },\n            \"project\": {\n                \"id\": \"5310c3ba-8da7-44f6-9c2d-57363b082aee\",\n                \"id_user\": \"0937d7fc-8aa2-4ce5-b437-64b755ce5ff6\",\n                \"id_kategori\": \"2291fc02-0f36-4053-8ca3-1de800e9b56c\",\n                \"judul\": \"Proyek Peternakan\",\n                \"deskripsi\": \"Proyek peternakan naga\",\n                \"nominal\": 10000000,\n                \"asset_jaminan\": \"Tanah\",\n                \"nilai_jaminan\": 20000000,\n                \"lokasi_usaha\": \"Malang\",\n                \"detail_lokasi\": \"Jl. Raya Tlogomas No. 246\",\n                \"brosur_produk\": \"https://everpro.id/blog/contoh-brosur-minuman/\",\n                \"pendapatan_perbulan\": 2000000,\n                \"pengeluaran_perbulan\": 500000,\n                \"report_progress\": \"3\",\n                \"dokumen_proyeksi\": \"https://encrypted-tbn0.gstatic.com/images?q=tbn:ANd9GcRm7Ed-GxL_MOmlJj7Zo2pzKtOdS9gKBDHxTA&s\",\n                \"status\": \"PENDANAAN DIBUKA\",\n                \"nominal_disetujui\": 10000000,\n                \"harga_per_unit\": 1000000,\n                \"jumlah_koin\": 10,\n                \"minimal_pembelian\": 1,\n                \"maksimal_pembelian\": 10,\n                \"mulai_penggalangan_dana\": \"2024-09-23\",\n                \"selesai_penggalangan_dana\": \"2024-12-01\",\n                \"dokumen_prospektus\": \"uploads/dokumen_prospektus/1727065745760-Permintaan Surat - Wades.xlsx\",\n                \"created_at\": \"2023-05-10T13:39:24.000Z\",\n                \"updated_at\": null\n            }\n        },\n        {\n            \"id\": \"bc94b5e9-ef12-4646-a778-67043f3e19bd\",\n            \"id_projek\": \"848fdf64-a0f8-4dc4-8cc3-81678734edca\",\n            \"id_user\": \"270807c9-b1fc-48ad-8bca-ccbdc282fe81\",\n            \"nilai\": 2000000,\n            \"created_at\": \"2024-09-23T04:20:35.706Z\",\n            \"updated_at\": null,\n            \"user\": {\n                \"id\": \"270807c9-b1fc-48ad-8bca-ccbdc282fe81\",\n                \"nama\": \"budiono siregar\",\n                \"no_hp\": \"6281234567891\",\n                \"role\": \"BASIC\",\n                \"status\": \"TIDAK AKTIF\",\n                \"password\": \"$2a$10$GlGvM07hscOvoqeQFj.SPOvEYoMCG8m49hiy32pk9h/dN/4KYMaUq\",\n                \"tempat_lahir\": \"Surabaya\",\n                \"tanggal_lahir\": \"2024-09-23T04:20:34.651Z\",\n                \"provinsi\": \"Jawa Timur\",\n                \"kota\": \"Surabaya\",\n                \"kecamatan\": \"Wonokromo\",\n                \"alamat\": \"Jl. Darmo No. 10\",\n                \"nik\": \"3501234567890124\",\n                \"foto_profile\": null,\n                \"foto_diri\": \"https://coursius.com/storage/images/thumb/2021_04_08_12_24_32_b46a6b4bb45b6863c78df7e2524b48ae_900x450_thumb.jpg\",\n                \"foto_ktp\": \"https://image.jpnn.com/resize/1200x800-80/arsip/normal/2021/09/01/tangkapan-layar-contoh-e-ktp-yang-sudah-diberi-watermark-fot-hxj6.jpg\",\n                \"created_at\": \"2024-09-23T04:20:34.651Z\",\n                \"updated_at\": null,\n                \"otp\": null\n            },\n            \"project\": {\n                \"id\": \"848fdf64-a0f8-4dc4-8cc3-81678734edca\",\n                \"id_user\": \"0937d7fc-8aa2-4ce5-b437-64b755ce5ff6\",\n                \"id_kategori\": \"7d229a5a-f8ad-4f61-a01a-ec2e87ceaa53\",\n                \"judul\": \"Proyek Jual Beli\",\n                \"deskripsi\": \"Proyek Jual Beli T-Rex\",\n                \"nominal\": 20000000,\n                \"asset_jaminan\": \"Tanah\",\n                \"nilai_jaminan\": 40000000,\n                \"lokasi_usaha\": \"Malang\",\n                \"detail_lokasi\": \"Jl. Raya Tlogomas No. 246\",\n                \"brosur_produk\": \"https://everpro.id/blog/contoh-brosur-minuman/\",\n                \"pendapatan_perbulan\": 2000000,\n                \"pengeluaran_perbulan\": 500000,\n                \"report_progress\": \"3\",\n                \"dokumen_proyeksi\": \"https://encrypted-tbn0.gstatic.com/images?q=tbn:ANd9GcRm7Ed-GxL_MOmlJj7Zo2pzKtOdS9gKBDHxTA&s\",\n                \"status\": \"APPROVAL\",\n                \"nominal_disetujui\": 20000000,\n                \"harga_per_unit\": 1000000,\n                \"jumlah_koin\": 20,\n                \"minimal_pembelian\": 1,\n                \"maksimal_pembelian\": 20,\n                \"mulai_penggalangan_dana\": null,\n                \"selesai_penggalangan_dana\": null,\n                \"dokumen_prospektus\": null,\n                \"created_at\": \"2023-05-10T13:39:24.000Z\",\n                \"updated_at\": null\n            }\n        },\n        {\n            \"id\": \"7855f7a0-d180-457f-8e0c-3f01e3009890\",\n            \"id_projek\": \"5310c3ba-8da7-44f6-9c2d-57363b082aee\",\n            \"id_user\": \"270807c9-b1fc-48ad-8bca-ccbdc282fe81\",\n            \"nilai\": 1000000,\n            \"created_at\": \"2024-09-23T04:20:35.706Z\",\n            \"updated_at\": null,\n            \"user\": {\n                \"id\": \"270807c9-b1fc-48ad-8bca-ccbdc282fe81\",\n                \"nama\": \"budiono siregar\",\n                \"no_hp\": \"6281234567891\",\n                \"role\": \"BASIC\",\n                \"status\": \"TIDAK AKTIF\",\n                \"password\": \"$2a$10$GlGvM07hscOvoqeQFj.SPOvEYoMCG8m49hiy32pk9h/dN/4KYMaUq\",\n                \"tempat_lahir\": \"Surabaya\",\n                \"tanggal_lahir\": \"2024-09-23T04:20:34.651Z\",\n                \"provinsi\": \"Jawa Timur\",\n                \"kota\": \"Surabaya\",\n                \"kecamatan\": \"Wonokromo\",\n                \"alamat\": \"Jl. Darmo No. 10\",\n                \"nik\": \"3501234567890124\",\n                \"foto_profile\": null,\n                \"foto_diri\": \"https://coursius.com/storage/images/thumb/2021_04_08_12_24_32_b46a6b4bb45b6863c78df7e2524b48ae_900x450_thumb.jpg\",\n                \"foto_ktp\": \"https://image.jpnn.com/resize/1200x800-80/arsip/normal/2021/09/01/tangkapan-layar-contoh-e-ktp-yang-sudah-diberi-watermark-fot-hxj6.jpg\",\n                \"created_at\": \"2024-09-23T04:20:34.651Z\",\n                \"updated_at\": null,\n                \"otp\": null\n            },\n            \"project\": {\n                \"id\": \"5310c3ba-8da7-44f6-9c2d-57363b082aee\",\n                \"id_user\": \"0937d7fc-8aa2-4ce5-b437-64b755ce5ff6\",\n                \"id_kategori\": \"2291fc02-0f36-4053-8ca3-1de800e9b56c\",\n                \"judul\": \"Proyek Peternakan\",\n                \"deskripsi\": \"Proyek peternakan naga\",\n                \"nominal\": 10000000,\n                \"asset_jaminan\": \"Tanah\",\n                \"nilai_jaminan\": 20000000,\n                \"lokasi_usaha\": \"Malang\",\n                \"detail_lokasi\": \"Jl. Raya Tlogomas No. 246\",\n                \"brosur_produk\": \"https://everpro.id/blog/contoh-brosur-minuman/\",\n                \"pendapatan_perbulan\": 2000000,\n                \"pengeluaran_perbulan\": 500000,\n                \"report_progress\": \"3\",\n                \"dokumen_proyeksi\": \"https://encrypted-tbn0.gstatic.com/images?q=tbn:ANd9GcRm7Ed-GxL_MOmlJj7Zo2pzKtOdS9gKBDHxTA&s\",\n                \"status\": \"PENDANAAN DIBUKA\",\n                \"nominal_disetujui\": 10000000,\n                \"harga_per_unit\": 1000000,\n                \"jumlah_koin\": 10,\n                \"minimal_pembelian\": 1,\n                \"maksimal_pembelian\": 10,\n                \"mulai_penggalangan_dana\": \"2024-09-23\",\n                \"selesai_penggalangan_dana\": \"2024-12-01\",\n                \"dokumen_prospektus\": \"uploads/dokumen_prospektus/1727065745760-Permintaan Surat - Wades.xlsx\",\n                \"created_at\": \"2023-05-10T13:39:24.000Z\",\n                \"updated_at\": null\n            }\n        },\n        {\n            \"id\": \"ceeed64d-18c5-4359-a4dc-45542fce1d06\",\n            \"id_projek\": \"848fdf64-a0f8-4dc4-8cc3-81678734edca\",\n            \"id_user\": \"270807c9-b1fc-48ad-8bca-ccbdc282fe81\",\n            \"nilai\": 2000000,\n            \"created_at\": \"2024-09-23T04:20:35.706Z\",\n            \"updated_at\": null,\n            \"user\": {\n                \"id\": \"270807c9-b1fc-48ad-8bca-ccbdc282fe81\",\n                \"nama\": \"budiono siregar\",\n                \"no_hp\": \"6281234567891\",\n                \"role\": \"BASIC\",\n                \"status\": \"TIDAK AKTIF\",\n                \"password\": \"$2a$10$GlGvM07hscOvoqeQFj.SPOvEYoMCG8m49hiy32pk9h/dN/4KYMaUq\",\n                \"tempat_lahir\": \"Surabaya\",\n                \"tanggal_lahir\": \"2024-09-23T04:20:34.651Z\",\n                \"provinsi\": \"Jawa Timur\",\n                \"kota\": \"Surabaya\",\n                \"kecamatan\": \"Wonokromo\",\n                \"alamat\": \"Jl. Darmo No. 10\",\n                \"nik\": \"3501234567890124\",\n                \"foto_profile\": null,\n                \"foto_diri\": \"https://coursius.com/storage/images/thumb/2021_04_08_12_24_32_b46a6b4bb45b6863c78df7e2524b48ae_900x450_thumb.jpg\",\n                \"foto_ktp\": \"https://image.jpnn.com/resize/1200x800-80/arsip/normal/2021/09/01/tangkapan-layar-contoh-e-ktp-yang-sudah-diberi-watermark-fot-hxj6.jpg\",\n                \"created_at\": \"2024-09-23T04:20:34.651Z\",\n                \"updated_at\": null,\n                \"otp\": null\n            },\n            \"project\": {\n                \"id\": \"848fdf64-a0f8-4dc4-8cc3-81678734edca\",\n                \"id_user\": \"0937d7fc-8aa2-4ce5-b437-64b755ce5ff6\",\n                \"id_kategori\": \"7d229a5a-f8ad-4f61-a01a-ec2e87ceaa53\",\n                \"judul\": \"Proyek Jual Beli\",\n                \"deskripsi\": \"Proyek Jual Beli T-Rex\",\n                \"nominal\": 20000000,\n                \"asset_jaminan\": \"Tanah\",\n                \"nilai_jaminan\": 40000000,\n                \"lokasi_usaha\": \"Malang\",\n                \"detail_lokasi\": \"Jl. Raya Tlogomas No. 246\",\n                \"brosur_produk\": \"https://everpro.id/blog/contoh-brosur-minuman/\",\n                \"pendapatan_perbulan\": 2000000,\n                \"pengeluaran_perbulan\": 500000,\n                \"report_progress\": \"3\",\n                \"dokumen_proyeksi\": \"https://encrypted-tbn0.gstatic.com/images?q=tbn:ANd9GcRm7Ed-GxL_MOmlJj7Zo2pzKtOdS9gKBDHxTA&s\",\n                \"status\": \"APPROVAL\",\n                \"nominal_disetujui\": 20000000,\n                \"harga_per_unit\": 1000000,\n                \"jumlah_koin\": 20,\n                \"minimal_pembelian\": 1,\n                \"maksimal_pembelian\": 20,\n                \"mulai_penggalangan_dana\": null,\n                \"selesai_penggalangan_dana\": null,\n                \"dokumen_prospektus\": null,\n                \"created_at\": \"2023-05-10T13:39:24.000Z\",\n                \"updated_at\": null\n            }\n        },\n        {\n            \"id\": \"b9795292-e3b5-4e67-bcf0-5b8601dadad7\",\n            \"id_projek\": \"5310c3ba-8da7-44f6-9c2d-57363b082aee\",\n            \"id_user\": \"270807c9-b1fc-48ad-8bca-ccbdc282fe81\",\n            \"nilai\": 1000000,\n            \"created_at\": \"2024-09-23T04:20:35.706Z\",\n            \"updated_at\": null,\n            \"user\": {\n                \"id\": \"270807c9-b1fc-48ad-8bca-ccbdc282fe81\",\n                \"nama\": \"budiono siregar\",\n                \"no_hp\": \"6281234567891\",\n                \"role\": \"BASIC\",\n                \"status\": \"TIDAK AKTIF\",\n                \"password\": \"$2a$10$GlGvM07hscOvoqeQFj.SPOvEYoMCG8m49hiy32pk9h/dN/4KYMaUq\",\n                \"tempat_lahir\": \"Surabaya\",\n                \"tanggal_lahir\": \"2024-09-23T04:20:34.651Z\",\n                \"provinsi\": \"Jawa Timur\",\n                \"kota\": \"Surabaya\",\n                \"kecamatan\": \"Wonokromo\",\n                \"alamat\": \"Jl. Darmo No. 10\",\n                \"nik\": \"3501234567890124\",\n                \"foto_profile\": null,\n                \"foto_diri\": \"https://coursius.com/storage/images/thumb/2021_04_08_12_24_32_b46a6b4bb45b6863c78df7e2524b48ae_900x450_thumb.jpg\",\n                \"foto_ktp\": \"https://image.jpnn.com/resize/1200x800-80/arsip/normal/2021/09/01/tangkapan-layar-contoh-e-ktp-yang-sudah-diberi-watermark-fot-hxj6.jpg\",\n                \"created_at\": \"2024-09-23T04:20:34.651Z\",\n                \"updated_at\": null,\n                \"otp\": null\n            },\n            \"project\": {\n                \"id\": \"5310c3ba-8da7-44f6-9c2d-57363b082aee\",\n                \"id_user\": \"0937d7fc-8aa2-4ce5-b437-64b755ce5ff6\",\n                \"id_kategori\": \"2291fc02-0f36-4053-8ca3-1de800e9b56c\",\n                \"judul\": \"Proyek Peternakan\",\n                \"deskripsi\": \"Proyek peternakan naga\",\n                \"nominal\": 10000000,\n                \"asset_jaminan\": \"Tanah\",\n                \"nilai_jaminan\": 20000000,\n                \"lokasi_usaha\": \"Malang\",\n                \"detail_lokasi\": \"Jl. Raya Tlogomas No. 246\",\n                \"brosur_produk\": \"https://everpro.id/blog/contoh-brosur-minuman/\",\n                \"pendapatan_perbulan\": 2000000,\n                \"pengeluaran_perbulan\": 500000,\n                \"report_progress\": \"3\",\n                \"dokumen_proyeksi\": \"https://encrypted-tbn0.gstatic.com/images?q=tbn:ANd9GcRm7Ed-GxL_MOmlJj7Zo2pzKtOdS9gKBDHxTA&s\",\n                \"status\": \"PENDANAAN DIBUKA\",\n                \"nominal_disetujui\": 10000000,\n                \"harga_per_unit\": 1000000,\n                \"jumlah_koin\": 10,\n                \"minimal_pembelian\": 1,\n                \"maksimal_pembelian\": 10,\n                \"mulai_penggalangan_dana\": \"2024-09-23\",\n                \"selesai_penggalangan_dana\": \"2024-12-01\",\n                \"dokumen_prospektus\": \"uploads/dokumen_prospektus/1727065745760-Permintaan Surat - Wades.xlsx\",\n                \"created_at\": \"2023-05-10T13:39:24.000Z\",\n                \"updated_at\": null\n            }\n        },\n        {\n            \"id\": \"2d5731b2-c822-4da3-a26e-ca29da93ed9f\",\n            \"id_projek\": \"848fdf64-a0f8-4dc4-8cc3-81678734edca\",\n            \"id_user\": \"270807c9-b1fc-48ad-8bca-ccbdc282fe81\",\n            \"nilai\": 2000000,\n            \"created_at\": \"2024-09-23T04:20:35.706Z\",\n            \"updated_at\": null,\n            \"user\": {\n                \"id\": \"270807c9-b1fc-48ad-8bca-ccbdc282fe81\",\n                \"nama\": \"budiono siregar\",\n                \"no_hp\": \"6281234567891\",\n                \"role\": \"BASIC\",\n                \"status\": \"TIDAK AKTIF\",\n                \"password\": \"$2a$10$GlGvM07hscOvoqeQFj.SPOvEYoMCG8m49hiy32pk9h/dN/4KYMaUq\",\n                \"tempat_lahir\": \"Surabaya\",\n                \"tanggal_lahir\": \"2024-09-23T04:20:34.651Z\",\n                \"provinsi\": \"Jawa Timur\",\n                \"kota\": \"Surabaya\",\n                \"kecamatan\": \"Wonokromo\",\n                \"alamat\": \"Jl. Darmo No. 10\",\n                \"nik\": \"3501234567890124\",\n                \"foto_profile\": null,\n                \"foto_diri\": \"https://coursius.com/storage/images/thumb/2021_04_08_12_24_32_b46a6b4bb45b6863c78df7e2524b48ae_900x450_thumb.jpg\",\n                \"foto_ktp\": \"https://image.jpnn.com/resize/1200x800-80/arsip/normal/2021/09/01/tangkapan-layar-contoh-e-ktp-yang-sudah-diberi-watermark-fot-hxj6.jpg\",\n                \"created_at\": \"2024-09-23T04:20:34.651Z\",\n                \"updated_at\": null,\n                \"otp\": null\n            },\n            \"project\": {\n                \"id\": \"848fdf64-a0f8-4dc4-8cc3-81678734edca\",\n                \"id_user\": \"0937d7fc-8aa2-4ce5-b437-64b755ce5ff6\",\n                \"id_kategori\": \"7d229a5a-f8ad-4f61-a01a-ec2e87ceaa53\",\n                \"judul\": \"Proyek Jual Beli\",\n                \"deskripsi\": \"Proyek Jual Beli T-Rex\",\n                \"nominal\": 20000000,\n                \"asset_jaminan\": \"Tanah\",\n                \"nilai_jaminan\": 40000000,\n                \"lokasi_usaha\": \"Malang\",\n                \"detail_lokasi\": \"Jl. Raya Tlogomas No. 246\",\n                \"brosur_produk\": \"https://everpro.id/blog/contoh-brosur-minuman/\",\n                \"pendapatan_perbulan\": 2000000,\n                \"pengeluaran_perbulan\": 500000,\n                \"report_progress\": \"3\",\n                \"dokumen_proyeksi\": \"https://encrypted-tbn0.gstatic.com/images?q=tbn:ANd9GcRm7Ed-GxL_MOmlJj7Zo2pzKtOdS9gKBDHxTA&s\",\n                \"status\": \"APPROVAL\",\n                \"nominal_disetujui\": 20000000,\n                \"harga_per_unit\": 1000000,\n                \"jumlah_koin\": 20,\n                \"minimal_pembelian\": 1,\n                \"maksimal_pembelian\": 20,\n                \"mulai_penggalangan_dana\": null,\n                \"selesai_penggalangan_dana\": null,\n                \"dokumen_prospektus\": null,\n                \"created_at\": \"2023-05-10T13:39:24.000Z\",\n                \"updated_at\": null\n            }\n        },\n        {\n            \"id\": \"e8779de9-6e2a-4b13-b679-1001d645c62c\",\n            \"id_projek\": \"5310c3ba-8da7-44f6-9c2d-57363b082aee\",\n            \"id_user\": \"270807c9-b1fc-48ad-8bca-ccbdc282fe81\",\n            \"nilai\": 1000000,\n            \"created_at\": \"2024-09-23T04:20:35.706Z\",\n            \"updated_at\": null,\n            \"user\": {\n                \"id\": \"270807c9-b1fc-48ad-8bca-ccbdc282fe81\",\n                \"nama\": \"budiono siregar\",\n                \"no_hp\": \"6281234567891\",\n                \"role\": \"BASIC\",\n                \"status\": \"TIDAK AKTIF\",\n                \"password\": \"$2a$10$GlGvM07hscOvoqeQFj.SPOvEYoMCG8m49hiy32pk9h/dN/4KYMaUq\",\n                \"tempat_lahir\": \"Surabaya\",\n                \"tanggal_lahir\": \"2024-09-23T04:20:34.651Z\",\n                \"provinsi\": \"Jawa Timur\",\n                \"kota\": \"Surabaya\",\n                \"kecamatan\": \"Wonokromo\",\n                \"alamat\": \"Jl. Darmo No. 10\",\n                \"nik\": \"3501234567890124\",\n                \"foto_profile\": null,\n                \"foto_diri\": \"https://coursius.com/storage/images/thumb/2021_04_08_12_24_32_b46a6b4bb45b6863c78df7e2524b48ae_900x450_thumb.jpg\",\n                \"foto_ktp\": \"https://image.jpnn.com/resize/1200x800-80/arsip/normal/2021/09/01/tangkapan-layar-contoh-e-ktp-yang-sudah-diberi-watermark-fot-hxj6.jpg\",\n                \"created_at\": \"2024-09-23T04:20:34.651Z\",\n                \"updated_at\": null,\n                \"otp\": null\n            },\n            \"project\": {\n                \"id\": \"5310c3ba-8da7-44f6-9c2d-57363b082aee\",\n                \"id_user\": \"0937d7fc-8aa2-4ce5-b437-64b755ce5ff6\",\n                \"id_kategori\": \"2291fc02-0f36-4053-8ca3-1de800e9b56c\",\n                \"judul\": \"Proyek Peternakan\",\n                \"deskripsi\": \"Proyek peternakan naga\",\n                \"nominal\": 10000000,\n                \"asset_jaminan\": \"Tanah\",\n                \"nilai_jaminan\": 20000000,\n                \"lokasi_usaha\": \"Malang\",\n                \"detail_lokasi\": \"Jl. Raya Tlogomas No. 246\",\n                \"brosur_produk\": \"https://everpro.id/blog/contoh-brosur-minuman/\",\n                \"pendapatan_perbulan\": 2000000,\n                \"pengeluaran_perbulan\": 500000,\n                \"report_progress\": \"3\",\n                \"dokumen_proyeksi\": \"https://encrypted-tbn0.gstatic.com/images?q=tbn:ANd9GcRm7Ed-GxL_MOmlJj7Zo2pzKtOdS9gKBDHxTA&s\",\n                \"status\": \"PENDANAAN DIBUKA\",\n                \"nominal_disetujui\": 10000000,\n                \"harga_per_unit\": 1000000,\n                \"jumlah_koin\": 10,\n                \"minimal_pembelian\": 1,\n                \"maksimal_pembelian\": 10,\n                \"mulai_penggalangan_dana\": \"2024-09-23\",\n                \"selesai_penggalangan_dana\": \"2024-12-01\",\n                \"dokumen_prospektus\": \"uploads/dokumen_prospektus/1727065745760-Permintaan Surat - Wades.xlsx\",\n                \"created_at\": \"2023-05-10T13:39:24.000Z\",\n                \"updated_at\": null\n            }\n        },\n        {\n            \"id\": \"6e1ab88d-d97a-4942-8b54-654aefbfd6cc\",\n            \"id_projek\": \"848fdf64-a0f8-4dc4-8cc3-81678734edca\",\n            \"id_user\": \"270807c9-b1fc-48ad-8bca-ccbdc282fe81\",\n            \"nilai\": 2000000,\n            \"created_at\": \"2024-09-23T04:20:35.706Z\",\n            \"updated_at\": null,\n            \"user\": {\n                \"id\": \"270807c9-b1fc-48ad-8bca-ccbdc282fe81\",\n                \"nama\": \"budiono siregar\",\n                \"no_hp\": \"6281234567891\",\n                \"role\": \"BASIC\",\n                \"status\": \"TIDAK AKTIF\",\n                \"password\": \"$2a$10$GlGvM07hscOvoqeQFj.SPOvEYoMCG8m49hiy32pk9h/dN/4KYMaUq\",\n                \"tempat_lahir\": \"Surabaya\",\n                \"tanggal_lahir\": \"2024-09-23T04:20:34.651Z\",\n                \"provinsi\": \"Jawa Timur\",\n                \"kota\": \"Surabaya\",\n                \"kecamatan\": \"Wonokromo\",\n                \"alamat\": \"Jl. Darmo No. 10\",\n                \"nik\": \"3501234567890124\",\n                \"foto_profile\": null,\n                \"foto_diri\": \"https://coursius.com/storage/images/thumb/2021_04_08_12_24_32_b46a6b4bb45b6863c78df7e2524b48ae_900x450_thumb.jpg\",\n                \"foto_ktp\": \"https://image.jpnn.com/resize/1200x800-80/arsip/normal/2021/09/01/tangkapan-layar-contoh-e-ktp-yang-sudah-diberi-watermark-fot-hxj6.jpg\",\n                \"created_at\": \"2024-09-23T04:20:34.651Z\",\n                \"updated_at\": null,\n                \"otp\": null\n            },\n            \"project\": {\n                \"id\": \"848fdf64-a0f8-4dc4-8cc3-81678734edca\",\n                \"id_user\": \"0937d7fc-8aa2-4ce5-b437-64b755ce5ff6\",\n                \"id_kategori\": \"7d229a5a-f8ad-4f61-a01a-ec2e87ceaa53\",\n                \"judul\": \"Proyek Jual Beli\",\n                \"deskripsi\": \"Proyek Jual Beli T-Rex\",\n                \"nominal\": 20000000,\n                \"asset_jaminan\": \"Tanah\",\n                \"nilai_jaminan\": 40000000,\n                \"lokasi_usaha\": \"Malang\",\n                \"detail_lokasi\": \"Jl. Raya Tlogomas No. 246\",\n                \"brosur_produk\": \"https://everpro.id/blog/contoh-brosur-minuman/\",\n                \"pendapatan_perbulan\": 2000000,\n                \"pengeluaran_perbulan\": 500000,\n                \"report_progress\": \"3\",\n                \"dokumen_proyeksi\": \"https://encrypted-tbn0.gstatic.com/images?q=tbn:ANd9GcRm7Ed-GxL_MOmlJj7Zo2pzKtOdS9gKBDHxTA&s\",\n                \"status\": \"APPROVAL\",\n                \"nominal_disetujui\": 20000000,\n                \"harga_per_unit\": 1000000,\n                \"jumlah_koin\": 20,\n                \"minimal_pembelian\": 1,\n                \"maksimal_pembelian\": 20,\n                \"mulai_penggalangan_dana\": null,\n                \"selesai_penggalangan_dana\": null,\n                \"dokumen_prospektus\": null,\n                \"created_at\": \"2023-05-10T13:39:24.000Z\",\n                \"updated_at\": null\n            }\n        },\n        {\n            \"id\": \"cb694065-3c66-4997-8234-432a7010aeb9\",\n            \"id_projek\": \"5310c3ba-8da7-44f6-9c2d-57363b082aee\",\n            \"id_user\": \"270807c9-b1fc-48ad-8bca-ccbdc282fe81\",\n            \"nilai\": 1000000,\n            \"created_at\": \"2024-09-23T04:20:35.706Z\",\n            \"updated_at\": null,\n            \"user\": {\n                \"id\": \"270807c9-b1fc-48ad-8bca-ccbdc282fe81\",\n                \"nama\": \"budiono siregar\",\n                \"no_hp\": \"6281234567891\",\n                \"role\": \"BASIC\",\n                \"status\": \"TIDAK AKTIF\",\n                \"password\": \"$2a$10$GlGvM07hscOvoqeQFj.SPOvEYoMCG8m49hiy32pk9h/dN/4KYMaUq\",\n                \"tempat_lahir\": \"Surabaya\",\n                \"tanggal_lahir\": \"2024-09-23T04:20:34.651Z\",\n                \"provinsi\": \"Jawa Timur\",\n                \"kota\": \"Surabaya\",\n                \"kecamatan\": \"Wonokromo\",\n                \"alamat\": \"Jl. Darmo No. 10\",\n                \"nik\": \"3501234567890124\",\n                \"foto_profile\": null,\n                \"foto_diri\": \"https://coursius.com/storage/images/thumb/2021_04_08_12_24_32_b46a6b4bb45b6863c78df7e2524b48ae_900x450_thumb.jpg\",\n                \"foto_ktp\": \"https://image.jpnn.com/resize/1200x800-80/arsip/normal/2021/09/01/tangkapan-layar-contoh-e-ktp-yang-sudah-diberi-watermark-fot-hxj6.jpg\",\n                \"created_at\": \"2024-09-23T04:20:34.651Z\",\n                \"updated_at\": null,\n                \"otp\": null\n            },\n            \"project\": {\n                \"id\": \"5310c3ba-8da7-44f6-9c2d-57363b082aee\",\n                \"id_user\": \"0937d7fc-8aa2-4ce5-b437-64b755ce5ff6\",\n                \"id_kategori\": \"2291fc02-0f36-4053-8ca3-1de800e9b56c\",\n                \"judul\": \"Proyek Peternakan\",\n                \"deskripsi\": \"Proyek peternakan naga\",\n                \"nominal\": 10000000,\n                \"asset_jaminan\": \"Tanah\",\n                \"nilai_jaminan\": 20000000,\n                \"lokasi_usaha\": \"Malang\",\n                \"detail_lokasi\": \"Jl. Raya Tlogomas No. 246\",\n                \"brosur_produk\": \"https://everpro.id/blog/contoh-brosur-minuman/\",\n                \"pendapatan_perbulan\": 2000000,\n                \"pengeluaran_perbulan\": 500000,\n                \"report_progress\": \"3\",\n                \"dokumen_proyeksi\": \"https://encrypted-tbn0.gstatic.com/images?q=tbn:ANd9GcRm7Ed-GxL_MOmlJj7Zo2pzKtOdS9gKBDHxTA&s\",\n                \"status\": \"PENDANAAN DIBUKA\",\n                \"nominal_disetujui\": 10000000,\n                \"harga_per_unit\": 1000000,\n                \"jumlah_koin\": 10,\n                \"minimal_pembelian\": 1,\n                \"maksimal_pembelian\": 10,\n                \"mulai_penggalangan_dana\": \"2024-09-23\",\n                \"selesai_penggalangan_dana\": \"2024-12-01\",\n                \"dokumen_prospektus\": \"uploads/dokumen_prospektus/1727065745760-Permintaan Surat - Wades.xlsx\",\n                \"created_at\": \"2023-05-10T13:39:24.000Z\",\n                \"updated_at\": null\n            }\n        },\n        {\n            \"id\": \"7c88856c-6c49-4c8b-a777-3bdb416ed880\",\n            \"id_projek\": \"848fdf64-a0f8-4dc4-8cc3-81678734edca\",\n            \"id_user\": \"270807c9-b1fc-48ad-8bca-ccbdc282fe81\",\n            \"nilai\": 2000000,\n            \"created_at\": \"2024-09-23T04:20:35.706Z\",\n            \"updated_at\": null,\n            \"user\": {\n                \"id\": \"270807c9-b1fc-48ad-8bca-ccbdc282fe81\",\n                \"nama\": \"budiono siregar\",\n                \"no_hp\": \"6281234567891\",\n                \"role\": \"BASIC\",\n                \"status\": \"TIDAK AKTIF\",\n                \"password\": \"$2a$10$GlGvM07hscOvoqeQFj.SPOvEYoMCG8m49hiy32pk9h/dN/4KYMaUq\",\n                \"tempat_lahir\": \"Surabaya\",\n                \"tanggal_lahir\": \"2024-09-23T04:20:34.651Z\",\n                \"provinsi\": \"Jawa Timur\",\n                \"kota\": \"Surabaya\",\n                \"kecamatan\": \"Wonokromo\",\n                \"alamat\": \"Jl. Darmo No. 10\",\n                \"nik\": \"3501234567890124\",\n                \"foto_profile\": null,\n                \"foto_diri\": \"https://coursius.com/storage/images/thumb/2021_04_08_12_24_32_b46a6b4bb45b6863c78df7e2524b48ae_900x450_thumb.jpg\",\n                \"foto_ktp\": \"https://image.jpnn.com/resize/1200x800-80/arsip/normal/2021/09/01/tangkapan-layar-contoh-e-ktp-yang-sudah-diberi-watermark-fot-hxj6.jpg\",\n                \"created_at\": \"2024-09-23T04:20:34.651Z\",\n                \"updated_at\": null,\n                \"otp\": null\n            },\n            \"project\": {\n                \"id\": \"848fdf64-a0f8-4dc4-8cc3-81678734edca\",\n                \"id_user\": \"0937d7fc-8aa2-4ce5-b437-64b755ce5ff6\",\n                \"id_kategori\": \"7d229a5a-f8ad-4f61-a01a-ec2e87ceaa53\",\n                \"judul\": \"Proyek Jual Beli\",\n                \"deskripsi\": \"Proyek Jual Beli T-Rex\",\n                \"nominal\": 20000000,\n                \"asset_jaminan\": \"Tanah\",\n                \"nilai_jaminan\": 40000000,\n                \"lokasi_usaha\": \"Malang\",\n                \"detail_lokasi\": \"Jl. Raya Tlogomas No. 246\",\n                \"brosur_produk\": \"https://everpro.id/blog/contoh-brosur-minuman/\",\n                \"pendapatan_perbulan\": 2000000,\n                \"pengeluaran_perbulan\": 500000,\n                \"report_progress\": \"3\",\n                \"dokumen_proyeksi\": \"https://encrypted-tbn0.gstatic.com/images?q=tbn:ANd9GcRm7Ed-GxL_MOmlJj7Zo2pzKtOdS9gKBDHxTA&s\",\n                \"status\": \"APPROVAL\",\n                \"nominal_disetujui\": 20000000,\n                \"harga_per_unit\": 1000000,\n                \"jumlah_koin\": 20,\n                \"minimal_pembelian\": 1,\n                \"maksimal_pembelian\": 20,\n                \"mulai_penggalangan_dana\": null,\n                \"selesai_penggalangan_dana\": null,\n                \"dokumen_prospektus\": null,\n                \"created_at\": \"2023-05-10T13:39:24.000Z\",\n                \"updated_at\": null\n            }\n        },\n        {\n            \"id\": \"8cb4df4e-ac97-482a-be0c-53268c1e5b00\",\n            \"id_projek\": \"5310c3ba-8da7-44f6-9c2d-57363b082aee\",\n            \"id_user\": \"270807c9-b1fc-48ad-8bca-ccbdc282fe81\",\n            \"nilai\": 1000000,\n            \"created_at\": \"2024-09-23T04:20:35.706Z\",\n            \"updated_at\": null,\n            \"user\": {\n                \"id\": \"270807c9-b1fc-48ad-8bca-ccbdc282fe81\",\n                \"nama\": \"budiono siregar\",\n                \"no_hp\": \"6281234567891\",\n                \"role\": \"BASIC\",\n                \"status\": \"TIDAK AKTIF\",\n                \"password\": \"$2a$10$GlGvM07hscOvoqeQFj.SPOvEYoMCG8m49hiy32pk9h/dN/4KYMaUq\",\n                \"tempat_lahir\": \"Surabaya\",\n                \"tanggal_lahir\": \"2024-09-23T04:20:34.651Z\",\n                \"provinsi\": \"Jawa Timur\",\n                \"kota\": \"Surabaya\",\n                \"kecamatan\": \"Wonokromo\",\n                \"alamat\": \"Jl. Darmo No. 10\",\n                \"nik\": \"3501234567890124\",\n                \"foto_profile\": null,\n                \"foto_diri\": \"https://coursius.com/storage/images/thumb/2021_04_08_12_24_32_b46a6b4bb45b6863c78df7e2524b48ae_900x450_thumb.jpg\",\n                \"foto_ktp\": \"https://image.jpnn.com/resize/1200x800-80/arsip/normal/2021/09/01/tangkapan-layar-contoh-e-ktp-yang-sudah-diberi-watermark-fot-hxj6.jpg\",\n                \"created_at\": \"2024-09-23T04:20:34.651Z\",\n                \"updated_at\": null,\n                \"otp\": null\n            },\n            \"project\": {\n                \"id\": \"5310c3ba-8da7-44f6-9c2d-57363b082aee\",\n                \"id_user\": \"0937d7fc-8aa2-4ce5-b437-64b755ce5ff6\",\n                \"id_kategori\": \"2291fc02-0f36-4053-8ca3-1de800e9b56c\",\n                \"judul\": \"Proyek Peternakan\",\n                \"deskripsi\": \"Proyek peternakan naga\",\n                \"nominal\": 10000000,\n                \"asset_jaminan\": \"Tanah\",\n                \"nilai_jaminan\": 20000000,\n                \"lokasi_usaha\": \"Malang\",\n                \"detail_lokasi\": \"Jl. Raya Tlogomas No. 246\",\n                \"brosur_produk\": \"https://everpro.id/blog/contoh-brosur-minuman/\",\n                \"pendapatan_perbulan\": 2000000,\n                \"pengeluaran_perbulan\": 500000,\n                \"report_progress\": \"3\",\n                \"dokumen_proyeksi\": \"https://encrypted-tbn0.gstatic.com/images?q=tbn:ANd9GcRm7Ed-GxL_MOmlJj7Zo2pzKtOdS9gKBDHxTA&s\",\n                \"status\": \"PENDANAAN DIBUKA\",\n                \"nominal_disetujui\": 10000000,\n                \"harga_per_unit\": 1000000,\n                \"jumlah_koin\": 10,\n                \"minimal_pembelian\": 1,\n                \"maksimal_pembelian\": 10,\n                \"mulai_penggalangan_dana\": \"2024-09-23\",\n                \"selesai_penggalangan_dana\": \"2024-12-01\",\n                \"dokumen_prospektus\": \"uploads/dokumen_prospektus/1727065745760-Permintaan Surat - Wades.xlsx\",\n                \"created_at\": \"2023-05-10T13:39:24.000Z\",\n                \"updated_at\": null\n            }\n        },\n        {\n            \"id\": \"19a5e64c-fd33-4be2-975f-7bb651713b2f\",\n            \"id_projek\": \"848fdf64-a0f8-4dc4-8cc3-81678734edca\",\n            \"id_user\": \"270807c9-b1fc-48ad-8bca-ccbdc282fe81\",\n            \"nilai\": 2000000,\n            \"created_at\": \"2024-09-23T04:20:35.706Z\",\n            \"updated_at\": null,\n            \"user\": {\n                \"id\": \"270807c9-b1fc-48ad-8bca-ccbdc282fe81\",\n                \"nama\": \"budiono siregar\",\n                \"no_hp\": \"6281234567891\",\n                \"role\": \"BASIC\",\n                \"status\": \"TIDAK AKTIF\",\n                \"password\": \"$2a$10$GlGvM07hscOvoqeQFj.SPOvEYoMCG8m49hiy32pk9h/dN/4KYMaUq\",\n                \"tempat_lahir\": \"Surabaya\",\n                \"tanggal_lahir\": \"2024-09-23T04:20:34.651Z\",\n                \"provinsi\": \"Jawa Timur\",\n                \"kota\": \"Surabaya\",\n                \"kecamatan\": \"Wonokromo\",\n                \"alamat\": \"Jl. Darmo No. 10\",\n                \"nik\": \"3501234567890124\",\n                \"foto_profile\": null,\n                \"foto_diri\": \"https://coursius.com/storage/images/thumb/2021_04_08_12_24_32_b46a6b4bb45b6863c78df7e2524b48ae_900x450_thumb.jpg\",\n                \"foto_ktp\": \"https://image.jpnn.com/resize/1200x800-80/arsip/normal/2021/09/01/tangkapan-layar-contoh-e-ktp-yang-sudah-diberi-watermark-fot-hxj6.jpg\",\n                \"created_at\": \"2024-09-23T04:20:34.651Z\",\n                \"updated_at\": null,\n                \"otp\": null\n            },\n            \"project\": {\n                \"id\": \"848fdf64-a0f8-4dc4-8cc3-81678734edca\",\n                \"id_user\": \"0937d7fc-8aa2-4ce5-b437-64b755ce5ff6\",\n                \"id_kategori\": \"7d229a5a-f8ad-4f61-a01a-ec2e87ceaa53\",\n                \"judul\": \"Proyek Jual Beli\",\n                \"deskripsi\": \"Proyek Jual Beli T-Rex\",\n                \"nominal\": 20000000,\n                \"asset_jaminan\": \"Tanah\",\n                \"nilai_jaminan\": 40000000,\n                \"lokasi_usaha\": \"Malang\",\n                \"detail_lokasi\": \"Jl. Raya Tlogomas No. 246\",\n                \"brosur_produk\": \"https://everpro.id/blog/contoh-brosur-minuman/\",\n                \"pendapatan_perbulan\": 2000000,\n                \"pengeluaran_perbulan\": 500000,\n                \"report_progress\": \"3\",\n                \"dokumen_proyeksi\": \"https://encrypted-tbn0.gstatic.com/images?q=tbn:ANd9GcRm7Ed-GxL_MOmlJj7Zo2pzKtOdS9gKBDHxTA&s\",\n                \"status\": \"APPROVAL\",\n                \"nominal_disetujui\": 20000000,\n                \"harga_per_unit\": 1000000,\n                \"jumlah_koin\": 20,\n                \"minimal_pembelian\": 1,\n                \"maksimal_pembelian\": 20,\n                \"mulai_penggalangan_dana\": null,\n                \"selesai_penggalangan_dana\": null,\n                \"dokumen_prospektus\": null,\n                \"created_at\": \"2023-05-10T13:39:24.000Z\",\n                \"updated_at\": null\n            }\n        },\n        {\n            \"id\": \"0442c645-69da-402a-9143-1bf4cfc997f0\",\n            \"id_projek\": \"5310c3ba-8da7-44f6-9c2d-57363b082aee\",\n            \"id_user\": \"270807c9-b1fc-48ad-8bca-ccbdc282fe81\",\n            \"nilai\": 1000000,\n            \"created_at\": \"2024-09-23T04:20:35.706Z\",\n            \"updated_at\": null,\n            \"user\": {\n                \"id\": \"270807c9-b1fc-48ad-8bca-ccbdc282fe81\",\n                \"nama\": \"budiono siregar\",\n                \"no_hp\": \"6281234567891\",\n                \"role\": \"BASIC\",\n                \"status\": \"TIDAK AKTIF\",\n                \"password\": \"$2a$10$GlGvM07hscOvoqeQFj.SPOvEYoMCG8m49hiy32pk9h/dN/4KYMaUq\",\n                \"tempat_lahir\": \"Surabaya\",\n                \"tanggal_lahir\": \"2024-09-23T04:20:34.651Z\",\n                \"provinsi\": \"Jawa Timur\",\n                \"kota\": \"Surabaya\",\n                \"kecamatan\": \"Wonokromo\",\n                \"alamat\": \"Jl. Darmo No. 10\",\n                \"nik\": \"3501234567890124\",\n                \"foto_profile\": null,\n                \"foto_diri\": \"https://coursius.com/storage/images/thumb/2021_04_08_12_24_32_b46a6b4bb45b6863c78df7e2524b48ae_900x450_thumb.jpg\",\n                \"foto_ktp\": \"https://image.jpnn.com/resize/1200x800-80/arsip/normal/2021/09/01/tangkapan-layar-contoh-e-ktp-yang-sudah-diberi-watermark-fot-hxj6.jpg\",\n                \"created_at\": \"2024-09-23T04:20:34.651Z\",\n                \"updated_at\": null,\n                \"otp\": null\n            },\n            \"project\": {\n                \"id\": \"5310c3ba-8da7-44f6-9c2d-57363b082aee\",\n                \"id_user\": \"0937d7fc-8aa2-4ce5-b437-64b755ce5ff6\",\n                \"id_kategori\": \"2291fc02-0f36-4053-8ca3-1de800e9b56c\",\n                \"judul\": \"Proyek Peternakan\",\n                \"deskripsi\": \"Proyek peternakan naga\",\n                \"nominal\": 10000000,\n                \"asset_jaminan\": \"Tanah\",\n                \"nilai_jaminan\": 20000000,\n                \"lokasi_usaha\": \"Malang\",\n                \"detail_lokasi\": \"Jl. Raya Tlogomas No. 246\",\n                \"brosur_produk\": \"https://everpro.id/blog/contoh-brosur-minuman/\",\n                \"pendapatan_perbulan\": 2000000,\n                \"pengeluaran_perbulan\": 500000,\n                \"report_progress\": \"3\",\n                \"dokumen_proyeksi\": \"https://encrypted-tbn0.gstatic.com/images?q=tbn:ANd9GcRm7Ed-GxL_MOmlJj7Zo2pzKtOdS9gKBDHxTA&s\",\n                \"status\": \"PENDANAAN DIBUKA\",\n                \"nominal_disetujui\": 10000000,\n                \"harga_per_unit\": 1000000,\n                \"jumlah_koin\": 10,\n                \"minimal_pembelian\": 1,\n                \"maksimal_pembelian\": 10,\n                \"mulai_penggalangan_dana\": \"2024-09-23\",\n                \"selesai_penggalangan_dana\": \"2024-12-01\",\n                \"dokumen_prospektus\": \"uploads/dokumen_prospektus/1727065745760-Permintaan Surat - Wades.xlsx\",\n                \"created_at\": \"2023-05-10T13:39:24.000Z\",\n                \"updated_at\": null\n            }\n        },\n        {\n            \"id\": \"68e1690b-3050-4670-8e77-9591f5d47daa\",\n            \"id_projek\": \"848fdf64-a0f8-4dc4-8cc3-81678734edca\",\n            \"id_user\": \"270807c9-b1fc-48ad-8bca-ccbdc282fe81\",\n            \"nilai\": 2000000,\n            \"created_at\": \"2024-09-23T04:20:35.707Z\",\n            \"updated_at\": null,\n            \"user\": {\n                \"id\": \"270807c9-b1fc-48ad-8bca-ccbdc282fe81\",\n                \"nama\": \"budiono siregar\",\n                \"no_hp\": \"6281234567891\",\n                \"role\": \"BASIC\",\n                \"status\": \"TIDAK AKTIF\",\n                \"password\": \"$2a$10$GlGvM07hscOvoqeQFj.SPOvEYoMCG8m49hiy32pk9h/dN/4KYMaUq\",\n                \"tempat_lahir\": \"Surabaya\",\n                \"tanggal_lahir\": \"2024-09-23T04:20:34.651Z\",\n                \"provinsi\": \"Jawa Timur\",\n                \"kota\": \"Surabaya\",\n                \"kecamatan\": \"Wonokromo\",\n                \"alamat\": \"Jl. Darmo No. 10\",\n                \"nik\": \"3501234567890124\",\n                \"foto_profile\": null,\n                \"foto_diri\": \"https://coursius.com/storage/images/thumb/2021_04_08_12_24_32_b46a6b4bb45b6863c78df7e2524b48ae_900x450_thumb.jpg\",\n                \"foto_ktp\": \"https://image.jpnn.com/resize/1200x800-80/arsip/normal/2021/09/01/tangkapan-layar-contoh-e-ktp-yang-sudah-diberi-watermark-fot-hxj6.jpg\",\n                \"created_at\": \"2024-09-23T04:20:34.651Z\",\n                \"updated_at\": null,\n                \"otp\": null\n            },\n            \"project\": {\n                \"id\": \"848fdf64-a0f8-4dc4-8cc3-81678734edca\",\n                \"id_user\": \"0937d7fc-8aa2-4ce5-b437-64b755ce5ff6\",\n                \"id_kategori\": \"7d229a5a-f8ad-4f61-a01a-ec2e87ceaa53\",\n                \"judul\": \"Proyek Jual Beli\",\n                \"deskripsi\": \"Proyek Jual Beli T-Rex\",\n                \"nominal\": 20000000,\n                \"asset_jaminan\": \"Tanah\",\n                \"nilai_jaminan\": 40000000,\n                \"lokasi_usaha\": \"Malang\",\n                \"detail_lokasi\": \"Jl. Raya Tlogomas No. 246\",\n                \"brosur_produk\": \"https://everpro.id/blog/contoh-brosur-minuman/\",\n                \"pendapatan_perbulan\": 2000000,\n                \"pengeluaran_perbulan\": 500000,\n                \"report_progress\": \"3\",\n                \"dokumen_proyeksi\": \"https://encrypted-tbn0.gstatic.com/images?q=tbn:ANd9GcRm7Ed-GxL_MOmlJj7Zo2pzKtOdS9gKBDHxTA&s\",\n                \"status\": \"APPROVAL\",\n                \"nominal_disetujui\": 20000000,\n                \"harga_per_unit\": 1000000,\n                \"jumlah_koin\": 20,\n                \"minimal_pembelian\": 1,\n                \"maksimal_pembelian\": 20,\n                \"mulai_penggalangan_dana\": null,\n                \"selesai_penggalangan_dana\": null,\n                \"dokumen_prospektus\": null,\n                \"created_at\": \"2023-05-10T13:39:24.000Z\",\n                \"updated_at\": null\n            }\n        },\n        {\n            \"id\": \"b18e9a3e-651d-49f2-81a8-8c371958c3ae\",\n            \"id_projek\": \"5310c3ba-8da7-44f6-9c2d-57363b082aee\",\n            \"id_user\": \"270807c9-b1fc-48ad-8bca-ccbdc282fe81\",\n            \"nilai\": 1000000,\n            \"created_at\": \"2024-09-23T04:20:35.707Z\",\n            \"updated_at\": null,\n            \"user\": {\n                \"id\": \"270807c9-b1fc-48ad-8bca-ccbdc282fe81\",\n                \"nama\": \"budiono siregar\",\n                \"no_hp\": \"6281234567891\",\n                \"role\": \"BASIC\",\n                \"status\": \"TIDAK AKTIF\",\n                \"password\": \"$2a$10$GlGvM07hscOvoqeQFj.SPOvEYoMCG8m49hiy32pk9h/dN/4KYMaUq\",\n                \"tempat_lahir\": \"Surabaya\",\n                \"tanggal_lahir\": \"2024-09-23T04:20:34.651Z\",\n                \"provinsi\": \"Jawa Timur\",\n                \"kota\": \"Surabaya\",\n                \"kecamatan\": \"Wonokromo\",\n                \"alamat\": \"Jl. Darmo No. 10\",\n                \"nik\": \"3501234567890124\",\n                \"foto_profile\": null,\n                \"foto_diri\": \"https://coursius.com/storage/images/thumb/2021_04_08_12_24_32_b46a6b4bb45b6863c78df7e2524b48ae_900x450_thumb.jpg\",\n                \"foto_ktp\": \"https://image.jpnn.com/resize/1200x800-80/arsip/normal/2021/09/01/tangkapan-layar-contoh-e-ktp-yang-sudah-diberi-watermark-fot-hxj6.jpg\",\n                \"created_at\": \"2024-09-23T04:20:34.651Z\",\n                \"updated_at\": null,\n                \"otp\": null\n            },\n            \"project\": {\n                \"id\": \"5310c3ba-8da7-44f6-9c2d-57363b082aee\",\n                \"id_user\": \"0937d7fc-8aa2-4ce5-b437-64b755ce5ff6\",\n                \"id_kategori\": \"2291fc02-0f36-4053-8ca3-1de800e9b56c\",\n                \"judul\": \"Proyek Peternakan\",\n                \"deskripsi\": \"Proyek peternakan naga\",\n                \"nominal\": 10000000,\n                \"asset_jaminan\": \"Tanah\",\n                \"nilai_jaminan\": 20000000,\n                \"lokasi_usaha\": \"Malang\",\n                \"detail_lokasi\": \"Jl. Raya Tlogomas No. 246\",\n                \"brosur_produk\": \"https://everpro.id/blog/contoh-brosur-minuman/\",\n                \"pendapatan_perbulan\": 2000000,\n                \"pengeluaran_perbulan\": 500000,\n                \"report_progress\": \"3\",\n                \"dokumen_proyeksi\": \"https://encrypted-tbn0.gstatic.com/images?q=tbn:ANd9GcRm7Ed-GxL_MOmlJj7Zo2pzKtOdS9gKBDHxTA&s\",\n                \"status\": \"PENDANAAN DIBUKA\",\n                \"nominal_disetujui\": 10000000,\n                \"harga_per_unit\": 1000000,\n                \"jumlah_koin\": 10,\n                \"minimal_pembelian\": 1,\n                \"maksimal_pembelian\": 10,\n                \"mulai_penggalangan_dana\": \"2024-09-23\",\n                \"selesai_penggalangan_dana\": \"2024-12-01\",\n                \"dokumen_prospektus\": \"uploads/dokumen_prospektus/1727065745760-Permintaan Surat - Wades.xlsx\",\n                \"created_at\": \"2023-05-10T13:39:24.000Z\",\n                \"updated_at\": null\n            }\n        },\n        {\n            \"id\": \"031efbf4-09f9-4962-b81f-267518b7ce2d\",\n            \"id_projek\": \"848fdf64-a0f8-4dc4-8cc3-81678734edca\",\n            \"id_user\": \"270807c9-b1fc-48ad-8bca-ccbdc282fe81\",\n            \"nilai\": 2000000,\n            \"created_at\": \"2024-09-23T04:20:35.707Z\",\n            \"updated_at\": null,\n            \"user\": {\n                \"id\": \"270807c9-b1fc-48ad-8bca-ccbdc282fe81\",\n                \"nama\": \"budiono siregar\",\n                \"no_hp\": \"6281234567891\",\n                \"role\": \"BASIC\",\n                \"status\": \"TIDAK AKTIF\",\n                \"password\": \"$2a$10$GlGvM07hscOvoqeQFj.SPOvEYoMCG8m49hiy32pk9h/dN/4KYMaUq\",\n                \"tempat_lahir\": \"Surabaya\",\n                \"tanggal_lahir\": \"2024-09-23T04:20:34.651Z\",\n                \"provinsi\": \"Jawa Timur\",\n                \"kota\": \"Surabaya\",\n                \"kecamatan\": \"Wonokromo\",\n                \"alamat\": \"Jl. Darmo No. 10\",\n                \"nik\": \"3501234567890124\",\n                \"foto_profile\": null,\n                \"foto_diri\": \"https://coursius.com/storage/images/thumb/2021_04_08_12_24_32_b46a6b4bb45b6863c78df7e2524b48ae_900x450_thumb.jpg\",\n                \"foto_ktp\": \"https://image.jpnn.com/resize/1200x800-80/arsip/normal/2021/09/01/tangkapan-layar-contoh-e-ktp-yang-sudah-diberi-watermark-fot-hxj6.jpg\",\n                \"created_at\": \"2024-09-23T04:20:34.651Z\",\n                \"updated_at\": null,\n                \"otp\": null\n            },\n            \"project\": {\n                \"id\": \"848fdf64-a0f8-4dc4-8cc3-81678734edca\",\n                \"id_user\": \"0937d7fc-8aa2-4ce5-b437-64b755ce5ff6\",\n                \"id_kategori\": \"7d229a5a-f8ad-4f61-a01a-ec2e87ceaa53\",\n                \"judul\": \"Proyek Jual Beli\",\n                \"deskripsi\": \"Proyek Jual Beli T-Rex\",\n                \"nominal\": 20000000,\n                \"asset_jaminan\": \"Tanah\",\n                \"nilai_jaminan\": 40000000,\n                \"lokasi_usaha\": \"Malang\",\n                \"detail_lokasi\": \"Jl. Raya Tlogomas No. 246\",\n                \"brosur_produk\": \"https://everpro.id/blog/contoh-brosur-minuman/\",\n                \"pendapatan_perbulan\": 2000000,\n                \"pengeluaran_perbulan\": 500000,\n                \"report_progress\": \"3\",\n                \"dokumen_proyeksi\": \"https://encrypted-tbn0.gstatic.com/images?q=tbn:ANd9GcRm7Ed-GxL_MOmlJj7Zo2pzKtOdS9gKBDHxTA&s\",\n                \"status\": \"APPROVAL\",\n                \"nominal_disetujui\": 20000000,\n                \"harga_per_unit\": 1000000,\n                \"jumlah_koin\": 20,\n                \"minimal_pembelian\": 1,\n                \"maksimal_pembelian\": 20,\n                \"mulai_penggalangan_dana\": null,\n                \"selesai_penggalangan_dana\": null,\n                \"dokumen_prospektus\": null,\n                \"created_at\": \"2023-05-10T13:39:24.000Z\",\n                \"updated_at\": null\n            }\n        }\n    ]\n}"}]},{"name":"Get Token By Project Id","id":"d7a0982f-0a34-4ac1-b2bb-5fac4e1cf24e","protocolProfileBehavior":{"disableBodyPruning":true},"request":{"auth":{"type":"bearer","bearer":[{"key":"token","value":"{{jwtToken}}","type":"string"}]},"method":"GET","header":[],"url":{"raw":"{{baseUrl}}/token/project/6d58cd90-f98d-44f0-93fb-c37a41a97bd6","host":["{{baseUrl}}"],"path":["token","project","6d58cd90-f98d-44f0-93fb-c37a41a97bd6"]}},"response":[{"id":"4a16020e-4dd6-41d1-81c0-dac8b858fabc","name":"Get Token By Project Id","originalRequest":{"method":"GET","header":[],"url":{"raw":"{{baseUrl}}/token/project/60a126c3-b7e2-44fc-b5af-7638871a7d5f","host":["{{baseUrl}}"],"path":["token","project","60a126c3-b7e2-44fc-b5af-7638871a7d5f"]}},"status":"OK","code":200,"_postman_previewlanguage":"json","header":[{"key":"X-Powered-By","value":"Express"},{"key":"Access-Control-Allow-Origin","value":"*"},{"key":"Content-Type","value":"application/json; charset=utf-8"},{"key":"Content-Length","value":"1962"},{"key":"ETag","value":"W/\"7aa-kgDo1xg0yKnLqwYIG76qdYRFjPM\""},{"key":"Date","value":"Wed, 11 Sep 2024 04:00:44 GMT"},{"key":"Connection","value":"keep-alive"},{"key":"Keep-Alive","value":"timeout=5"}],"cookie":[],"responseTime":null,"body":"{\n    \"data\": [\n        {\n            \"id\": \"4f0e56af-04ea-4adb-bfe6-e69d97bbe37c\",\n            \"id_projek\": \"60a126c3-b7e2-44fc-b5af-7638871a7d5f\",\n            \"id_user\": null,\n            \"nilai\": 1000000,\n            \"created_at\": \"2024-09-11T10:43:55.143Z\",\n            \"update_at\": null\n        },\n        {\n            \"id\": \"0789b109-8260-40c4-8cd8-441e59112341\",\n            \"id_projek\": \"60a126c3-b7e2-44fc-b5af-7638871a7d5f\",\n            \"id_user\": null,\n            \"nilai\": 1000000,\n            \"created_at\": \"2024-09-11T10:43:55.145Z\",\n            \"update_at\": null\n        },\n        {\n            \"id\": \"0d668068-089d-4eb6-a290-c84e7e9349a0\",\n            \"id_projek\": \"60a126c3-b7e2-44fc-b5af-7638871a7d5f\",\n            \"id_user\": null,\n            \"nilai\": 1000000,\n            \"created_at\": \"2024-09-11T10:43:55.147Z\",\n            \"update_at\": null\n        },\n        {\n            \"id\": \"027adf8c-386d-4d1b-8f7c-32e1bb28cf62\",\n            \"id_projek\": \"60a126c3-b7e2-44fc-b5af-7638871a7d5f\",\n            \"id_user\": null,\n            \"nilai\": 1000000,\n            \"created_at\": \"2024-09-11T10:43:55.149Z\",\n            \"update_at\": null\n        },\n        {\n            \"id\": \"9e90e834-56b9-4656-93ae-06da35035817\",\n            \"id_projek\": \"60a126c3-b7e2-44fc-b5af-7638871a7d5f\",\n            \"id_user\": null,\n            \"nilai\": 1000000,\n            \"created_at\": \"2024-09-11T10:43:55.153Z\",\n            \"update_at\": null\n        },\n        {\n            \"id\": \"e8fedf44-4c5a-4c1f-ae2d-c474dfbe9957\",\n            \"id_projek\": \"60a126c3-b7e2-44fc-b5af-7638871a7d5f\",\n            \"id_user\": null,\n            \"nilai\": 1000000,\n            \"created_at\": \"2024-09-11T10:43:55.155Z\",\n            \"update_at\": null\n        },\n        {\n            \"id\": \"e48e2a29-c95c-401e-a92d-13c4da088292\",\n            \"id_projek\": \"60a126c3-b7e2-44fc-b5af-7638871a7d5f\",\n            \"id_user\": null,\n            \"nilai\": 1000000,\n            \"created_at\": \"2024-09-11T10:43:55.157Z\",\n            \"update_at\": null\n        },\n        {\n            \"id\": \"a5ec9f40-412e-4352-b677-e7b36eb13993\",\n            \"id_projek\": \"60a126c3-b7e2-44fc-b5af-7638871a7d5f\",\n            \"id_user\": \"0937d7fc-8aa2-4ce5-b437-64b755ce5ff6\",\n            \"nilai\": 1000000,\n            \"created_at\": \"2024-09-11T10:43:55.135Z\",\n            \"update_at\": null\n        },\n        {\n            \"id\": \"160bd1b0-0570-443e-8184-cfb7c5965e42\",\n            \"id_projek\": \"60a126c3-b7e2-44fc-b5af-7638871a7d5f\",\n            \"id_user\": \"93572b55-1b18-4da6-909a-1c51c315b2f5\",\n            \"nilai\": 1000000,\n            \"created_at\": \"2024-09-11T10:43:55.139Z\",\n            \"update_at\": null\n        },\n        {\n            \"id\": \"70458331-9052-4880-a38d-a18f97685732\",\n            \"id_projek\": \"60a126c3-b7e2-44fc-b5af-7638871a7d5f\",\n            \"id_user\": \"93572b55-1b18-4da6-909a-1c51c315b2f5\",\n            \"nilai\": 1000000,\n            \"created_at\": \"2024-09-11T10:43:55.140Z\",\n            \"update_at\": null\n        }\n    ]\n}"}]},{"name":"Get Token By User Id & Project Id","id":"66b3f793-f170-49d3-bc03-4cb00af10ea6","protocolProfileBehavior":{"disableBodyPruning":true},"request":{"auth":{"type":"bearer","bearer":[{"key":"token","value":"{{jwtToken}}","type":"string"}]},"method":"GET","header":[],"url":{"raw":"{{baseUrl}}/token/project/1dfe382e-d4d5-469e-93b9-730b8fde6af7","host":["{{baseUrl}}"],"path":["token","project","1dfe382e-d4d5-469e-93b9-730b8fde6af7"]}},"response":[{"id":"a59a767a-cb9d-4404-83e9-a0f35d482f49","name":"Get Token By User Id & Project Id","originalRequest":{"method":"GET","header":[],"url":{"raw":"{{baseUrl}}/token/project/848fdf64-a0f8-4dc4-8cc3-81678734edca/user","host":["{{baseUrl}}"],"path":["token","project","848fdf64-a0f8-4dc4-8cc3-81678734edca","user"]}},"status":"OK","code":200,"_postman_previewlanguage":"json","header":[{"key":"X-Powered-By","value":"Express"},{"key":"Access-Control-Allow-Origin","value":"*"},{"key":"Content-Type","value":"application/json; charset=utf-8"},{"key":"Content-Length","value":"2210"},{"key":"ETag","value":"W/\"8a2-oXY0a2m/qrLuhDq6KS25wj/4pMY\""},{"key":"Date","value":"Wed, 09 Oct 2024 13:52:59 GMT"},{"key":"Connection","value":"keep-alive"},{"key":"Keep-Alive","value":"timeout=5"}],"cookie":[],"responseTime":null,"body":"{\n    \"data\": [\n        {\n            \"id\": \"ba51492a-81c8-474e-a839-d77a093a8a20\",\n            \"id_projek\": \"848fdf64-a0f8-4dc4-8cc3-81678734edca\",\n            \"id_user\": \"1d798a08-0602-4030-b8df-b808134ec171\",\n            \"nilai\": 2000000,\n            \"created_at\": \"2024-10-09T07:26:04.532Z\",\n            \"updated_at\": null\n        },\n        {\n            \"id\": \"36698d8f-82fe-49dd-ab32-85343c498cd6\",\n            \"id_projek\": \"848fdf64-a0f8-4dc4-8cc3-81678734edca\",\n            \"id_user\": \"1d798a08-0602-4030-b8df-b808134ec171\",\n            \"nilai\": 2000000,\n            \"created_at\": \"2024-10-09T07:26:04.532Z\",\n            \"updated_at\": null\n        },\n        {\n            \"id\": \"ed5b0b9b-a260-4af7-aeef-2c7e321d107e\",\n            \"id_projek\": \"848fdf64-a0f8-4dc4-8cc3-81678734edca\",\n            \"id_user\": \"1d798a08-0602-4030-b8df-b808134ec171\",\n            \"nilai\": 2000000,\n            \"created_at\": \"2024-10-09T07:26:04.532Z\",\n            \"updated_at\": null\n        },\n        {\n            \"id\": \"942878f9-b58c-43c7-b7f8-62d106e47f38\",\n            \"id_projek\": \"848fdf64-a0f8-4dc4-8cc3-81678734edca\",\n            \"id_user\": \"1d798a08-0602-4030-b8df-b808134ec171\",\n            \"nilai\": 2000000,\n            \"created_at\": \"2024-10-09T07:26:04.532Z\",\n            \"updated_at\": null\n        },\n        {\n            \"id\": \"71892475-0822-4db1-b0b0-95744751b158\",\n            \"id_projek\": \"848fdf64-a0f8-4dc4-8cc3-81678734edca\",\n            \"id_user\": \"1d798a08-0602-4030-b8df-b808134ec171\",\n            \"nilai\": 2000000,\n            \"created_at\": \"2024-10-09T07:26:04.532Z\",\n            \"updated_at\": null\n        },\n        {\n            \"id\": \"14f5663f-21b4-4351-b02e-d318a352c02d\",\n            \"id_projek\": \"848fdf64-a0f8-4dc4-8cc3-81678734edca\",\n            \"id_user\": \"1d798a08-0602-4030-b8df-b808134ec171\",\n            \"nilai\": 2000000,\n            \"created_at\": \"2024-10-09T07:26:04.532Z\",\n            \"updated_at\": null\n        },\n        {\n            \"id\": \"eb16b311-b077-4f24-b367-eeb7c23c16df\",\n            \"id_projek\": \"848fdf64-a0f8-4dc4-8cc3-81678734edca\",\n            \"id_user\": \"1d798a08-0602-4030-b8df-b808134ec171\",\n            \"nilai\": 2000000,\n            \"created_at\": \"2024-10-09T07:26:04.532Z\",\n            \"updated_at\": null\n        },\n        {\n            \"id\": \"a23b898f-bfe8-411a-9e96-c7dd469b5dde\",\n            \"id_projek\": \"848fdf64-a0f8-4dc4-8cc3-81678734edca\",\n            \"id_user\": \"1d798a08-0602-4030-b8df-b808134ec171\",\n            \"nilai\": 2000000,\n            \"created_at\": \"2024-10-09T07:26:04.532Z\",\n            \"updated_at\": null\n        },\n        {\n            \"id\": \"b783f870-a4c6-4696-9af3-6da66d1fb97f\",\n            \"id_projek\": \"848fdf64-a0f8-4dc4-8cc3-81678734edca\",\n            \"id_user\": \"1d798a08-0602-4030-b8df-b808134ec171\",\n            \"nilai\": 2000000,\n            \"created_at\": \"2024-10-09T07:26:04.532Z\",\n            \"updated_at\": null\n        },\n        {\n            \"id\": \"06141496-560f-410e-975c-604f5f1d52d1\",\n            \"id_projek\": \"848fdf64-a0f8-4dc4-8cc3-81678734edca\",\n            \"id_user\": \"1d798a08-0602-4030-b8df-b808134ec171\",\n            \"nilai\": 2000000,\n            \"created_at\": \"2024-10-09T07:26:04.532Z\",\n            \"updated_at\": null\n        }\n    ]\n}"}]},{"name":"Token Usage Details","id":"1a55d4fc-5163-4d19-8f1a-d68ebeb486dd","protocolProfileBehavior":{"disableBodyPruning":true},"request":{"auth":{"type":"bearer","bearer":[{"key":"token","value":"{{jwtToken}}","type":"string"}]},"method":"GET","header":[],"url":{"raw":"{{baseUrl}}/token/usage-details","host":["{{baseUrl}}"],"path":["token","usage-details"]}},"response":[{"id":"f00e2ea6-9eab-49d7-948e-3468878e2b21","name":"Token Usage Details","originalRequest":{"method":"GET","header":[],"url":{"raw":"{{baseUrl}}/token/usage-details","host":["{{baseUrl}}"],"path":["token","usage-details"]}},"status":"OK","code":200,"_postman_previewlanguage":"json","header":[{"key":"X-Powered-By","value":"Express"},{"key":"Access-Control-Allow-Origin","value":"*"},{"key":"Content-Type","value":"application/json; charset=utf-8"},{"key":"Content-Length","value":"3235"},{"key":"ETag","value":"W/\"ca3-mGe3//QnZ3teYaPNYSmhy6SOd1k\""},{"key":"Date","value":"Thu, 12 Dec 2024 06:42:02 GMT"},{"key":"Connection","value":"keep-alive"},{"key":"Keep-Alive","value":"timeout=5"}],"cookie":[],"responseTime":null,"body":"{\n    \"data\": [\n        {\n            \"id\": \"def2ada5-0fea-4bff-88aa-dabc64452e58\",\n            \"id_user\": \"1d798a08-0602-4030-b8df-b808134ec171\",\n            \"id_kategori\": \"a2269857-dd6e-43bd-9216-f3f617dde418\",\n            \"judul\": \"Voluptatem ad quaer\",\n            \"deskripsi\": \"Dolores placeat ali\",\n            \"nominal\": 10000000,\n            \"asset_jaminan\": \"Voluptate autem haru\",\n            \"nilai_jaminan\": 13000000,\n            \"lokasi_usaha\": \"Voluptates sed eveni\",\n            \"detail_lokasi\": \"Incididunt veniam a\",\n            \"brosur_produk\": null,\n            \"pendapatan_perbulan\": 6000000,\n            \"pengeluaran_perbulan\": 2000000,\n            \"report_progress\": \"1\",\n            \"dokumen_proyeksi\": \"uploads/dokumen_proyeksi/1733977371378-Dokumen Prospektus.docx\",\n            \"status\": \"PENDANAAN DIBUKA\",\n            \"nominal_disetujui\": 10000000,\n            \"harga_per_unit\": 1000000,\n            \"jumlah_koin\": 10,\n            \"minimal_pembelian\": 1,\n            \"maksimal_pembelian\": 10,\n            \"mulai_penggalangan_dana\": \"2024-12-12\",\n            \"selesai_penggalangan_dana\": \"2024-12-13\",\n            \"dokumen_prospektus\": \"uploads/dokumen_prospektus/1733977852190-berita acara seminar hasil TI.docx\",\n            \"limit_siklus\": 2,\n            \"created_at\": \"2024-12-12T11:22:51.410Z\",\n            \"updated_at\": \"2024-12-12T04:30:52.253Z\",\n            \"user\": {\n                \"id\": \"1d798a08-0602-4030-b8df-b808134ec171\",\n                \"nama\": \"budiono siregar\",\n                \"no_hp\": \"6281234567891\",\n                \"role\": \"BASIC\",\n                \"status\": \"AKTIF\",\n                \"password\": \"$2a$10$s28K63ZCGGa8OHSPJgmOteh8esazOaD5MGXUGawjJ2IK1v3r5ETny\",\n                \"tempat_lahir\": \"Surabaya\",\n                \"tanggal_lahir\": \"2003-03-03\",\n                \"provinsi\": \"35\",\n                \"kota\": \"35.78\",\n                \"kecamatan\": \"35.78.03\",\n                \"alamat\": \"Jl. Darmo No. 10\",\n                \"nik\": \"3501234567890124\",\n                \"foto_profile\": null,\n                \"foto_diri\": \"/uploads/foto_diri/1730168622602-fotodiri.png\",\n                \"foto_ktp\": \"/uploads/foto_ktp/1730168622602-fotoktp.png\",\n                \"created_at\": \"2024-12-10T05:04:02.055Z\",\n                \"updated_at\": null,\n                \"otp\": \"2233\"\n            },\n            \"token_count\": \"2\",\n            \"total_nominal\": \"0\",\n            \"persentase\": \"0.00\"\n        },\n        {\n            \"id\": \"df3c9c03-1817-4f58-8754-cd6da158f602\",\n            \"id_user\": \"1d798a08-0602-4030-b8df-b808134ec171\",\n            \"id_kategori\": \"c6480dac-f999-40a0-a468-67974794be17\",\n            \"judul\": \"Qui in quia doloremq\",\n            \"deskripsi\": \"Distinctio Aperiam \",\n            \"nominal\": 3000000,\n            \"asset_jaminan\": \"Iure molestiae ipsa\",\n            \"nilai_jaminan\": 4000000,\n            \"lokasi_usaha\": \"Commodo exercitation\",\n            \"detail_lokasi\": \"Tempor ad cupidatat \",\n            \"brosur_produk\": null,\n            \"pendapatan_perbulan\": 1000000,\n            \"pengeluaran_perbulan\": 300000,\n            \"report_progress\": \"1\",\n            \"dokumen_proyeksi\": \"uploads/dokumen_proyeksi/1733983117551-Dokumen proyeksi.docx\",\n            \"status\": \"BERJALAN\",\n            \"nominal_disetujui\": 3000000,\n            \"harga_per_unit\": 1000000,\n            \"jumlah_koin\": 3,\n            \"minimal_pembelian\": 1,\n            \"maksimal_pembelian\": 10,\n            \"mulai_penggalangan_dana\": \"2024-12-13\",\n            \"selesai_penggalangan_dana\": \"2024-12-18\",\n            \"dokumen_prospektus\": \"uploads/dokumen_prospektus/1733983195441-berita acara seminar hasil TI.docx\",\n            \"limit_siklus\": 3,\n            \"created_at\": \"2024-12-12T12:58:37.620Z\",\n            \"updated_at\": \"2024-12-12T05:59:55.539Z\",\n            \"user\": {\n                \"id\": \"1d798a08-0602-4030-b8df-b808134ec171\",\n                \"nama\": \"budiono siregar\",\n                \"no_hp\": \"6281234567891\",\n                \"role\": \"BASIC\",\n                \"status\": \"AKTIF\",\n                \"password\": \"$2a$10$s28K63ZCGGa8OHSPJgmOteh8esazOaD5MGXUGawjJ2IK1v3r5ETny\",\n                \"tempat_lahir\": \"Surabaya\",\n                \"tanggal_lahir\": \"2003-03-03\",\n                \"provinsi\": \"35\",\n                \"kota\": \"35.78\",\n                \"kecamatan\": \"35.78.03\",\n                \"alamat\": \"Jl. Darmo No. 10\",\n                \"nik\": \"3501234567890124\",\n                \"foto_profile\": null,\n                \"foto_diri\": \"/uploads/foto_diri/1730168622602-fotodiri.png\",\n                \"foto_ktp\": \"/uploads/foto_ktp/1730168622602-fotoktp.png\",\n                \"created_at\": \"2024-12-10T05:04:02.055Z\",\n                \"updated_at\": null,\n                \"otp\": \"2233\"\n            },\n            \"token_count\": \"3\",\n            \"total_nominal\": \"1200000\",\n            \"persentase\": \"40.00\"\n        }\n    ]\n}"}]},{"name":"Get Total Token","id":"0ce50f41-270b-4c71-a9cb-bc7431752045","protocolProfileBehavior":{"disableBodyPruning":true},"request":{"auth":{"type":"bearer","bearer":[{"key":"token","value":"{{jwtToken}}","type":"string"}]},"method":"GET","header":[],"url":{"raw":"{{baseUrl}}/token/total-token","host":["{{baseUrl}}"],"path":["token","total-token"]}},"response":[{"id":"6977d79d-4c53-4705-9053-9af324c26565","name":"Get Total Token","originalRequest":{"method":"GET","header":[],"url":{"raw":"{{baseUrl}}/token/total-token","host":["{{baseUrl}}"],"path":["token","total-token"]}},"status":"OK","code":200,"_postman_previewlanguage":"json","header":[{"key":"X-Powered-By","value":"Express"},{"key":"Access-Control-Allow-Origin","value":"*"},{"key":"Content-Type","value":"application/json; charset=utf-8"},{"key":"Content-Length","value":"13"},{"key":"ETag","value":"W/\"d-DDys2w6SiS16VwxIeNIKKx8BISQ\""},{"key":"Date","value":"Mon, 14 Oct 2024 03:07:07 GMT"},{"key":"Connection","value":"keep-alive"},{"key":"Keep-Alive","value":"timeout=5"}],"cookie":[],"responseTime":null,"body":"{\n    \"data\": \"12\"\n}"}]},{"name":"Get Total Token Rupiah By User Id","id":"7197e85f-4c23-46d9-a1d8-9a6808b6ae06","protocolProfileBehavior":{"disableBodyPruning":true},"request":{"auth":{"type":"bearer","bearer":[{"key":"token","value":"{{jwtToken}} ","type":"string"}]},"method":"GET","header":[],"url":{"raw":"{{baseUrl}}/token/total-token-rupiah","host":["{{baseUrl}}"],"path":["token","total-token-rupiah"]}},"response":[{"id":"cbcf70ee-9e28-4000-9df4-53427a448378","name":"Get Total Token Rupiah By User Id","originalRequest":{"method":"GET","header":[],"url":{"raw":"{{baseUrl}}/token/total-token-rupiah","host":["{{baseUrl}}"],"path":["token","total-token-rupiah"]}},"status":"OK","code":200,"_postman_previewlanguage":"json","header":[{"key":"X-Powered-By","value":"Express"},{"key":"Access-Control-Allow-Origin","value":"*"},{"key":"Content-Type","value":"application/json; charset=utf-8"},{"key":"Content-Length","value":"17"},{"key":"ETag","value":"W/\"11-2RcH/vywf5ak88HqBNx6Ryy0W5E\""},{"key":"Date","value":"Tue, 19 Nov 2024 03:46:21 GMT"},{"key":"Connection","value":"keep-alive"},{"key":"Keep-Alive","value":"timeout=5"}],"cookie":[],"responseTime":null,"body":"{\n    \"data\": 20000000\n}"}]},{"name":"Get Total Usage Token By Project Id","id":"67461338-5641-43f3-b743-ab5b5b61de04","protocolProfileBehavior":{"disableBodyPruning":true},"request":{"auth":{"type":"bearer","bearer":[{"key":"token","value":"{{jwtToken}} ","type":"string"}]},"method":"GET","header":[],"url":{"raw":"{{baseUrl}}/token/total-usage/f30531ad-6965-475c-a0cb-63f98599965b","host":["{{baseUrl}}"],"path":["token","total-usage","f30531ad-6965-475c-a0cb-63f98599965b"]}},"response":[{"id":"f6eb5893-45d7-48e3-8f61-59c91a76855b","name":"Get Total Usage Token By Project Id","originalRequest":{"method":"GET","header":[],"url":{"raw":"{{baseUrl}}/token/total-usage/f30531ad-6965-475c-a0cb-63f98599965b","host":["{{baseUrl}}"],"path":["token","total-usage","f30531ad-6965-475c-a0cb-63f98599965b"]}},"status":"OK","code":200,"_postman_previewlanguage":"json","header":[{"key":"X-Powered-By","value":"Express"},{"key":"Access-Control-Allow-Origin","value":"*"},{"key":"Content-Type","value":"application/json; charset=utf-8"},{"key":"Content-Length","value":"10"},{"key":"ETag","value":"W/\"a-o4943FUpesd/wToezKOcBJaLWbI\""},{"key":"Date","value":"Tue, 19 Nov 2024 07:47:01 GMT"},{"key":"Connection","value":"keep-alive"},{"key":"Keep-Alive","value":"timeout=5"}],"cookie":[],"responseTime":null,"body":"{\n    \"data\": 7\n}"}]}]}