{"info":{"_postman_id":"c165676d-c67e-40fe-a4a7-4be2dda7edfc","name":"Transaction","schema":"https://schema.getpostman.com/json/collection/v2.1.0/collection.json"},"item":[{"name":"Get All Transaction","id":"eaa177a3-a5c2-4e10-b849-2800c2bc30a0","protocolProfileBehavior":{"disableBodyPruning":true},"request":{"auth":{"type":"bearer","bearer":[{"key":"token","value":"{{jwtToken}}","type":"string"}]},"method":"GET","header":[],"url":{"raw":"{{baseUrl}}/transaction","host":["{{baseUrl}}"],"path":["transaction"]}},"response":[{"id":"ec23f373-180d-4575-a603-8221f1f44274","name":"Get All Transaction","originalRequest":{"method":"GET","header":[],"url":{"raw":"{{baseUrl}}/transaction","host":["{{baseUrl}}"],"path":["transaction"]}},"status":"OK","code":200,"_postman_previewlanguage":"json","header":[{"key":"X-Powered-By","value":"Express"},{"key":"Access-Control-Allow-Origin","value":"*"},{"key":"Content-Type","value":"application/json; charset=utf-8"},{"key":"Content-Length","value":"5807"},{"key":"ETag","value":"W/\"16af-8koWve+PsdQ37QjzygwOvPtnAcY\""},{"key":"Date","value":"Tue, 08 Oct 2024 02:43:17 GMT"},{"key":"Connection","value":"keep-alive"},{"key":"Keep-Alive","value":"timeout=5"}],"cookie":[],"responseTime":null,"body":"{\n    \"data\": [\n        {\n            \"transaction\": {\n                \"id\": \"4ff1460c-a30a-4e3f-b0b5-c6382faeb78a\",\n                \"id_user\": \"e792e07a-8b48-40a4-820b-501735388d15\",\n                \"nama_user\": \"John Doe\",\n                \"id_projek\": \"3baed98e-9ad8-4868-a94d-a457f04efd88\",\n                \"judul_projek\": \"Projek Naga\",\n                \"owner_projek\": \"Budiono Siregar\",\n                \"jumlah_token\": 10,\n                \"total_nominal\": 1000000,\n                \"created_at\": \"2024-10-08T02:43:03.173Z\"\n            },\n            \"user\": {\n                \"id\": \"e792e07a-8b48-40a4-820b-501735388d15\",\n                \"nama\": \"budiono siregar\",\n                \"no_hp\": \"6281234567891\",\n                \"role\": \"BASIC\",\n                \"status\": \"TIDAK AKTIF\",\n                \"password\": \"$2a$10$6DPOsw0SbNgyOOmwBwMjG.I1VH3lvhG0F3P9.V1ZzoWZWoTJgSzwa\",\n                \"tempat_lahir\": \"Surabaya\",\n                \"tanggal_lahir\": \"2003-03-03\",\n                \"provinsi\": \"35\",\n                \"kota\": \"35.78\",\n                \"kecamatan\": \"35.78.03\",\n                \"alamat\": \"Jl. Darmo No. 10\",\n                \"nik\": \"3501234567890124\",\n                \"foto_profile\": null,\n                \"foto_diri\": \"https://coursius.com/storage/images/thumb/2021_04_08_12_24_32_b46a6b4bb45b6863c78df7e2524b48ae_900x450_thumb.jpg\",\n                \"foto_ktp\": \"https://image.jpnn.com/resize/1200x800-80/arsip/normal/2021/09/01/tangkapan-layar-contoh-e-ktp-yang-sudah-diberi-watermark-fot-hxj6.jpg\",\n                \"created_at\": \"2024-10-08T02:43:02.201Z\",\n                \"updated_at\": null,\n                \"otp\": null\n            },\n            \"project\": {\n                \"id\": \"3baed98e-9ad8-4868-a94d-a457f04efd88\",\n                \"id_user\": \"3795f592-b110-48f4-ae23-7123e44d68ed\",\n                \"id_kategori\": \"3ee6ad9f-50c7-423f-8d2d-e691bf6d0b16\",\n                \"judul\": \"compono curatio curatio\",\n                \"deskripsi\": \"Somniculosus incidunt consequatur.\",\n                \"nominal\": 26319716,\n                \"asset_jaminan\": \"succedo\",\n                \"nilai_jaminan\": 32182506,\n                \"lokasi_usaha\": \"Kediri\",\n                \"detail_lokasi\": \"Psr. Kambali no 2\",\n                \"brosur_produk\": \"https://picsum.photos/seed/qMkjOVlJkb/640/480\",\n                \"pendapatan_perbulan\": 6391220,\n                \"pengeluaran_perbulan\": 393063,\n                \"report_progress\": \"1\",\n                \"dokumen_proyeksi\": \"https://picsum.photos/seed/DGq9nQh/640/480\",\n                \"status\": \"DRAFT\",\n                \"nominal_disetujui\": null,\n                \"harga_per_unit\": null,\n                \"jumlah_koin\": null,\n                \"minimal_pembelian\": null,\n                \"maksimal_pembelian\": null,\n                \"mulai_penggalangan_dana\": null,\n                \"selesai_penggalangan_dana\": null,\n                \"dokumen_prospektus\": null,\n                \"created_at\": \"2024-10-08T09:43:03.069Z\",\n                \"updated_at\": null\n            }\n        },\n        {\n            \"transaction\": {\n                \"id\": \"ae2a3717-c737-4ffb-a523-5fc3c807d880\",\n                \"id_user\": \"e792e07a-8b48-40a4-820b-501735388d15\",\n                \"nama_user\": \"Rudi Doe\",\n                \"id_projek\": \"3baed98e-9ad8-4868-a94d-a457f04efd88\",\n                \"judul_projek\": \"Projek T-Rex\",\n                \"owner_projek\": \"Budi Siregar\",\n                \"jumlah_token\": 20,\n                \"total_nominal\": 2000000,\n                \"created_at\": \"2024-10-08T02:43:03.173Z\"\n            },\n            \"user\": {\n                \"id\": \"e792e07a-8b48-40a4-820b-501735388d15\",\n                \"nama\": \"budiono siregar\",\n                \"no_hp\": \"6281234567891\",\n                \"role\": \"BASIC\",\n                \"status\": \"TIDAK AKTIF\",\n                \"password\": \"$2a$10$6DPOsw0SbNgyOOmwBwMjG.I1VH3lvhG0F3P9.V1ZzoWZWoTJgSzwa\",\n                \"tempat_lahir\": \"Surabaya\",\n                \"tanggal_lahir\": \"2003-03-03\",\n                \"provinsi\": \"35\",\n                \"kota\": \"35.78\",\n                \"kecamatan\": \"35.78.03\",\n                \"alamat\": \"Jl. Darmo No. 10\",\n                \"nik\": \"3501234567890124\",\n                \"foto_profile\": null,\n                \"foto_diri\": \"https://coursius.com/storage/images/thumb/2021_04_08_12_24_32_b46a6b4bb45b6863c78df7e2524b48ae_900x450_thumb.jpg\",\n                \"foto_ktp\": \"https://image.jpnn.com/resize/1200x800-80/arsip/normal/2021/09/01/tangkapan-layar-contoh-e-ktp-yang-sudah-diberi-watermark-fot-hxj6.jpg\",\n                \"created_at\": \"2024-10-08T02:43:02.201Z\",\n                \"updated_at\": null,\n                \"otp\": null\n            },\n            \"project\": {\n                \"id\": \"3baed98e-9ad8-4868-a94d-a457f04efd88\",\n                \"id_user\": \"3795f592-b110-48f4-ae23-7123e44d68ed\",\n                \"id_kategori\": \"3ee6ad9f-50c7-423f-8d2d-e691bf6d0b16\",\n                \"judul\": \"compono curatio curatio\",\n                \"deskripsi\": \"Somniculosus incidunt consequatur.\",\n                \"nominal\": 26319716,\n                \"asset_jaminan\": \"succedo\",\n                \"nilai_jaminan\": 32182506,\n                \"lokasi_usaha\": \"Kediri\",\n                \"detail_lokasi\": \"Psr. Kambali no 2\",\n                \"brosur_produk\": \"https://picsum.photos/seed/qMkjOVlJkb/640/480\",\n                \"pendapatan_perbulan\": 6391220,\n                \"pengeluaran_perbulan\": 393063,\n                \"report_progress\": \"1\",\n                \"dokumen_proyeksi\": \"https://picsum.photos/seed/DGq9nQh/640/480\",\n                \"status\": \"DRAFT\",\n                \"nominal_disetujui\": null,\n                \"harga_per_unit\": null,\n                \"jumlah_koin\": null,\n                \"minimal_pembelian\": null,\n                \"maksimal_pembelian\": null,\n                \"mulai_penggalangan_dana\": null,\n                \"selesai_penggalangan_dana\": null,\n                \"dokumen_prospektus\": null,\n                \"created_at\": \"2024-10-08T09:43:03.069Z\",\n                \"updated_at\": null\n            }\n        },\n        {\n            \"transaction\": {\n                \"id\": \"402598c4-f370-4fcc-bc8e-0670ccaa11f1\",\n                \"id_user\": \"e792e07a-8b48-40a4-820b-501735388d15\",\n                \"nama_user\": \"John Doe\",\n                \"id_projek\": \"3baed98e-9ad8-4868-a94d-a457f04efd88\",\n                \"judul_projek\": \"Projek Naga\",\n                \"owner_projek\": \"Budiono Siregar\",\n                \"jumlah_token\": 30,\n                \"total_nominal\": 3000000,\n                \"created_at\": \"2024-10-08T02:43:03.173Z\"\n            },\n            \"user\": {\n                \"id\": \"e792e07a-8b48-40a4-820b-501735388d15\",\n                \"nama\": \"budiono siregar\",\n                \"no_hp\": \"6281234567891\",\n                \"role\": \"BASIC\",\n                \"status\": \"TIDAK AKTIF\",\n                \"password\": \"$2a$10$6DPOsw0SbNgyOOmwBwMjG.I1VH3lvhG0F3P9.V1ZzoWZWoTJgSzwa\",\n                \"tempat_lahir\": \"Surabaya\",\n                \"tanggal_lahir\": \"2003-03-03\",\n                \"provinsi\": \"35\",\n                \"kota\": \"35.78\",\n                \"kecamatan\": \"35.78.03\",\n                \"alamat\": \"Jl. Darmo No. 10\",\n                \"nik\": \"3501234567890124\",\n                \"foto_profile\": null,\n                \"foto_diri\": \"https://coursius.com/storage/images/thumb/2021_04_08_12_24_32_b46a6b4bb45b6863c78df7e2524b48ae_900x450_thumb.jpg\",\n                \"foto_ktp\": \"https://image.jpnn.com/resize/1200x800-80/arsip/normal/2021/09/01/tangkapan-layar-contoh-e-ktp-yang-sudah-diberi-watermark-fot-hxj6.jpg\",\n                \"created_at\": \"2024-10-08T02:43:02.201Z\",\n                \"updated_at\": null,\n                \"otp\": null\n            },\n            \"project\": {\n                \"id\": \"3baed98e-9ad8-4868-a94d-a457f04efd88\",\n                \"id_user\": \"3795f592-b110-48f4-ae23-7123e44d68ed\",\n                \"id_kategori\": \"3ee6ad9f-50c7-423f-8d2d-e691bf6d0b16\",\n                \"judul\": \"compono curatio curatio\",\n                \"deskripsi\": \"Somniculosus incidunt consequatur.\",\n                \"nominal\": 26319716,\n                \"asset_jaminan\": \"succedo\",\n                \"nilai_jaminan\": 32182506,\n                \"lokasi_usaha\": \"Kediri\",\n                \"detail_lokasi\": \"Psr. Kambali no 2\",\n                \"brosur_produk\": \"https://picsum.photos/seed/qMkjOVlJkb/640/480\",\n                \"pendapatan_perbulan\": 6391220,\n                \"pengeluaran_perbulan\": 393063,\n                \"report_progress\": \"1\",\n                \"dokumen_proyeksi\": \"https://picsum.photos/seed/DGq9nQh/640/480\",\n                \"status\": \"DRAFT\",\n                \"nominal_disetujui\": null,\n                \"harga_per_unit\": null,\n                \"jumlah_koin\": null,\n                \"minimal_pembelian\": null,\n                \"maksimal_pembelian\": null,\n                \"mulai_penggalangan_dana\": null,\n                \"selesai_penggalangan_dana\": null,\n                \"dokumen_prospektus\": null,\n                \"created_at\": \"2024-10-08T09:43:03.069Z\",\n                \"updated_at\": null\n            }\n        }\n    ]\n}"}]},{"name":"Get Transaction By User Id","id":"ebfd8c1b-01c2-4353-bb8e-d159b73250f2","protocolProfileBehavior":{"disableBodyPruning":true},"request":{"auth":{"type":"bearer","bearer":[{"key":"token","value":"{{jwtToken}}","type":"string"}]},"method":"GET","header":[],"url":{"raw":"{{baseUrl}}/transaction/user","host":["{{baseUrl}}"],"path":["transaction","user"]}},"response":[{"id":"73bb90ff-c8d4-4ed8-a026-3aa95419bbe8","name":"Get Transaction By User Id","originalRequest":{"method":"GET","header":[],"url":{"raw":"{{baseUrl}}/transaction/user","host":["{{baseUrl}}"],"path":["transaction","user"]}},"status":"OK","code":200,"_postman_previewlanguage":"json","header":[{"key":"X-Powered-By","value":"Express"},{"key":"Access-Control-Allow-Origin","value":"*"},{"key":"Content-Type","value":"application/json; charset=utf-8"},{"key":"Content-Length","value":"979"},{"key":"ETag","value":"W/\"3d3-MOus+P2vex520rNpOnoDXGOdSMI\""},{"key":"Date","value":"Thu, 28 Nov 2024 12:02:19 GMT"},{"key":"Connection","value":"keep-alive"},{"key":"Keep-Alive","value":"timeout=5"}],"cookie":[],"responseTime":null,"body":"{\n    \"data\": [\n        {\n            \"idUser\": \"509ef946-41dd-42a4-be04-b5ee06ede93a\",\n            \"namaUser\": \"Siti Nurhaliza\",\n            \"idProjek\": \"97fb092c-d18b-4335-a0c8-fb4651eddf94\",\n            \"judulProjek\": \"Tanam Jagung Pak Budi\",\n            \"ownerProjek\": \"Budiono Siregar\",\n            \"jumlahToken\": \"10\",\n            \"totalNominal\": \"9703400\"\n        },\n        {\n            \"idUser\": \"509ef946-41dd-42a4-be04-b5ee06ede93a\",\n            \"namaUser\": \"Siti Nurhaliza\",\n            \"idProjek\": \"3210d6bb-98d1-4908-b6b4-6eb26a468a51\",\n            \"judulProjek\": \"Tenak Trex Repisi\",\n            \"ownerProjek\": \"Budiono Siregar\",\n            \"jumlahToken\": \"10\",\n            \"totalNominal\": \"12000000\"\n        },\n        {\n            \"idUser\": \"509ef946-41dd-42a4-be04-b5ee06ede93a\",\n            \"namaUser\": \"Siti Nurhaliza\",\n            \"idProjek\": \"059ca374-1a94-4146-ab8c-17ba553e6228\",\n            \"judulProjek\": \"Tanam Padi Pak Budi\",\n            \"ownerProjek\": \"Budiono Siregar\",\n            \"jumlahToken\": \"5\",\n            \"totalNominal\": \"4851700\"\n        },\n        {\n            \"idUser\": \"509ef946-41dd-42a4-be04-b5ee06ede93a\",\n            \"namaUser\": \"Siti Nurhaliza\",\n            \"idProjek\": \"92c9f34c-f907-4602-87fb-3de16f3013ca\",\n            \"judulProjek\": \"Tanam Padi Pratiwi Pak Budi\",\n            \"ownerProjek\": \"Budiono Siregar\",\n            \"jumlahToken\": \"10\",\n            \"totalNominal\": \"10000000\"\n        }\n    ]\n}"}]},{"name":"Get Transaction By Project Id","id":"00fd8139-2e79-4f49-abab-512ca5282b0a","protocolProfileBehavior":{"disableBodyPruning":true},"request":{"auth":{"type":"bearer","bearer":[{"key":"token","value":"{{jwtToken}}","type":"string"}]},"method":"GET","header":[],"url":{"raw":"{{baseUrl}}/transaction/project/5310c3ba-8da7-44f6-9c2d-57363b082aee","host":["{{baseUrl}}"],"path":["transaction","project","5310c3ba-8da7-44f6-9c2d-57363b082aee"]}},"response":[{"id":"26c01e67-ec88-4320-944c-908563297bb1","name":"Get Transaction By Project Id","originalRequest":{"method":"GET","header":[],"url":{"raw":"{{baseUrl}}/transaction/project/848fdf64-a0f8-4dc4-8cc3-81678734edca","host":["{{baseUrl}}"],"path":["transaction","project","848fdf64-a0f8-4dc4-8cc3-81678734edca"]}},"status":"OK","code":200,"_postman_previewlanguage":"json","header":[{"key":"X-Powered-By","value":"Express"},{"key":"Access-Control-Allow-Origin","value":"*"},{"key":"Content-Type","value":"application/json; charset=utf-8"},{"key":"Content-Length","value":"3707"},{"key":"ETag","value":"W/\"e7b-nHNu4cTnIpCIMGY8VOPQ0IztAV8\""},{"key":"Date","value":"Wed, 09 Oct 2024 14:36:13 GMT"},{"key":"Connection","value":"keep-alive"},{"key":"Keep-Alive","value":"timeout=5"}],"cookie":[],"responseTime":null,"body":"{\n    \"data\": [\n        {\n            \"transaction\": {\n                \"id\": \"cb0005e5-0ae4-4691-b019-e88b7241b34b\",\n                \"id_user\": \"1d798a08-0602-4030-b8df-b808134ec171\",\n                \"nama_user\": \"John Doe\",\n                \"id_projek\": \"848fdf64-a0f8-4dc4-8cc3-81678734edca\",\n                \"judul_projek\": \"Projek Naga\",\n                \"owner_projek\": \"Budiono Siregar\",\n                \"jumlah_token\": 10,\n                \"total_nominal\": 1000000,\n                \"created_at\": \"2024-10-09T07:26:04.557Z\"\n            },\n            \"project\": {\n                \"id\": \"848fdf64-a0f8-4dc4-8cc3-81678734edca\",\n                \"id_user\": \"0937d7fc-8aa2-4ce5-b437-64b755ce5ff6\",\n                \"id_kategori\": \"c6480dac-f999-40a0-a468-67974794be17\",\n                \"judul\": \"Proyek Jual Beli\",\n                \"deskripsi\": \"Proyek Jual Beli T-Rex\",\n                \"nominal\": 20000000,\n                \"asset_jaminan\": \"Tanah\",\n                \"nilai_jaminan\": 40000000,\n                \"lokasi_usaha\": \"Malang\",\n                \"detail_lokasi\": \"Jl. Raya Tlogomas No. 246\",\n                \"brosur_produk\": \"https://everpro.id/blog/contoh-brosur-minuman/\",\n                \"pendapatan_perbulan\": 2000000,\n                \"pengeluaran_perbulan\": 500000,\n                \"report_progress\": \"3\",\n                \"dokumen_proyeksi\": \"https://encrypted-tbn0.gstatic.com/images?q=tbn:ANd9GcRm7Ed-GxL_MOmlJj7Zo2pzKtOdS9gKBDHxTA&s\",\n                \"status\": \"APPROVAL\",\n                \"nominal_disetujui\": 20000000,\n                \"harga_per_unit\": 1000000,\n                \"jumlah_koin\": 20,\n                \"minimal_pembelian\": 1,\n                \"maksimal_pembelian\": 20,\n                \"mulai_penggalangan_dana\": null,\n                \"selesai_penggalangan_dana\": null,\n                \"dokumen_prospektus\": null,\n                \"created_at\": \"2023-05-10T13:39:24.000Z\",\n                \"updated_at\": null\n            }\n        },\n        {\n            \"transaction\": {\n                \"id\": \"77b41ce9-fb75-4e05-9276-e97e0ebee6d1\",\n                \"id_user\": \"1d798a08-0602-4030-b8df-b808134ec171\",\n                \"nama_user\": \"Rudi Doe\",\n                \"id_projek\": \"848fdf64-a0f8-4dc4-8cc3-81678734edca\",\n                \"judul_projek\": \"Projek T-Rex\",\n                \"owner_projek\": \"Budi Siregar\",\n                \"jumlah_token\": 20,\n                \"total_nominal\": 2000000,\n                \"created_at\": \"2024-10-09T07:26:04.557Z\"\n            },\n            \"project\": {\n                \"id\": \"848fdf64-a0f8-4dc4-8cc3-81678734edca\",\n                \"id_user\": \"0937d7fc-8aa2-4ce5-b437-64b755ce5ff6\",\n                \"id_kategori\": \"c6480dac-f999-40a0-a468-67974794be17\",\n                \"judul\": \"Proyek Jual Beli\",\n                \"deskripsi\": \"Proyek Jual Beli T-Rex\",\n                \"nominal\": 20000000,\n                \"asset_jaminan\": \"Tanah\",\n                \"nilai_jaminan\": 40000000,\n                \"lokasi_usaha\": \"Malang\",\n                \"detail_lokasi\": \"Jl. Raya Tlogomas No. 246\",\n                \"brosur_produk\": \"https://everpro.id/blog/contoh-brosur-minuman/\",\n                \"pendapatan_perbulan\": 2000000,\n                \"pengeluaran_perbulan\": 500000,\n                \"report_progress\": \"3\",\n                \"dokumen_proyeksi\": \"https://encrypted-tbn0.gstatic.com/images?q=tbn:ANd9GcRm7Ed-GxL_MOmlJj7Zo2pzKtOdS9gKBDHxTA&s\",\n                \"status\": \"APPROVAL\",\n                \"nominal_disetujui\": 20000000,\n                \"harga_per_unit\": 1000000,\n                \"jumlah_koin\": 20,\n                \"minimal_pembelian\": 1,\n                \"maksimal_pembelian\": 20,\n                \"mulai_penggalangan_dana\": null,\n                \"selesai_penggalangan_dana\": null,\n                \"dokumen_prospektus\": null,\n                \"created_at\": \"2023-05-10T13:39:24.000Z\",\n                \"updated_at\": null\n            }\n        },\n        {\n            \"transaction\": {\n                \"id\": \"8f9de48b-cfdb-4f33-8494-64418b0935de\",\n                \"id_user\": \"1d798a08-0602-4030-b8df-b808134ec171\",\n                \"nama_user\": \"John Doe\",\n                \"id_projek\": \"848fdf64-a0f8-4dc4-8cc3-81678734edca\",\n                \"judul_projek\": \"Projek Naga\",\n                \"owner_projek\": \"Budiono Siregar\",\n                \"jumlah_token\": 30,\n                \"total_nominal\": 3000000,\n                \"created_at\": \"2024-10-09T07:26:04.557Z\"\n            },\n            \"project\": {\n                \"id\": \"848fdf64-a0f8-4dc4-8cc3-81678734edca\",\n                \"id_user\": \"0937d7fc-8aa2-4ce5-b437-64b755ce5ff6\",\n                \"id_kategori\": \"c6480dac-f999-40a0-a468-67974794be17\",\n                \"judul\": \"Proyek Jual Beli\",\n                \"deskripsi\": \"Proyek Jual Beli T-Rex\",\n                \"nominal\": 20000000,\n                \"asset_jaminan\": \"Tanah\",\n                \"nilai_jaminan\": 40000000,\n                \"lokasi_usaha\": \"Malang\",\n                \"detail_lokasi\": \"Jl. Raya Tlogomas No. 246\",\n                \"brosur_produk\": \"https://everpro.id/blog/contoh-brosur-minuman/\",\n                \"pendapatan_perbulan\": 2000000,\n                \"pengeluaran_perbulan\": 500000,\n                \"report_progress\": \"3\",\n                \"dokumen_proyeksi\": \"https://encrypted-tbn0.gstatic.com/images?q=tbn:ANd9GcRm7Ed-GxL_MOmlJj7Zo2pzKtOdS9gKBDHxTA&s\",\n                \"status\": \"APPROVAL\",\n                \"nominal_disetujui\": 20000000,\n                \"harga_per_unit\": 1000000,\n                \"jumlah_koin\": 20,\n                \"minimal_pembelian\": 1,\n                \"maksimal_pembelian\": 20,\n                \"mulai_penggalangan_dana\": null,\n                \"selesai_penggalangan_dana\": null,\n                \"dokumen_prospektus\": null,\n                \"created_at\": \"2023-05-10T13:39:24.000Z\",\n                \"updated_at\": null\n            }\n        }\n    ]\n}"}]}]}