{"info":{"_postman_id":"c5ca8808-1632-464e-9253-830b8290e3f2","name":"Wallet","schema":"https://schema.getpostman.com/json/collection/v2.1.0/collection.json"},"item":[{"name":"Get Kas Koperasi","id":"4b9e05de-076b-444d-be7f-35c88a8adedd","protocolProfileBehavior":{"disableBodyPruning":true},"request":{"auth":{"type":"bearer","bearer":[{"key":"token","value":"{{jwtToken}} ","type":"string"}]},"method":"GET","header":[],"url":{"raw":"{{baseUrl}}/topup/kas-koperasi","host":["{{baseUrl}}"],"path":["topup","kas-koperasi"]}},"response":[{"id":"25ed871f-625a-4bee-bc4e-0ed8b695769e","name":"Get Kas Koperasi","originalRequest":{"method":"GET","header":[],"url":{"raw":"{{baseUrl}}/topup/kas-koperasi","host":["{{baseUrl}}"],"path":["topup","kas-koperasi"]}},"status":"OK","code":200,"_postman_previewlanguage":"json","header":[{"key":"X-Powered-By","value":"Express"},{"key":"Access-Control-Allow-Origin","value":"*"},{"key":"Content-Type","value":"application/json; charset=utf-8"},{"key":"Content-Length","value":"47"},{"key":"ETag","value":"W/\"2f-zW2E4lHfRlmI7H6n7diLGP78K1A\""},{"key":"Date","value":"Tue, 19 Nov 2024 02:51:46 GMT"},{"key":"Connection","value":"keep-alive"},{"key":"Keep-Alive","value":"timeout=5"}],"cookie":[],"responseTime":null,"body":"{\n    \"message\": \"Kas Koperasi found\",\n    \"total\": 600000\n}"}]},{"name":"Get Wallet Saldo By User Id","id":"80f05f06-5fbf-42d5-a71b-aae55a575a7b","protocolProfileBehavior":{"disableBodyPruning":true},"request":{"auth":{"type":"bearer","bearer":[{"key":"token","value":"{{jwtToken}}","type":"string"}]},"method":"GET","header":[],"url":{"raw":"{{baseUrl}}/topup/saldo/user","host":["{{baseUrl}}"],"path":["topup","saldo","user"]}},"response":[{"id":"8ef7ecd0-b693-4e49-9e85-dc55583e5683","name":"Get Sum Saldo By Id User","originalRequest":{"method":"GET","header":[],"url":{"raw":"{{baseUrl}}/topup/saldo/user","host":["{{baseUrl}}"],"path":["topup","saldo","user"]}},"status":"OK","code":200,"_postman_previewlanguage":"json","header":[{"key":"X-Powered-By","value":"Express"},{"key":"Access-Control-Allow-Origin","value":"*"},{"key":"Content-Type","value":"application/json; charset=utf-8"},{"key":"Content-Length","value":"55"},{"key":"ETag","value":"W/\"37-bs4mQ6QB4qlp56eyXLvHyWQa0h4\""},{"key":"Date","value":"Mon, 30 Sep 2024 02:59:17 GMT"},{"key":"Connection","value":"keep-alive"},{"key":"Keep-Alive","value":"timeout=5"}],"cookie":[],"responseTime":null,"body":"{\n    \"message\": \"Total topup saldo found\",\n    \"total\": \"1000000\"\n}"}]},{"name":"Get Sum Simpanan Wajib","id":"ff5aa396-36a9-40b5-a05e-ba48b9b905d8","protocolProfileBehavior":{"disableBodyPruning":true},"request":{"auth":{"type":"bearer","bearer":[{"key":"token","value":"{{jwtToken}}","type":"string"}]},"method":"GET","header":[],"url":{"raw":"{{baseUrl}}/topup/simpanan_wajib","host":["{{baseUrl}}"],"path":["topup","simpanan_wajib"]}},"response":[{"id":"93864511-2e22-4da1-89b3-94eddb144725","name":"get sum simpanan wajib","originalRequest":{"method":"GET","header":[],"url":{"raw":"{{baseUrl}}/topup/simpanan_wajib","host":["{{baseUrl}}"],"path":["topup","simpanan_wajib"]}},"status":"OK","code":200,"_postman_previewlanguage":"json","header":[{"key":"X-Powered-By","value":"Express"},{"key":"Access-Control-Allow-Origin","value":"*"},{"key":"Content-Type","value":"application/json; charset=utf-8"},{"key":"Content-Length","value":"57"},{"key":"ETag","value":"W/\"39-cPMazglZmMnRgPOV3LdkHe+w+W8\""},{"key":"Date","value":"Mon, 30 Sep 2024 02:59:42 GMT"},{"key":"Connection","value":"keep-alive"},{"key":"Keep-Alive","value":"timeout=5"}],"cookie":[],"responseTime":null,"body":"{\n    \"message\": \"Total simpanan wajib found\",\n    \"total\": \"100000\"\n}"}]},{"name":"Update Saldo Wallet","id":"d4c33cc1-5ed3-4c2f-a87f-5caa3c2f9ecf","protocolProfileBehavior":{"disableBodyPruning":true},"request":{"method":"PUT","header":[],"body":{"mode":"raw","raw":"{\r\n    \"saldo\" : 60000000\r\n}","options":{"raw":{"language":"json"}}},"url":{"raw":"{{baseUrl}}/topup/wallet/d11bc330-b9b4-4074-b832-abc9580201fb","host":["{{baseUrl}}"],"path":["topup","wallet","d11bc330-b9b4-4074-b832-abc9580201fb"]}},"response":[]},{"name":"Get Sum Simpanan Pokok","id":"7efa7cbe-739f-4950-a402-34344ef09be9","protocolProfileBehavior":{"disableBodyPruning":true},"request":{"auth":{"type":"bearer","bearer":[{"key":"token","value":"{{jwtToken}}","type":"string"}]},"method":"GET","header":[],"url":{"raw":"{{baseUrl}}/topup/simpanan_pokok","host":["{{baseUrl}}"],"path":["topup","simpanan_pokok"]}},"response":[{"id":"a3c9ba29-26bb-45f7-8ea3-b2ce3d6d1187","name":"get sum simpanan pokok","originalRequest":{"method":"GET","header":[],"url":{"raw":"{{baseUrl}}/topup/simpanan_pokok","host":["{{baseUrl}}"],"path":["topup","simpanan_pokok"]}},"status":"OK","code":200,"_postman_previewlanguage":"json","header":[{"key":"X-Powered-By","value":"Express"},{"key":"Access-Control-Allow-Origin","value":"*"},{"key":"Content-Type","value":"application/json; charset=utf-8"},{"key":"Content-Length","value":"57"},{"key":"ETag","value":"W/\"39-X3cNXfQqa9obk8tThyyQtHvLzKs\""},{"key":"Date","value":"Mon, 30 Sep 2024 03:00:06 GMT"},{"key":"Connection","value":"keep-alive"},{"key":"Keep-Alive","value":"timeout=5"}],"cookie":[],"responseTime":null,"body":"{\n    \"message\": \"Total simpanan pokok found\",\n    \"total\": \"120000\"\n}"}]}]}