{"info":{"_postman_id":"cf3e5ed7-241b-4bb6-9ddf-33d5269f300b","name":"Topup","schema":"https://schema.getpostman.com/json/collection/v2.1.0/collection.json"},"item":[{"name":"Get All Topup","id":"7f5ad8df-95ea-4a59-8a72-77742744d519","protocolProfileBehavior":{"disableBodyPruning":true},"request":{"auth":{"type":"bearer","bearer":[{"key":"token","value":"{{jwtToken}}","type":"string"}]},"method":"GET","header":[],"url":{"raw":"{{baseUrl}}/topup","host":["{{baseUrl}}"],"path":["topup"],"query":[{"key":"filter","value":"{\"jenis\":\"UPGRADE USER\"}","disabled":true}]}},"response":[{"id":"fb7e4ea8-622a-40cf-924d-02fd6c98090a","name":"topup","originalRequest":{"method":"GET","header":[],"url":{"raw":"{{baseUrl}}/topup","host":["{{baseUrl}}"],"path":["topup"]}},"status":"OK","code":200,"_postman_previewlanguage":"json","header":[{"key":"X-Powered-By","value":"Express"},{"key":"Access-Control-Allow-Origin","value":"*"},{"key":"Content-Type","value":"application/json; charset=utf-8"},{"key":"Content-Length","value":"16993"},{"key":"ETag","value":"W/\"4261-qCucxmzExxSHNk9Mw0pGMQbnAfU\""},{"key":"Date","value":"Mon, 23 Sep 2024 03:37:01 GMT"},{"key":"Connection","value":"keep-alive"},{"key":"Keep-Alive","value":"timeout=5"}],"cookie":[],"responseTime":null,"body":"{\n    \"message\": \"Topups found\",\n    \"data\": [\n        {\n            \"topup\": {\n                \"id\": \"fec65339-7d55-49eb-86f6-b8721a3a568a\",\n                \"id_wallet\": \"d6d7a039-a89a-4cb7-8690-70a5a6610d5a\",\n                \"nama\": \"alimurrofid\",\n                \"nama_bank\": \"BRI\",\n                \"no_rekening\": \"1234567890\",\n                \"nama_pemilik_rekening\": \"alimurrofid\",\n                \"nominal\": 50000,\n                \"jenis\": \"SIMPANAN WAJIB\",\n                \"bukti_pembayaran\": \"https://example.com/bukti-pembayaran.jpg\",\n                \"status\": \"SUKSES\",\n                \"created_at\": \"2024-09-23T02:20:11.893Z\",\n                \"updated_at\": null\n            },\n            \"wallet\": {\n                \"id\": \"d6d7a039-a89a-4cb7-8690-70a5a6610d5a\",\n                \"id_user\": \"0937d7fc-8aa2-4ce5-b437-64b755ce5ff6\",\n                \"saldo\": 1000000,\n                \"created_at\": \"2024-09-23T02:20:11.882Z\",\n                \"updated_at\": null\n            },\n            \"user\": {\n                \"id\": \"0937d7fc-8aa2-4ce5-b437-64b755ce5ff6\",\n                \"nama\": \"alimurrofid\",\n                \"no_hp\": \"6281234567890\",\n                \"role\": \"ADMIN\",\n                \"status\": \"AKTIF\",\n                \"password\": \"$2a$10$KdXuov8vXXl0bJCkbck4vebSlGnkDI/7sPy6rkWu9TuYtHMOkJCrO\",\n                \"tempat_lahir\": \"Malang\",\n                \"tanggal_lahir\": \"2024-09-23T02:20:10.620Z\",\n                \"provinsi\": \"35\",\n                \"kota\": \"35.73\",\n                \"kecamatan\": \"35.73.05\",\n                \"alamat\": \"Jl. Raya Tlogomas No. 246\",\n                \"nik\": \"3501234567890123\",\n                \"foto_profile\": null,\n                \"foto_diri\": \"https://coursius.com/storage/images/thumb/2021_04_08_12_24_32_b46a6b4bb45b6863c78df7e2524b48ae_900x450_thumb.jpg\",\n                \"foto_ktp\": \"https://image.jpnn.com/resize/1200x800-80/arsip/normal/2021/09/01/tangkapan-layar-contoh-e-ktp-yang-sudah-diberi-watermark-fot-hxj6.jpg\",\n                \"created_at\": \"2024-09-23T02:20:10.620Z\",\n                \"updated_at\": null,\n                \"otp\": null\n            }\n        },\n        {\n            \"topup\": {\n                \"id\": \"86ef5658-3860-4edf-a3aa-aa27ecb04f86\",\n                \"id_wallet\": \"d6d7a039-a89a-4cb7-8690-70a5a6610d5a\",\n                \"nama\": \"alimurrofid\",\n                \"nama_bank\": \"BCA\",\n                \"no_rekening\": \"0987654321\",\n                \"nama_pemilik_rekening\": \"alimurrofid\",\n                \"nominal\": 120000,\n                \"jenis\": \"SIMPANAN POKOK\",\n                \"bukti_pembayaran\": \"https://example.com/bukti-pembayaran.jpg\",\n                \"status\": \"SUKSES\",\n                \"created_at\": \"2024-09-23T02:20:11.893Z\",\n                \"updated_at\": null\n            },\n            \"wallet\": {\n                \"id\": \"d6d7a039-a89a-4cb7-8690-70a5a6610d5a\",\n                \"id_user\": \"0937d7fc-8aa2-4ce5-b437-64b755ce5ff6\",\n                \"saldo\": 1000000,\n                \"created_at\": \"2024-09-23T02:20:11.882Z\",\n                \"updated_at\": null\n            },\n            \"user\": {\n                \"id\": \"0937d7fc-8aa2-4ce5-b437-64b755ce5ff6\",\n                \"nama\": \"alimurrofid\",\n                \"no_hp\": \"6281234567890\",\n                \"role\": \"ADMIN\",\n                \"status\": \"AKTIF\",\n                \"password\": \"$2a$10$KdXuov8vXXl0bJCkbck4vebSlGnkDI/7sPy6rkWu9TuYtHMOkJCrO\",\n                \"tempat_lahir\": \"Malang\",\n                \"tanggal_lahir\": \"2024-09-23T02:20:10.620Z\",\n                \"provinsi\": \"35\",\n                \"kota\": \"35.73\",\n                \"kecamatan\": \"35.73.05\",\n                \"alamat\": \"Jl. Raya Tlogomas No. 246\",\n                \"nik\": \"3501234567890123\",\n                \"foto_profile\": null,\n                \"foto_diri\": \"https://coursius.com/storage/images/thumb/2021_04_08_12_24_32_b46a6b4bb45b6863c78df7e2524b48ae_900x450_thumb.jpg\",\n                \"foto_ktp\": \"https://image.jpnn.com/resize/1200x800-80/arsip/normal/2021/09/01/tangkapan-layar-contoh-e-ktp-yang-sudah-diberi-watermark-fot-hxj6.jpg\",\n                \"created_at\": \"2024-09-23T02:20:10.620Z\",\n                \"updated_at\": null,\n                \"otp\": null\n            }\n        },\n        {\n            \"topup\": {\n                \"id\": \"69cdbde4-f3a2-4b14-9023-86067f96b5bd\",\n                \"id_wallet\": \"d6d7a039-a89a-4cb7-8690-70a5a6610d5a\",\n                \"nama\": \"alimurrofid\",\n                \"nama_bank\": \"MANDIRI\",\n                \"no_rekening\": \"9987654321\",\n                \"nama_pemilik_rekening\": \"alimurrofid\",\n                \"nominal\": 1000000,\n                \"jenis\": \"TOPUP SALDO\",\n                \"bukti_pembayaran\": \"https://example.com/bukti-pembayaran.jpg\",\n                \"status\": \"SUKSES\",\n                \"created_at\": \"2024-09-23T02:20:11.893Z\",\n                \"updated_at\": null\n            },\n            \"wallet\": {\n                \"id\": \"d6d7a039-a89a-4cb7-8690-70a5a6610d5a\",\n                \"id_user\": \"0937d7fc-8aa2-4ce5-b437-64b755ce5ff6\",\n                \"saldo\": 1000000,\n                \"created_at\": \"2024-09-23T02:20:11.882Z\",\n                \"updated_at\": null\n            },\n            \"user\": {\n                \"id\": \"0937d7fc-8aa2-4ce5-b437-64b755ce5ff6\",\n                \"nama\": \"alimurrofid\",\n                \"no_hp\": \"6281234567890\",\n                \"role\": \"ADMIN\",\n                \"status\": \"AKTIF\",\n                \"password\": \"$2a$10$KdXuov8vXXl0bJCkbck4vebSlGnkDI/7sPy6rkWu9TuYtHMOkJCrO\",\n                \"tempat_lahir\": \"Malang\",\n                \"tanggal_lahir\": \"2024-09-23T02:20:10.620Z\",\n                \"provinsi\": \"35\",\n                \"kota\": \"35.73\",\n                \"kecamatan\": \"35.73.05\",\n                \"alamat\": \"Jl. Raya Tlogomas No. 246\",\n                \"nik\": \"3501234567890123\",\n                \"foto_profile\": null,\n                \"foto_diri\": \"https://coursius.com/storage/images/thumb/2021_04_08_12_24_32_b46a6b4bb45b6863c78df7e2524b48ae_900x450_thumb.jpg\",\n                \"foto_ktp\": \"https://image.jpnn.com/resize/1200x800-80/arsip/normal/2021/09/01/tangkapan-layar-contoh-e-ktp-yang-sudah-diberi-watermark-fot-hxj6.jpg\",\n                \"created_at\": \"2024-09-23T02:20:10.620Z\",\n                \"updated_at\": null,\n                \"otp\": null\n            }\n        },\n        {\n            \"topup\": {\n                \"id\": \"94014b1b-f5da-4b65-b9cd-05f04fe71654\",\n                \"id_wallet\": \"bc997d94-688e-498e-8f8a-2bfb29d98239\",\n                \"nama\": \"Sartika Lestari\",\n                \"nama_bank\": \"MANDIRI\",\n                \"no_rekening\": \"13441164\",\n                \"nama_pemilik_rekening\": \"Sartika Lestari\",\n                \"nominal\": 568741,\n                \"jenis\": \"TOPUP SALDO\",\n                \"bukti_pembayaran\": \"https://avatars.githubusercontent.com/u/56534846\",\n                \"status\": \"MENUNGGU KONFIRMASI\",\n                \"created_at\": \"2024-09-23T02:20:11.897Z\",\n                \"updated_at\": null\n            },\n            \"wallet\": {\n                \"id\": \"bc997d94-688e-498e-8f8a-2bfb29d98239\",\n                \"id_user\": \"f6aa6262-8f10-4b5a-bdd3-fafb080bbc82\",\n                \"saldo\": 583454,\n                \"created_at\": \"2024-09-23T02:20:11.883Z\",\n                \"updated_at\": null\n            },\n            \"user\": {\n                \"id\": \"f6aa6262-8f10-4b5a-bdd3-fafb080bbc82\",\n                \"nama\": \"Sartika Lestari\",\n                \"no_hp\": \"6242032748415\",\n                \"role\": \"BASIC\",\n                \"status\": \"TIDAK AKTIF\",\n                \"password\": \"$2a$10$2hytaGjMHONoRXYgBT6cv.UApizBZk0vYxpKh3vtiKsRjnLxmXT2q\",\n                \"tempat_lahir\": \"Bangkalan\",\n                \"tanggal_lahir\": \"1971-02-26T06:17:30.018Z\",\n                \"provinsi\": \"35\",\n                \"kota\": \"35.73\",\n                \"kecamatan\": \"35.73.04\",\n                \"alamat\": \"Dk. Iriana no 1\",\n                \"nik\": \"6086268405913152\",\n                \"foto_profile\": null,\n                \"foto_diri\": \"https://cloudflare-ipfs.com/ipfs/Qmd3W5DuhgHirLHGVixi6V76LhCkZUz6pnFt5AJBiyvHye/avatar/1019.jpg\",\n                \"foto_ktp\": \"https://cloudflare-ipfs.com/ipfs/Qmd3W5DuhgHirLHGVixi6V76LhCkZUz6pnFt5AJBiyvHye/avatar/476.jpg\",\n                \"created_at\": \"2024-09-23T02:20:11.798Z\",\n                \"updated_at\": null,\n                \"otp\": null\n            }\n        },\n        {\n            \"topup\": {\n                \"id\": \"0ee32130-6876-493d-b965-039acce3afa2\",\n                \"id_wallet\": \"2524e556-d256-4df6-a9bd-722f3ff6ecc6\",\n                \"nama\": \"siti nurhaliza\",\n                \"nama_bank\": \"MANDIRI\",\n                \"no_rekening\": \"40906647\",\n                \"nama_pemilik_rekening\": \"siti nurhaliza\",\n                \"nominal\": 50000,\n                \"jenis\": \"SIMPANAN WAJIB\",\n                \"bukti_pembayaran\": \"https://avatars.githubusercontent.com/u/21319851\",\n                \"status\": \"GAGAL\",\n                \"created_at\": \"2024-09-23T02:20:11.897Z\",\n                \"updated_at\": null\n            },\n            \"wallet\": {\n                \"id\": \"2524e556-d256-4df6-a9bd-722f3ff6ecc6\",\n                \"id_user\": \"2bb60041-66a2-4e06-ab79-24801b5ccecc\",\n                \"saldo\": 3000000,\n                \"created_at\": \"2024-09-23T02:20:11.883Z\",\n                \"updated_at\": null\n            },\n            \"user\": {\n                \"id\": \"2bb60041-66a2-4e06-ab79-24801b5ccecc\",\n                \"nama\": \"siti nurhaliza\",\n                \"no_hp\": \"6281234567892\",\n                \"role\": \"PLATINUM\",\n                \"status\": \"TIDAK AKTIF\",\n                \"password\": \"$2a$10$fMyyTOFXGjDZnTrbB1JN3emEzTMEObR63zEK2H0nVq46CbTwDkD/i\",\n                \"tempat_lahir\": \"Jakarta\",\n                \"tanggal_lahir\": \"2024-09-23T02:20:10.815Z\",\n                \"provinsi\": \"31\",\n                \"kota\": \"31.74\",\n                \"kecamatan\": \"31.74.01\",\n                \"alamat\": \"Jl. Mampang Prapatan No. 20\",\n                \"nik\": \"3501234567890125\",\n                \"foto_profile\": null,\n                \"foto_diri\": \"https://coursius.com/storage/images/thumb/2021_04_08_12_24_32_b46a6b4bb45b6863c78df7e2524b48ae_900x450_thumb.jpg\",\n                \"foto_ktp\": \"https://image.jpnn.com/resize/1200x800-80/arsip/normal/2021/09/01/tangkapan-layar-contoh-e-ktp-yang-sudah-diberi-watermark-fot-hxj6.jpg\",\n                \"created_at\": \"2024-09-23T02:20:10.815Z\",\n                \"updated_at\": null,\n                \"otp\": null\n            }\n        },\n        {\n            \"topup\": {\n                \"id\": \"62db0ecb-3622-4c46-90e1-289df18a1a16\",\n                \"id_wallet\": \"230dff97-3af8-49dd-aee0-29d3b30a0211\",\n                \"nama\": \"Hidayanto Mariadi\",\n                \"nama_bank\": \"MANDIRI\",\n                \"no_rekening\": \"45890265\",\n                \"nama_pemilik_rekening\": \"Hidayanto Mariadi\",\n                \"nominal\": 50000,\n                \"jenis\": \"SIMPANAN WAJIB\",\n                \"bukti_pembayaran\": \"https://cloudflare-ipfs.com/ipfs/Qmd3W5DuhgHirLHGVixi6V76LhCkZUz6pnFt5AJBiyvHye/avatar/1036.jpg\",\n                \"status\": \"MENUNGGU KONFIRMASI\",\n                \"created_at\": \"2024-09-23T02:20:11.897Z\",\n                \"updated_at\": null\n            },\n            \"wallet\": {\n                \"id\": \"230dff97-3af8-49dd-aee0-29d3b30a0211\",\n                \"id_user\": \"50e2dba4-a70b-420e-b3f8-e0262f72e922\",\n                \"saldo\": 339154,\n                \"created_at\": \"2024-09-23T02:20:11.883Z\",\n                \"updated_at\": null\n            },\n            \"user\": {\n                \"id\": \"50e2dba4-a70b-420e-b3f8-e0262f72e922\",\n                \"nama\": \"Hidayanto Mariadi\",\n                \"no_hp\": \"6274458640317\",\n                \"role\": \"BASIC\",\n                \"status\": \"TIDAK AKTIF\",\n                \"password\": \"$2a$10$Hiue3x1a/vGOeDuANAg4quM0DT09l9WU2lDGTjapZb5ieapZxETbC\",\n                \"tempat_lahir\": \"Ruteng\",\n                \"tanggal_lahir\": \"1989-12-12T13:52:53.154Z\",\n                \"provinsi\": \"35\",\n                \"kota\": \"35.73\",\n                \"kecamatan\": \"35.73.02\",\n                \"alamat\": \"Psr. Hermann no 2\",\n                \"nik\": \"9112952254859739\",\n                \"foto_profile\": null,\n                \"foto_diri\": \"https://avatars.githubusercontent.com/u/33889710\",\n                \"foto_ktp\": \"https://cloudflare-ipfs.com/ipfs/Qmd3W5DuhgHirLHGVixi6V76LhCkZUz6pnFt5AJBiyvHye/avatar/628.jpg\",\n                \"created_at\": \"2024-09-23T02:20:11.799Z\",\n                \"updated_at\": null,\n                \"otp\": null\n            }\n        },\n        {\n            \"topup\": {\n                \"id\": \"21f06bb6-1ebb-46df-92ac-d8e6ceca4088\",\n                \"id_wallet\": \"7b0e690f-b479-485f-ae26-f534671a3e75\",\n                \"nama\": \"budiono siregar\",\n                \"nama_bank\": \"MANDIRI\",\n                \"no_rekening\": \"68908820\",\n                \"nama_pemilik_rekening\": \"budiono siregar\",\n                \"nominal\": 50000,\n                \"jenis\": \"SIMPANAN WAJIB\",\n                \"bukti_pembayaran\": \"https://avatars.githubusercontent.com/u/28310619\",\n                \"status\": \"SUKSES\",\n                \"created_at\": \"2024-09-23T02:20:11.897Z\",\n                \"updated_at\": null\n            },\n            \"wallet\": {\n                \"id\": \"7b0e690f-b479-485f-ae26-f534671a3e75\",\n                \"id_user\": \"dad5b08a-d19d-410f-89c4-520aafe28323\",\n                \"saldo\": 2000000,\n                \"created_at\": \"2024-09-23T02:20:11.882Z\",\n                \"updated_at\": null\n            },\n            \"user\": {\n                \"id\": \"dad5b08a-d19d-410f-89c4-520aafe28323\",\n                \"nama\": \"budiono siregar\",\n                \"no_hp\": \"6281234567891\",\n                \"role\": \"BASIC\",\n                \"status\": \"TIDAK AKTIF\",\n                \"password\": \"$2a$10$jm0NnKsMMayaDP3ZqmLFCet5r/1R4tUtY06fCY5VlzLaGsqdZpb/C\",\n                \"tempat_lahir\": \"Surabaya\",\n                \"tanggal_lahir\": \"2024-09-23T02:20:10.718Z\",\n                \"provinsi\": \"35\",\n                \"kota\": \"35.78\",\n                \"kecamatan\": \"35.78.03\",\n                \"alamat\": \"Jl. Darmo No. 10\",\n                \"nik\": \"3501234567890124\",\n                \"foto_profile\": null,\n                \"foto_diri\": \"https://coursius.com/storage/images/thumb/2021_04_08_12_24_32_b46a6b4bb45b6863c78df7e2524b48ae_900x450_thumb.jpg\",\n                \"foto_ktp\": \"https://image.jpnn.com/resize/1200x800-80/arsip/normal/2021/09/01/tangkapan-layar-contoh-e-ktp-yang-sudah-diberi-watermark-fot-hxj6.jpg\",\n                \"created_at\": \"2024-09-23T02:20:10.718Z\",\n                \"updated_at\": null,\n                \"otp\": null\n            }\n        },\n        {\n            \"topup\": {\n                \"id\": \"b0a8bcb9-d978-49f0-b1b7-a820e0187ee7\",\n                \"id_wallet\": \"d6d7a039-a89a-4cb7-8690-70a5a6610d5a\",\n                \"nama\": \"alimurrofid\",\n                \"nama_bank\": \"MANDIRI\",\n                \"no_rekening\": \"83788079\",\n                \"nama_pemilik_rekening\": \"alimurrofid\",\n                \"nominal\": 50000,\n                \"jenis\": \"SIMPANAN WAJIB\",\n                \"bukti_pembayaran\": \"https://avatars.githubusercontent.com/u/17520435\",\n                \"status\": \"SUKSES\",\n                \"created_at\": \"2024-09-23T02:20:11.897Z\",\n                \"updated_at\": null\n            },\n            \"wallet\": {\n                \"id\": \"d6d7a039-a89a-4cb7-8690-70a5a6610d5a\",\n                \"id_user\": \"0937d7fc-8aa2-4ce5-b437-64b755ce5ff6\",\n                \"saldo\": 1000000,\n                \"created_at\": \"2024-09-23T02:20:11.882Z\",\n                \"updated_at\": null\n            },\n            \"user\": {\n                \"id\": \"0937d7fc-8aa2-4ce5-b437-64b755ce5ff6\",\n                \"nama\": \"alimurrofid\",\n                \"no_hp\": \"6281234567890\",\n                \"role\": \"ADMIN\",\n                \"status\": \"AKTIF\",\n                \"password\": \"$2a$10$KdXuov8vXXl0bJCkbck4vebSlGnkDI/7sPy6rkWu9TuYtHMOkJCrO\",\n                \"tempat_lahir\": \"Malang\",\n                \"tanggal_lahir\": \"2024-09-23T02:20:10.620Z\",\n                \"provinsi\": \"35\",\n                \"kota\": \"35.73\",\n                \"kecamatan\": \"35.73.05\",\n                \"alamat\": \"Jl. Raya Tlogomas No. 246\",\n                \"nik\": \"3501234567890123\",\n                \"foto_profile\": null,\n                \"foto_diri\": \"https://coursius.com/storage/images/thumb/2021_04_08_12_24_32_b46a6b4bb45b6863c78df7e2524b48ae_900x450_thumb.jpg\",\n                \"foto_ktp\": \"https://image.jpnn.com/resize/1200x800-80/arsip/normal/2021/09/01/tangkapan-layar-contoh-e-ktp-yang-sudah-diberi-watermark-fot-hxj6.jpg\",\n                \"created_at\": \"2024-09-23T02:20:10.620Z\",\n                \"updated_at\": null,\n                \"otp\": null\n            }\n        },\n        {\n            \"topup\": {\n                \"id\": \"f3dbc873-fc26-4d51-8e29-34af88ea15dc\",\n                \"id_wallet\": \"33c188e9-5026-42e3-99af-1ca271ffc341\",\n                \"nama\": \"Wulandari Wulandari Kusmawati\",\n                \"nama_bank\": \"MANDIRI\",\n                \"no_rekening\": \"71969095\",\n                \"nama_pemilik_rekening\": \"Wulandari Wulandari Kusmawati\",\n                \"nominal\": 306796,\n                \"jenis\": \"TOPUP SALDO\",\n                \"bukti_pembayaran\": \"https://cloudflare-ipfs.com/ipfs/Qmd3W5DuhgHirLHGVixi6V76LhCkZUz6pnFt5AJBiyvHye/avatar/282.jpg\",\n                \"status\": \"SUKSES\",\n                \"created_at\": \"2024-09-23T02:20:11.897Z\",\n                \"updated_at\": null\n            },\n            \"wallet\": {\n                \"id\": \"33c188e9-5026-42e3-99af-1ca271ffc341\",\n                \"id_user\": \"2ba4c1c8-a9bb-4a2c-86bf-62c47137eefb\",\n                \"saldo\": 348620,\n                \"created_at\": \"2024-09-23T02:20:11.883Z\",\n                \"updated_at\": null\n            },\n            \"user\": {\n                \"id\": \"2ba4c1c8-a9bb-4a2c-86bf-62c47137eefb\",\n                \"nama\": \"Wulandari Wulandari Kusmawati\",\n                \"no_hp\": \"6233500049416\",\n                \"role\": \"BASIC\",\n                \"status\": \"TIDAK AKTIF\",\n                \"password\": \"$2a$10$SN7/VkkkWkpntdJiioQdk.9EfauLpDVSSuUDps.al6D8BEPYZ8DIC\",\n                \"tempat_lahir\": \"Donggala\",\n                \"tanggal_lahir\": \"1952-06-01T01:31:51.381Z\",\n                \"provinsi\": \"35\",\n                \"kota\": \"35.73\",\n                \"kecamatan\": \"35.73.05\",\n                \"alamat\": \"Ki. Nada no 63\",\n                \"nik\": \"6715012125658930\",\n                \"foto_profile\": null,\n                \"foto_diri\": \"https://avatars.githubusercontent.com/u/26278959\",\n                \"foto_ktp\": \"https://avatars.githubusercontent.com/u/66019130\",\n                \"created_at\": \"2024-09-23T02:20:11.820Z\",\n                \"updated_at\": null,\n                \"otp\": null\n            }\n        },\n        {\n            \"topup\": {\n                \"id\": \"3c90373f-619a-4973-88bf-3f8460d682ed\",\n                \"id_wallet\": \"728bb4eb-b8be-423f-8696-4d86955b4d64\",\n                \"nama\": \"Kawaca Kawaca Hakim\",\n                \"nama_bank\": \"MANDIRI\",\n                \"no_rekening\": \"57044669\",\n                \"nama_pemilik_rekening\": \"Kawaca Kawaca Hakim\",\n                \"nominal\": 120000,\n                \"jenis\": \"SIMPANAN POKOK\",\n                \"bukti_pembayaran\": \"https://avatars.githubusercontent.com/u/95865160\",\n                \"status\": \"GAGAL\",\n                \"created_at\": \"2024-09-23T02:20:11.897Z\",\n                \"updated_at\": null\n            },\n            \"wallet\": {\n                \"id\": \"728bb4eb-b8be-423f-8696-4d86955b4d64\",\n                \"id_user\": \"9fa6fd86-baf9-4f8f-b716-3c9c3d92b7fc\",\n                \"saldo\": 273859,\n                \"created_at\": \"2024-09-23T02:20:11.883Z\",\n                \"updated_at\": null\n            },\n            \"user\": {\n                \"id\": \"9fa6fd86-baf9-4f8f-b716-3c9c3d92b7fc\",\n                \"nama\": \"Kawaca Kawaca Hakim\",\n                \"no_hp\": \"6200790884819\",\n                \"role\": \"BASIC\",\n                \"status\": \"TIDAK AKTIF\",\n                \"password\": \"$2a$10$c/TsiWlGK/9kdW1QggZyn.rL2pV77muMvLyHa.ZodVEP/hnuxmd06\",\n                \"tempat_lahir\": \"Kawangkoan\",\n                \"tanggal_lahir\": \"1957-01-17T16:30:54.603Z\",\n                \"provinsi\": \"35\",\n                \"kota\": \"35.73\",\n                \"kecamatan\": \"35.73.02\",\n                \"alamat\": \"Jln. Shanahan no 1\",\n                \"nik\": \"5248913498870129\",\n                \"foto_profile\": null,\n                \"foto_diri\": \"https://avatars.githubusercontent.com/u/31651036\",\n                \"foto_ktp\": \"https://cloudflare-ipfs.com/ipfs/Qmd3W5DuhgHirLHGVixi6V76LhCkZUz6pnFt5AJBiyvHye/avatar/472.jpg\",\n                \"created_at\": \"2024-09-23T02:20:11.820Z\",\n                \"updated_at\": null,\n                \"otp\": null\n            }\n        },\n        {\n            \"topup\": {\n                \"id\": \"29ef059d-da60-40e1-8302-d5dbc0bed4d9\",\n                \"id_wallet\": \"d6935dc0-782f-45a9-8a55-61adea84b3f0\",\n                \"nama\": \"Agustian Karta\",\n                \"nama_bank\": \"MANDIRI\",\n                \"no_rekening\": \"63250855\",\n                \"nama_pemilik_rekening\": \"Agustian Karta\",\n                \"nominal\": 50000,\n                \"jenis\": \"SIMPANAN WAJIB\",\n                \"bukti_pembayaran\": \"https://cloudflare-ipfs.com/ipfs/Qmd3W5DuhgHirLHGVixi6V76LhCkZUz6pnFt5AJBiyvHye/avatar/631.jpg\",\n                \"status\": \"MENUNGGU KONFIRMASI\",\n                \"created_at\": \"2024-09-23T02:20:11.897Z\",\n                \"updated_at\": null\n            },\n            \"wallet\": {\n                \"id\": \"d6935dc0-782f-45a9-8a55-61adea84b3f0\",\n                \"id_user\": \"8e65cfc9-0a42-4ed2-b5e1-18a7bba91d27\",\n                \"saldo\": 765755,\n                \"created_at\": \"2024-09-23T02:20:11.883Z\",\n                \"updated_at\": null\n            },\n            \"user\": {\n                \"id\": \"8e65cfc9-0a42-4ed2-b5e1-18a7bba91d27\",\n                \"nama\": \"Agustian Karta\",\n                \"no_hp\": \"6238415442399\",\n                \"role\": \"BASIC\",\n                \"status\": \"TIDAK AKTIF\",\n                \"password\": \"$2a$10$P6isfYGTo7abWB28jsfPQ.98dT1JrvkuRIbQC1H8GYzmLDlPJQVW6\",\n                \"tempat_lahir\": \"Indramayu\",\n                \"tanggal_lahir\": \"1981-02-22T20:17:13.892Z\",\n                \"provinsi\": \"35\",\n                \"kota\": \"35.73\",\n                \"kecamatan\": \"35.73.05\",\n                \"alamat\": \"Ds. Gadang no 2\",\n                \"nik\": \"8269526263129575\",\n                \"foto_profile\": null,\n                \"foto_diri\": \"https://avatars.githubusercontent.com/u/28853756\",\n                \"foto_ktp\": \"https://avatars.githubusercontent.com/u/76606417\",\n                \"created_at\": \"2024-09-23T02:20:11.816Z\",\n                \"updated_at\": null,\n                \"otp\": null\n            }\n        },\n        {\n            \"topup\": {\n                \"id\": \"5d8cddc8-2a26-42e6-8812-87adc7a60cf6\",\n                \"id_wallet\": \"728bb4eb-b8be-423f-8696-4d86955b4d64\",\n                \"nama\": \"Kawaca Kawaca Hakim\",\n                \"nama_bank\": \"MANDIRI\",\n                \"no_rekening\": \"57823142\",\n                \"nama_pemilik_rekening\": \"Kawaca Kawaca Hakim\",\n                \"nominal\": 946434,\n                \"jenis\": \"TOPUP SALDO\",\n                \"bukti_pembayaran\": \"https://cloudflare-ipfs.com/ipfs/Qmd3W5DuhgHirLHGVixi6V76LhCkZUz6pnFt5AJBiyvHye/avatar/349.jpg\",\n                \"status\": \"MENUNGGU KONFIRMASI\",\n                \"created_at\": \"2024-09-23T02:20:11.897Z\",\n                \"updated_at\": null\n            },\n            \"wallet\": {\n                \"id\": \"728bb4eb-b8be-423f-8696-4d86955b4d64\",\n                \"id_user\": \"9fa6fd86-baf9-4f8f-b716-3c9c3d92b7fc\",\n                \"saldo\": 273859,\n                \"created_at\": \"2024-09-23T02:20:11.883Z\",\n                \"updated_at\": null\n            },\n            \"user\": {\n                \"id\": \"9fa6fd86-baf9-4f8f-b716-3c9c3d92b7fc\",\n                \"nama\": \"Kawaca Kawaca Hakim\",\n                \"no_hp\": \"6200790884819\",\n                \"role\": \"BASIC\",\n                \"status\": \"TIDAK AKTIF\",\n                \"password\": \"$2a$10$c/TsiWlGK/9kdW1QggZyn.rL2pV77muMvLyHa.ZodVEP/hnuxmd06\",\n                \"tempat_lahir\": \"Kawangkoan\",\n                \"tanggal_lahir\": \"1957-01-17T16:30:54.603Z\",\n                \"provinsi\": \"35\",\n                \"kota\": \"35.73\",\n                \"kecamatan\": \"35.73.02\",\n                \"alamat\": \"Jln. Shanahan no 1\",\n                \"nik\": \"5248913498870129\",\n                \"foto_profile\": null,\n                \"foto_diri\": \"https://avatars.githubusercontent.com/u/31651036\",\n                \"foto_ktp\": \"https://cloudflare-ipfs.com/ipfs/Qmd3W5DuhgHirLHGVixi6V76LhCkZUz6pnFt5AJBiyvHye/avatar/472.jpg\",\n                \"created_at\": \"2024-09-23T02:20:11.820Z\",\n                \"updated_at\": null,\n                \"otp\": null\n            }\n        },\n        {\n            \"topup\": {\n                \"id\": \"ab971013-97ab-4695-b3bf-d12d66d47457\",\n                \"id_wallet\": \"56014069-b3c6-4b3f-b784-e4ca236f52b6\",\n                \"nama\": \"Gasti Gasti Nuraini\",\n                \"nama_bank\": \"MANDIRI\",\n                \"no_rekening\": \"54405733\",\n                \"nama_pemilik_rekening\": \"Gasti Gasti Nuraini\",\n                \"nominal\": 176717,\n                \"jenis\": \"TOPUP SALDO\",\n                \"bukti_pembayaran\": \"https://cloudflare-ipfs.com/ipfs/Qmd3W5DuhgHirLHGVixi6V76LhCkZUz6pnFt5AJBiyvHye/avatar/408.jpg\",\n                \"status\": \"MENUNGGU KONFIRMASI\",\n                \"created_at\": \"2024-09-23T02:20:11.897Z\",\n                \"updated_at\": null\n            },\n            \"wallet\": {\n                \"id\": \"56014069-b3c6-4b3f-b784-e4ca236f52b6\",\n                \"id_user\": \"e4b61b9b-b3c8-4029-a294-52a5171ef708\",\n                \"saldo\": 491288,\n                \"created_at\": \"2024-09-23T02:20:11.883Z\",\n                \"updated_at\": null\n            },\n            \"user\": {\n                \"id\": \"e4b61b9b-b3c8-4029-a294-52a5171ef708\",\n                \"nama\": \"Gasti Gasti Nuraini\",\n                \"no_hp\": \"6284292692123\",\n                \"role\": \"BASIC\",\n                \"status\": \"TIDAK AKTIF\",\n                \"password\": \"$2a$10$KLK7ZJ.MozwCU8jLXIkaWek58ZjTVzWlYkKh7nEGGR2dhKriUog4C\",\n                \"tempat_lahir\": \"Bondowoso\",\n                \"tanggal_lahir\": \"1977-09-26T08:40:12.387Z\",\n                \"provinsi\": \"35\",\n                \"kota\": \"35.73\",\n                \"kecamatan\": \"35.73.04\",\n                \"alamat\": \"Kpg. Deckow no 6\",\n                \"nik\": \"6186902152967119\",\n                \"foto_profile\": null,\n                \"foto_diri\": \"https://avatars.githubusercontent.com/u/4836174\",\n                \"foto_ktp\": \"https://cloudflare-ipfs.com/ipfs/Qmd3W5DuhgHirLHGVixi6V76LhCkZUz6pnFt5AJBiyvHye/avatar/39.jpg\",\n                \"created_at\": \"2024-09-23T02:20:11.819Z\",\n                \"updated_at\": null,\n                \"otp\": null\n            }\n        }\n    ]\n}"}]},{"name":"Get Topup By User Id","id":"5237d564-77f9-4890-a0a0-b1ecd2674d1c","protocolProfileBehavior":{"disableBodyPruning":true},"request":{"auth":{"type":"bearer","bearer":[{"key":"token","value":"{{jwtToken}}","type":"string"}]},"method":"GET","header":[],"url":{"raw":"{{baseUrl}}/topup/user","host":["{{baseUrl}}"],"path":["topup","user"]}},"response":[]},{"name":"Pay Member","id":"5f3ee932-4119-4166-891c-a542dde8db55","protocolProfileBehavior":{"disableBodyPruning":true},"request":{"auth":{"type":"bearer","bearer":[{"key":"token","value":"{{jwtToken}}","type":"string"}]},"method":"POST","header":[],"body":{"mode":"formdata","formdata":[{"key":"nama_bank","value":"BRI","type":"text"},{"key":"no_rekening","value":"4444444444444444","type":"text"},{"key":"nama_pemilik_rekening","value":"zaky","type":"text"},{"key":"bukti_pembayaran","type":"file","fileNotInWorkingDirectoryWarning":"This file isn't in your working directory. Teammates you share this request with won't be able to use this file. To make collaboration easier you can setup your working directory in Settings.","filesNotInWorkingDirectory":["/C:/Users/DELL/OneDrive/Gambar/2024-08-29 cropped.png"],"src":"/C:/Users/DELL/OneDrive/Gambar/2024-08-29 cropped.png"}]},"url":{"raw":"{{baseUrl}}/topup/pay-member","host":["{{baseUrl}}"],"path":["topup","pay-member"]}},"response":[{"id":"5d2af4b9-6506-43bb-bb1f-e844ec1d82e3","name":"Pay Member","originalRequest":{"method":"POST","header":[],"body":{"mode":"formdata","formdata":[{"key":"bukti_pembayaran","type":"file","fileNotInWorkingDirectoryWarning":"This file isn't in your working directory. Teammates you share this request with won't be able to use this file. To make collaboration easier you can setup your working directory in Settings.","filesNotInWorkingDirectory":["/C:/Users/DELL/OneDrive/Gambar/2024-08-29 cropped.png"],"src":"/C:/Users/DELL/OneDrive/Gambar/2024-08-29 cropped.png"},{"key":"id_user","value":"f0303ee1-4d27-41d7-b1a7-81851b496f30","type":"text"}]},"url":{"raw":"{{baseUrl}}/topup/pay-member","host":["{{baseUrl}}"],"path":["topup","pay-member"]}},"status":"OK","code":200,"_postman_previewlanguage":"json","header":[{"key":"X-Powered-By","value":"Express"},{"key":"Access-Control-Allow-Origin","value":"*"},{"key":"Content-Type","value":"application/json; charset=utf-8"},{"key":"Content-Length","value":"27"},{"key":"ETag","value":"W/\"1b-AT0a46t+BOFHFnFNoYkt3eJFOoU\""},{"key":"Date","value":"Mon, 09 Sep 2024 05:53:46 GMT"},{"key":"Connection","value":"keep-alive"},{"key":"Keep-Alive","value":"timeout=5"}],"cookie":[],"responseTime":null,"body":"{\n    \"message\": \"Topup created\"\n}"},{"id":"51b2b17d-e641-4eed-93af-0a6372a961fe","name":"Pay Member","originalRequest":{"method":"POST","header":[],"body":{"mode":"formdata","formdata":[{"key":"bukti_pembayaran","type":"file","fileNotInWorkingDirectoryWarning":"This file isn't in your working directory. Teammates you share this request with won't be able to use this file. To make collaboration easier you can setup your working directory in Settings.","filesNotInWorkingDirectory":["/C:/Users/DELL/OneDrive/Gambar/2024-08-29 cropped.png"],"src":"/C:/Users/DELL/OneDrive/Gambar/2024-08-29 cropped.png"},{"key":"nama_bank","value":"BRI","type":"text"},{"key":"no_rekening","value":"412616273786311","type":"text"},{"key":"nama_pemilik_rekening","value":"budi siregar","type":"text"}]},"url":{"raw":"{{baseUrl}}/topup/pay-member","host":["{{baseUrl}}"],"path":["topup","pay-member"]}},"status":"Created","code":201,"_postman_previewlanguage":"json","header":[{"key":"X-Powered-By","value":"Express"},{"key":"Access-Control-Allow-Origin","value":"*"},{"key":"Content-Type","value":"application/json; charset=utf-8"},{"key":"Content-Length","value":"58"},{"key":"ETag","value":"W/\"3a-LOxphLKbEHS/kM7+4p0so1wfwsI\""},{"key":"Date","value":"Fri, 20 Sep 2024 09:35:26 GMT"},{"key":"Connection","value":"keep-alive"},{"key":"Keep-Alive","value":"timeout=5"}],"cookie":[],"responseTime":null,"body":"{\n    \"message\": \"Topup created, awaiting payment confirmation\"\n}"}]},{"name":"Topup Saldo","id":"37bd71f7-149b-4151-a455-becd761b941f","protocolProfileBehavior":{"disableBodyPruning":true},"request":{"auth":{"type":"bearer","bearer":[{"key":"token","value":"{{jwtToken}}","type":"string"}]},"method":"POST","header":[],"body":{"mode":"formdata","formdata":[{"key":"nama_bank","value":"BRI","type":"text"},{"key":"no_rekening","value":"4444444444444","type":"text"},{"key":"nama_pemilik_rekening","value":"MOCHAMMAD ZAKY ZAMRONI","type":"text"},{"key":"nominal","value":"10000000","type":"text"},{"key":"bukti_pembayaran","type":"file","src":"postman-cloud:///1ef699d5-67f7-43f0-b3ff-e21d3202bfc1"}]},"url":{"raw":"{{baseUrl}}/topup/pay-topup","host":["{{baseUrl}}"],"path":["topup","pay-topup"]}},"response":[{"id":"8c028944-83bb-4123-9e52-1e60375efbb8","name":"Topup Saldo","originalRequest":{"method":"POST","header":[],"body":{"mode":"formdata","formdata":[{"key":"nama_bank","value":"JAGO","type":"text"},{"key":"no_rekening","value":"989898","type":"text"},{"key":"nama_pemilik_rekening","value":"alimurrofid","type":"text"},{"key":"nominal","value":"150000","type":"text"},{"key":"bukti_pembayaran","type":"file","src":"postman-cloud:///1ef699d5-67f7-43f0-b3ff-e21d3202bfc1"}]},"url":{"raw":"{{baseUrl}}/topup/pay-topup","host":["{{baseUrl}}"],"path":["topup","pay-topup"]}},"status":"Created","code":201,"_postman_previewlanguage":"json","header":[{"key":"X-Powered-By","value":"Express"},{"key":"Access-Control-Allow-Origin","value":"*"},{"key":"Content-Type","value":"application/json; charset=utf-8"},{"key":"Content-Length","value":"58"},{"key":"ETag","value":"W/\"3a-LOxphLKbEHS/kM7+4p0so1wfwsI\""},{"key":"Date","value":"Tue, 17 Sep 2024 06:49:18 GMT"},{"key":"Connection","value":"keep-alive"},{"key":"Keep-Alive","value":"timeout=5"}],"cookie":[],"responseTime":null,"body":"{\n    \"message\": \"Topup created, awaiting payment confirmation\"\n}"}]},{"name":"Pay Simpanan Wajib","id":"87047080-4a2b-414f-821f-fc6b52c96b9e","protocolProfileBehavior":{"disableBodyPruning":true},"request":{"auth":{"type":"bearer","bearer":[{"key":"token","value":"{{jwtToken}}","type":"string"}]},"method":"POST","header":[],"body":{"mode":"formdata","formdata":[{"key":"nama_bank","value":"JENIUS","type":"text"},{"key":"no_rekening","value":"797979","type":"text"},{"key":"nama_pemilik_rekening","value":"budiono siregar","type":"text"},{"key":"nominal","value":"120000","type":"text"},{"key":"bukti_pembayaran","type":"file","src":"postman-cloud:///1ef699d5-67f7-43f0-b3ff-e21d3202bfc1"}]},"url":{"raw":"{{baseUrl}}/topup/pay-simpanan-wajib","host":["{{baseUrl}}"],"path":["topup","pay-simpanan-wajib"]}},"response":[{"id":"44238c15-119b-423d-8bbe-c6a9affdaf04","name":"Topup Saldo","originalRequest":{"method":"POST","header":[],"body":{"mode":"formdata","formdata":[{"key":"nama_bank","value":"JAGO","type":"text"},{"key":"no_rekening","value":"989898","type":"text"},{"key":"nama_pemilik_rekening","value":"alimurrofid","type":"text"},{"key":"nominal","value":"150000","type":"text"},{"key":"bukti_pembayaran","type":"file","src":"postman-cloud:///1ef699d5-67f7-43f0-b3ff-e21d3202bfc1"}]},"url":{"raw":"{{baseUrl}}/topup/pay-topup","host":["{{baseUrl}}"],"path":["topup","pay-topup"]}},"status":"Created","code":201,"_postman_previewlanguage":"json","header":[{"key":"X-Powered-By","value":"Express"},{"key":"Access-Control-Allow-Origin","value":"*"},{"key":"Content-Type","value":"application/json; charset=utf-8"},{"key":"Content-Length","value":"58"},{"key":"ETag","value":"W/\"3a-LOxphLKbEHS/kM7+4p0so1wfwsI\""},{"key":"Date","value":"Tue, 17 Sep 2024 06:49:18 GMT"},{"key":"Connection","value":"keep-alive"},{"key":"Keep-Alive","value":"timeout=5"}],"cookie":[],"responseTime":null,"body":"{\n    \"message\": \"Topup created, awaiting payment confirmation\"\n}"}]},{"name":"Withdraw Saldo","id":"063ad174-3af7-42f5-910d-379ce55180f2","protocolProfileBehavior":{"disableBodyPruning":true},"request":{"auth":{"type":"bearer","bearer":[{"key":"token","value":"{{jwtToken}}","type":"string"}]},"method":"POST","header":[],"body":{"mode":"raw","raw":"{\r\n    \"nama_bank\": \"JAGO\",\r\n    \"no_rekening\": \"989898\",\r\n    \"nama_pemilik_rekening\": \"budiono siregar\",\r\n    \"nominal\": 150000\r\n}","options":{"raw":{"language":"json"}}},"url":{"raw":"{{baseUrl}}/topup/withdraw","host":["{{baseUrl}}"],"path":["topup","withdraw"]}},"response":[{"id":"62e4a3e1-6f86-4664-95c0-82639dbedb6c","name":"Topup Saldo","originalRequest":{"method":"POST","header":[],"body":{"mode":"formdata","formdata":[{"key":"nama_bank","value":"JAGO","type":"text"},{"key":"no_rekening","value":"989898","type":"text"},{"key":"nama_pemilik_rekening","value":"alimurrofid","type":"text"},{"key":"nominal","value":"150000","type":"text"},{"key":"bukti_pembayaran","type":"file","src":"postman-cloud:///1ef699d5-67f7-43f0-b3ff-e21d3202bfc1"}]},"url":{"raw":"{{baseUrl}}/topup/pay-topup","host":["{{baseUrl}}"],"path":["topup","pay-topup"]}},"status":"Created","code":201,"_postman_previewlanguage":"json","header":[{"key":"X-Powered-By","value":"Express"},{"key":"Access-Control-Allow-Origin","value":"*"},{"key":"Content-Type","value":"application/json; charset=utf-8"},{"key":"Content-Length","value":"58"},{"key":"ETag","value":"W/\"3a-LOxphLKbEHS/kM7+4p0so1wfwsI\""},{"key":"Date","value":"Tue, 17 Sep 2024 06:49:18 GMT"},{"key":"Connection","value":"keep-alive"},{"key":"Keep-Alive","value":"timeout=5"}],"cookie":[],"responseTime":null,"body":"{\n    \"message\": \"Topup created, awaiting payment confirmation\"\n}"}]},{"name":"ACC Topup","id":"4662a0b7-2253-4736-9ff9-b21bbf879abf","protocolProfileBehavior":{"disableBodyPruning":true},"request":{"auth":{"type":"bearer","bearer":[{"key":"token","value":"{{jwtToken}}","type":"string"}]},"method":"POST","header":[],"body":{"mode":"raw","raw":"{\r\n    \"id\":\"9aa17f90-ea73-49ea-858f-b508ead50a6b\"\r\n}","options":{"raw":{"language":"json"}}},"url":{"raw":"{{baseUrl}}/topup/acc-topup","host":["{{baseUrl}}"],"path":["topup","acc-topup"]}},"response":[{"id":"1c435556-30a7-4d36-902f-94ea211d3304","name":"ACC Topup","originalRequest":{"method":"POST","header":[],"body":{"mode":"raw","raw":"{\r\n    \"id\":\"39a7341f-218c-409b-ab71-6e59df020dff\"\r\n}","options":{"raw":{"language":"json"}}},"url":{"raw":"{{baseUrl}}/topup/acc-topup","host":["{{baseUrl}}"],"path":["topup","acc-topup"]}},"status":"OK","code":200,"_postman_previewlanguage":"json","header":[{"key":"X-Powered-By","value":"Express"},{"key":"Access-Control-Allow-Origin","value":"*"},{"key":"Content-Type","value":"application/json; charset=utf-8"},{"key":"Content-Length","value":"37"},{"key":"ETag","value":"W/\"25-xDL5XUZ1fvAgmoZh4iOb31FMbGs\""},{"key":"Date","value":"Wed, 02 Oct 2024 02:28:57 GMT"},{"key":"Connection","value":"keep-alive"},{"key":"Keep-Alive","value":"timeout=5"}],"cookie":[],"responseTime":null,"body":"{\n    \"message\": \"Topup has been approved\"\n}"}]},{"name":"ACC Simpanan Wajib","id":"da472c31-9b9f-4534-8e95-97c9f6b859a9","protocolProfileBehavior":{"disableBodyPruning":true},"request":{"auth":{"type":"bearer","bearer":[{"key":"token","value":"{{jwtToken}}","type":"string"}]},"method":"POST","header":[],"body":{"mode":"raw","raw":"{\r\n    \"id\":\"6366c925-6f08-4636-a751-2a1d22069aec\"\r\n}","options":{"raw":{"language":"json"}}},"url":{"raw":"{{baseUrl}}/topup/acc-simpanan-wajib","host":["{{baseUrl}}"],"path":["topup","acc-simpanan-wajib"]}},"response":[{"id":"5fb480f3-c438-4858-b956-abd953a88134","name":"ACC Topup","originalRequest":{"method":"POST","header":[],"body":{"mode":"raw","raw":"{\r\n    \"id\":\"3789c4d1-eb58-449c-af62-5bc0228f074d\"\r\n}","options":{"raw":{"language":"json"}}},"url":{"raw":"{{baseUrl}}/topup/acc","host":["{{baseUrl}}"],"path":["topup","acc"]}},"status":"OK","code":200,"_postman_previewlanguage":"json","header":[{"key":"X-Powered-By","value":"Express"},{"key":"Access-Control-Allow-Origin","value":"*"},{"key":"Content-Type","value":"application/json; charset=utf-8"},{"key":"Content-Length","value":"37"},{"key":"ETag","value":"W/\"25-xDL5XUZ1fvAgmoZh4iOb31FMbGs\""},{"key":"Date","value":"Tue, 17 Sep 2024 07:17:34 GMT"},{"key":"Connection","value":"keep-alive"},{"key":"Keep-Alive","value":"timeout=5"}],"cookie":[],"responseTime":null,"body":"{\n    \"message\": \"Topup has been approved\"\n}"}]},{"name":"ACC Withdraw","id":"300884ad-5ba6-4469-a20f-56dd5b1afe26","protocolProfileBehavior":{"disableBodyPruning":true},"request":{"auth":{"type":"bearer","bearer":[{"key":"token","value":"{{jwtToken}}","type":"string"}]},"method":"POST","header":[],"body":{"mode":"formdata","formdata":[{"key":"id","value":"5c0f856d-35e1-48a6-a423-b2a8e9776024","type":"text"},{"key":"bukti_pembayaran","type":"file","src":"/D:/Peroyek/flask scabies_1/images/istockphoto-486222546-170667a.jpg"}]},"url":{"raw":"{{baseUrl}}/topup/acc-withdraw","host":["{{baseUrl}}"],"path":["topup","acc-withdraw"]}},"response":[{"id":"89450684-34aa-48ff-8c0d-5e3177d75cc9","name":"ACC Topup","originalRequest":{"method":"POST","header":[],"body":{"mode":"raw","raw":"{\r\n    \"id\":\"3789c4d1-eb58-449c-af62-5bc0228f074d\"\r\n}","options":{"raw":{"language":"json"}}},"url":{"raw":"{{baseUrl}}/topup/acc","host":["{{baseUrl}}"],"path":["topup","acc"]}},"status":"OK","code":200,"_postman_previewlanguage":"json","header":[{"key":"X-Powered-By","value":"Express"},{"key":"Access-Control-Allow-Origin","value":"*"},{"key":"Content-Type","value":"application/json; charset=utf-8"},{"key":"Content-Length","value":"37"},{"key":"ETag","value":"W/\"25-xDL5XUZ1fvAgmoZh4iOb31FMbGs\""},{"key":"Date","value":"Tue, 17 Sep 2024 07:17:34 GMT"},{"key":"Connection","value":"keep-alive"},{"key":"Keep-Alive","value":"timeout=5"}],"cookie":[],"responseTime":null,"body":"{\n    \"message\": \"Topup has been approved\"\n}"}]},{"name":"Get All Withdraw Saldo","id":"d5ad6a9b-755b-4b9b-9192-b19fce260b56","protocolProfileBehavior":{"disableBodyPruning":true},"request":{"auth":{"type":"bearer","bearer":[{"key":"token","value":"{{jwtToken}}","type":"string"}]},"method":"GET","header":[],"url":{"raw":"{{baseUrl}}/topup/saldo","host":["{{baseUrl}}"],"path":["topup","saldo"]}},"response":[{"id":"bba22a1b-1505-43de-900f-7d1608277ea4","name":"Get All Withdraw Saldo","originalRequest":{"method":"GET","header":[],"url":{"raw":"{{baseUrl}}/topup/saldo","host":["{{baseUrl}}"],"path":["topup","saldo"]}},"status":"OK","code":200,"_postman_previewlanguage":"json","header":[{"key":"X-Powered-By","value":"Express"},{"key":"Access-Control-Allow-Origin","value":"*"},{"key":"Content-Type","value":"application/json; charset=utf-8"},{"key":"Content-Length","value":"5033"},{"key":"ETag","value":"W/\"13a9-Yk3WLu+qqhXBv/pUxmz6IrzLq/M\""},{"key":"Date","value":"Thu, 05 Dec 2024 02:41:02 GMT"},{"key":"Connection","value":"keep-alive"},{"key":"Keep-Alive","value":"timeout=5"}],"cookie":[],"responseTime":null,"body":"{\n    \"message\": \"Withdraws found\",\n    \"data\": [\n        {\n            \"topup\": {\n                \"id\": \"5c0f856d-35e1-48a6-a423-b2a8e9776024\",\n                \"id_wallet\": \"856b7561-8c0a-44c8-a206-3113fce3aed8\",\n                \"nama\": \"Mochammad Zaky Zamroni\",\n                \"nama_bank\": \"JAGO\",\n                \"no_rekening\": \"989898\",\n                \"nama_pemilik_rekening\": \"budiono siregar\",\n                \"nominal\": 150000,\n                \"jenis\": \"PENARIKAN SALDO\",\n                \"bukti_pembayaran\": \"/uploads/bukti_pembayaran/1733214340538-1733214340504-istockphoto-486222546-170667a.jpg\",\n                \"status\": \"SUKSES\",\n                \"created_at\": \"2024-12-03T14:11:28.746Z\",\n                \"updated_at\": \"2024-12-03T08:25:40.629Z\"\n            },\n            \"wallet\": {\n                \"id\": \"856b7561-8c0a-44c8-a206-3113fce3aed8\",\n                \"id_user\": \"177a8121-5ff5-481c-8552-f2f0a46cbb0a\",\n                \"saldo\": 3350000,\n                \"created_at\": \"2024-12-02T13:58:12.802Z\",\n                \"updated_at\": null\n            },\n            \"user\": {\n                \"id\": \"177a8121-5ff5-481c-8552-f2f0a46cbb0a\",\n                \"nama\": \"Mochammad Zaky Zamroni\",\n                \"no_hp\": \"628970836076\",\n                \"role\": \"PLATINUM\",\n                \"status\": \"AKTIF\",\n                \"password\": \"$2a$10$NGkcAGmLLNHne96DupPg4.PTTj4q1Fe8ymL16N0OUvjeEmhN2PQwK\",\n                \"tempat_lahir\": \"Malang\",\n                \"tanggal_lahir\": \"1995-08-15\",\n                \"provinsi\": \"Jawa Timur\",\n                \"kota\": \"Malang\",\n                \"kecamatan\": \"Klojen\",\n                \"alamat\": \"Jl. Sudirman No. 123\",\n                \"nik\": \"1234567890123456\",\n                \"foto_profile\": null,\n                \"foto_diri\": \"/uploads/foto_diri/1730261227416-2024-08-29 cropped.png\",\n                \"foto_ktp\": \"/uploads/foto_ktp/1730261227469-2024-08-29 cropped.png\",\n                \"created_at\": \"2024-10-30T11:07:07.792Z\",\n                \"updated_at\": \"2024-12-03T06:49:39.217Z\",\n                \"otp\": \"1438\"\n            }\n        },\n        {\n            \"topup\": {\n                \"id\": \"fffbccef-635e-4969-a945-a201488374fd\",\n                \"id_wallet\": \"62da35fe-a599-42c2-9826-a93e35613a24\",\n                \"nama\": \"alim\",\n                \"nama_bank\": \"JAGO\",\n                \"no_rekening\": \"989898\",\n                \"nama_pemilik_rekening\": \"budiono siregar\",\n                \"nominal\": 150000,\n                \"jenis\": \"PENARIKAN SALDO\",\n                \"bukti_pembayaran\": \"/uploads/bukti_pembayaran/1733191944065-2024-08-29 cropped.png\",\n                \"status\": \"SUKSES\",\n                \"created_at\": \"2024-12-03T09:11:48.516Z\",\n                \"updated_at\": \"2024-12-03T02:12:24.083Z\"\n            },\n            \"wallet\": {\n                \"id\": \"62da35fe-a599-42c2-9826-a93e35613a24\",\n                \"id_user\": \"a0a500f8-3780-4393-912e-9bc1e4f51f0b\",\n                \"saldo\": 150000,\n                \"created_at\": \"2024-12-03T08:16:51.340Z\",\n                \"updated_at\": null\n            },\n            \"user\": {\n                \"id\": \"a0a500f8-3780-4393-912e-9bc1e4f51f0b\",\n                \"nama\": \"Member Baru\",\n                \"no_hp\": \"628970836066\",\n                \"role\": \"PLATINUM\",\n                \"status\": \"AKTIF\",\n                \"password\": \"$2a$10$tXIpgOpusYXVD6THkrh3FeaK2wMZxo758gXFuvFIq9K/AVMcz1Iqi\",\n                \"tempat_lahir\": \"Malang\",\n                \"tanggal_lahir\": \"1995-08-15\",\n                \"provinsi\": \"Jawa Timur\",\n                \"kota\": \"Malang\",\n                \"kecamatan\": \"Klojen\",\n                \"alamat\": \"Jl. Sudirman No. 123\",\n                \"nik\": \"1234567890123456\",\n                \"foto_profile\": null,\n                \"foto_diri\": \"/uploads/foto_diri/1730267768555-2024-08-29 cropped.png\",\n                \"foto_ktp\": \"/uploads/foto_ktp/1730267768564-2024-08-29 cropped.png\",\n                \"created_at\": \"2024-10-30T12:56:08.678Z\",\n                \"updated_at\": \"2024-10-30T06:04:55.674Z\",\n                \"otp\": \"1135\"\n            }\n        },\n        {\n            \"topup\": {\n                \"id\": \"49e1e591-981f-460c-9a95-24dc0c5b1e30\",\n                \"id_wallet\": \"62da35fe-a599-42c2-9826-a93e35613a24\",\n                \"nama\": \"alim\",\n                \"nama_bank\": \"JAGO\",\n                \"no_rekening\": \"989898\",\n                \"nama_pemilik_rekening\": \"budiono siregar\",\n                \"nominal\": 150000,\n                \"jenis\": \"PENARIKAN SALDO\",\n                \"bukti_pembayaran\": \"/uploads/bukti_pembayaran/1733191734110-2024-08-29 cropped.png\",\n                \"status\": \"SUKSES\",\n                \"created_at\": \"2024-12-03T09:08:07.370Z\",\n                \"updated_at\": \"2024-12-03T02:08:54.140Z\"\n            },\n            \"wallet\": {\n                \"id\": \"62da35fe-a599-42c2-9826-a93e35613a24\",\n                \"id_user\": \"a0a500f8-3780-4393-912e-9bc1e4f51f0b\",\n                \"saldo\": 150000,\n                \"created_at\": \"2024-12-03T08:16:51.340Z\",\n                \"updated_at\": null\n            },\n            \"user\": {\n                \"id\": \"a0a500f8-3780-4393-912e-9bc1e4f51f0b\",\n                \"nama\": \"Member Baru\",\n                \"no_hp\": \"628970836066\",\n                \"role\": \"PLATINUM\",\n                \"status\": \"AKTIF\",\n                \"password\": \"$2a$10$tXIpgOpusYXVD6THkrh3FeaK2wMZxo758gXFuvFIq9K/AVMcz1Iqi\",\n                \"tempat_lahir\": \"Malang\",\n                \"tanggal_lahir\": \"1995-08-15\",\n                \"provinsi\": \"Jawa Timur\",\n                \"kota\": \"Malang\",\n                \"kecamatan\": \"Klojen\",\n                \"alamat\": \"Jl. Sudirman No. 123\",\n                \"nik\": \"1234567890123456\",\n                \"foto_profile\": null,\n                \"foto_diri\": \"/uploads/foto_diri/1730267768555-2024-08-29 cropped.png\",\n                \"foto_ktp\": \"/uploads/foto_ktp/1730267768564-2024-08-29 cropped.png\",\n                \"created_at\": \"2024-10-30T12:56:08.678Z\",\n                \"updated_at\": \"2024-10-30T06:04:55.674Z\",\n                \"otp\": \"1135\"\n            }\n        },\n        {\n            \"topup\": {\n                \"id\": \"6a906baf-3fe2-48ad-9fb4-8aeb4c3230a9\",\n                \"id_wallet\": \"62da35fe-a599-42c2-9826-a93e35613a24\",\n                \"nama\": \"alim\",\n                \"nama_bank\": \"JAGO\",\n                \"no_rekening\": \"989898\",\n                \"nama_pemilik_rekening\": \"budiono siregar\",\n                \"nominal\": 150000,\n                \"jenis\": \"PENARIKAN SALDO\",\n                \"bukti_pembayaran\": \"/uploads/bukti_pembayaran/1733191080808-2024-08-29 cropped.png\",\n                \"status\": \"SUKSES\",\n                \"created_at\": \"2024-12-03T08:33:26.309Z\",\n                \"updated_at\": \"2024-12-03T01:58:00.824Z\"\n            },\n            \"wallet\": {\n                \"id\": \"62da35fe-a599-42c2-9826-a93e35613a24\",\n                \"id_user\": \"a0a500f8-3780-4393-912e-9bc1e4f51f0b\",\n                \"saldo\": 150000,\n                \"created_at\": \"2024-12-03T08:16:51.340Z\",\n                \"updated_at\": null\n            },\n            \"user\": {\n                \"id\": \"a0a500f8-3780-4393-912e-9bc1e4f51f0b\",\n                \"nama\": \"Member Baru\",\n                \"no_hp\": \"628970836066\",\n                \"role\": \"PLATINUM\",\n                \"status\": \"AKTIF\",\n                \"password\": \"$2a$10$tXIpgOpusYXVD6THkrh3FeaK2wMZxo758gXFuvFIq9K/AVMcz1Iqi\",\n                \"tempat_lahir\": \"Malang\",\n                \"tanggal_lahir\": \"1995-08-15\",\n                \"provinsi\": \"Jawa Timur\",\n                \"kota\": \"Malang\",\n                \"kecamatan\": \"Klojen\",\n                \"alamat\": \"Jl. Sudirman No. 123\",\n                \"nik\": \"1234567890123456\",\n                \"foto_profile\": null,\n                \"foto_diri\": \"/uploads/foto_diri/1730267768555-2024-08-29 cropped.png\",\n                \"foto_ktp\": \"/uploads/foto_ktp/1730267768564-2024-08-29 cropped.png\",\n                \"created_at\": \"2024-10-30T12:56:08.678Z\",\n                \"updated_at\": \"2024-10-30T06:04:55.674Z\",\n                \"otp\": \"1135\"\n            }\n        }\n    ]\n}"}]},{"name":"Get Topup By Id","id":"19ed569e-f461-4391-b00d-814bef8e878c","protocolProfileBehavior":{"disableBodyPruning":true},"request":{"auth":{"type":"bearer","bearer":[{"key":"token","value":"{{jwtToken}}","type":"string"}]},"method":"GET","header":[],"url":{"raw":"{{baseUrl}}/topup/0629cc21-6872-4802-9528-965797d47ba9","host":["{{baseUrl}}"],"path":["topup","0629cc21-6872-4802-9528-965797d47ba9"]}},"response":[{"id":"3e7184e3-6fee-409e-9f4e-c7996206c729","name":"Get Topup By Id","originalRequest":{"method":"GET","header":[],"url":{"raw":"{{baseUrl}}/topup/386a907c-12c4-4e9c-a02c-064b9619d713","host":["{{baseUrl}}"],"path":["topup","386a907c-12c4-4e9c-a02c-064b9619d713"]}},"status":"OK","code":200,"_postman_previewlanguage":"json","header":[{"key":"X-Powered-By","value":"Express"},{"key":"Access-Control-Allow-Origin","value":"*"},{"key":"Content-Type","value":"application/json; charset=utf-8"},{"key":"Content-Length","value":"1373"},{"key":"ETag","value":"W/\"55d-UB1+Q1e6jOlkszcY/dXx8hv+Wi4\""},{"key":"Date","value":"Wed, 25 Sep 2024 03:59:51 GMT"},{"key":"Connection","value":"keep-alive"},{"key":"Keep-Alive","value":"timeout=5"}],"cookie":[],"responseTime":null,"body":"{\n    \"message\": \"Topup found\",\n    \"data\": [\n        {\n            \"topup\": {\n                \"id\": \"386a907c-12c4-4e9c-a02c-064b9619d713\",\n                \"id_wallet\": \"89fe03a6-654f-481e-8dad-7ade8f0cd34e\",\n                \"nama\": \"alimurrofid\",\n                \"nama_bank\": \"MANDIRI\",\n                \"no_rekening\": \"9987654321\",\n                \"nama_pemilik_rekening\": \"alimurrofid\",\n                \"nominal\": 1000000,\n                \"jenis\": \"TOPUP SALDO\",\n                \"bukti_pembayaran\": \"https://example.com/bukti-pembayaran.jpg\",\n                \"status\": \"SUKSES\",\n                \"created_at\": \"2024-09-25T03:59:17.348Z\",\n                \"updated_at\": null\n            },\n            \"wallet\": {\n                \"id\": \"89fe03a6-654f-481e-8dad-7ade8f0cd34e\",\n                \"id_user\": \"0937d7fc-8aa2-4ce5-b437-64b755ce5ff6\",\n                \"jenis_wallet\": \"SIMPANAN POKOK\",\n                \"saldo\": 50000,\n                \"created_at\": \"2024-09-25T03:59:17.337Z\",\n                \"updated_at\": null\n            },\n            \"user\": {\n                \"id\": \"0937d7fc-8aa2-4ce5-b437-64b755ce5ff6\",\n                \"nama\": \"alimurrofid\",\n                \"no_hp\": \"6281234567890\",\n                \"role\": \"ADMIN\",\n                \"status\": \"AKTIF\",\n                \"password\": \"$2a$10$c1gxZTkPceVaO8l/QtNbWuK9raWEngrXm85ndHeLEGTd.8WSmAiYi\",\n                \"tempat_lahir\": \"Malang\",\n                \"tanggal_lahir\": \"2002-02-02\",\n                \"provinsi\": \"35\",\n                \"kota\": \"35.73\",\n                \"kecamatan\": \"35.73.05\",\n                \"alamat\": \"Jl. Raya Tlogomas No. 246\",\n                \"nik\": \"3501234567890123\",\n                \"foto_profile\": null,\n                \"foto_diri\": \"https://coursius.com/storage/images/thumb/2021_04_08_12_24_32_b46a6b4bb45b6863c78df7e2524b48ae_900x450_thumb.jpg\",\n                \"foto_ktp\": \"https://image.jpnn.com/resize/1200x800-80/arsip/normal/2021/09/01/tangkapan-layar-contoh-e-ktp-yang-sudah-diberi-watermark-fot-hxj6.jpg\",\n                \"created_at\": \"2024-09-25T03:59:16.205Z\",\n                \"updated_at\": null,\n                \"otp\": null\n            }\n        }\n    ]\n}"}]},{"name":"Get All Bagian Pemilik & Pelaksana","id":"5b21e53a-77c7-48ee-b5ba-6f2d6dc6cf4f","protocolProfileBehavior":{"disableBodyPruning":true},"request":{"auth":{"type":"bearer","bearer":[{"key":"token","value":"{{jwtToken}} ","type":"string"}]},"method":"GET","header":[],"url":{"raw":"{{baseUrl}}/topup/bagian-pemilik-pelaksana","host":["{{baseUrl}}"],"path":["topup","bagian-pemilik-pelaksana"]}},"response":[{"id":"75b645f0-5205-4f2c-8c5e-34df4735a98a","name":"Get All Bagian Pemilik & Pelaksana","originalRequest":{"method":"GET","header":[],"url":{"raw":"{{baseUrl}}/topup/bagian-pemilik-pelaksana","host":["{{baseUrl}}"],"path":["topup","bagian-pemilik-pelaksana"]}},"status":"OK","code":200,"_postman_previewlanguage":"json","header":[{"key":"X-Powered-By","value":"Express"},{"key":"Access-Control-Allow-Origin","value":"*"},{"key":"Content-Type","value":"application/json; charset=utf-8"},{"key":"Content-Length","value":"715"},{"key":"ETag","value":"W/\"2cb-vvNoFSrWjkq14+vp/JXokBfc8W0\""},{"key":"Date","value":"Wed, 30 Oct 2024 08:42:54 GMT"},{"key":"Connection","value":"keep-alive"},{"key":"Keep-Alive","value":"timeout=5"}],"cookie":[],"responseTime":null,"body":"{\n    \"message\": \"Topups found\",\n    \"data\": [\n        {\n            \"id\": \"aa2e56e5-b018-4d50-b79a-6c9a96f3e19b\",\n            \"id_wallet\": \"6eba978d-25a5-4936-a1d2-5109856b597a\",\n            \"nama\": \"project baru banget\",\n            \"nama_bank\": null,\n            \"no_rekening\": null,\n            \"nama_pemilik_rekening\": null,\n            \"nominal\": 600000,\n            \"jenis\": \"PELAKSANA\",\n            \"bukti_pembayaran\": null,\n            \"status\": \"MENUNGGU KONFIRMASI\",\n            \"created_at\": \"2024-10-30T15:40:46.749Z\",\n            \"updated_at\": null\n        },\n        {\n            \"id\": \"0ce69481-f05f-4011-b933-1ce31774441f\",\n            \"id_wallet\": \"6eba978d-25a5-4936-a1d2-5109856b597a\",\n            \"nama\": \"project baru banget\",\n            \"nama_bank\": null,\n            \"no_rekening\": null,\n            \"nama_pemilik_rekening\": null,\n            \"nominal\": 600000,\n            \"jenis\": \"PEMILIK\",\n            \"bukti_pembayaran\": null,\n            \"status\": \"MENUNGGU KONFIRMASI\",\n            \"created_at\": \"2024-10-30T08:40:46.756Z\",\n            \"updated_at\": null\n        }\n    ]\n}"}]},{"name":"Pay Bagian Pemilik & Pelaksana","id":"2488abb3-2174-4b50-bbf2-ffff64d7348a","protocolProfileBehavior":{"disableBodyPruning":true},"request":{"auth":{"type":"bearer","bearer":[{"key":"token","value":"{{jwtToken}} ","type":"string"}]},"method":"POST","header":[],"body":{"mode":"formdata","formdata":[{"key":"id","value":"aa2e56e5-b018-4d50-b79a-6c9a96f3e19b","type":"text"},{"key":"bukti_pembayaran","type":"file","src":"postman-cloud:///1ef699d5-67f7-43f0-b3ff-e21d3202bfc1"}]},"url":{"raw":"{{baseUrl}}/topup/pay-bagian-pemilik-pelaksana","host":["{{baseUrl}}"],"path":["topup","pay-bagian-pemilik-pelaksana"]}},"response":[{"id":"22ddaa1e-11e0-47c8-b9d0-3a6c64cdac9d","name":"Pay Bagian Pemilik & Pelaksana","originalRequest":{"method":"POST","header":[],"body":{"mode":"formdata","formdata":[{"key":"id","value":"aa2e56e5-b018-4d50-b79a-6c9a96f3e19b","type":"text"},{"key":"bukti_pembayaran","type":"file","src":"postman-cloud:///1ef699d5-67f7-43f0-b3ff-e21d3202bfc1"}]},"url":{"raw":"{{baseUrl}}/topup/pay-bagian-pemilik-pelaksana","host":["{{baseUrl}}"],"path":["topup","pay-bagian-pemilik-pelaksana"]}},"status":"Created","code":201,"_postman_previewlanguage":"json","header":[{"key":"X-Powered-By","value":"Express"},{"key":"Access-Control-Allow-Origin","value":"*"},{"key":"Content-Type","value":"application/json; charset=utf-8"},{"key":"Content-Length","value":"63"},{"key":"ETag","value":"W/\"3f-y38Mzz8fIN+QRgCyPYH/YWotbc8\""},{"key":"Date","value":"Wed, 30 Oct 2024 08:46:18 GMT"},{"key":"Connection","value":"keep-alive"},{"key":"Keep-Alive","value":"timeout=5"}],"cookie":[],"responseTime":null,"body":"{\n    \"message\": \"Pembayaran pemilik / pelaksana telah dikonfirmasi\"\n}"}]}]}