{"info":{"_postman_id":"e1f145ae-62f5-475f-a640-522ac301bb6c","name":"Auth","schema":"https://schema.getpostman.com/json/collection/v2.1.0/collection.json"},"item":[{"name":"Login","event":[{"listen":"test","script":{"id":"c958b947-0a52-4f9f-bf5a-268967b3bcc2","exec":["var jsonData = pm.response.json();\r","pm.environment.set(\"jwtToken\",jsonData.token)"],"type":"text/javascript","packages":{}}},{"listen":"prerequest","script":{"id":"7c9acea0-1a40-4256-8eff-866872c0de5e","exec":[""],"type":"text/javascript","packages":{}}}],"id":"211a2a90-e42a-41e3-867d-e87f5e079ef3","protocolProfileBehavior":{"disableBodyPruning":true},"request":{"method":"POST","header":[],"body":{"mode":"raw","raw":"{\r\n    \"no_hp\": \"6281234567891\",\r\n    \"password\": \"password\"\r\n}","options":{"raw":{"language":"json"}}},"url":{"raw":"{{baseUrl}}/auth/login","host":["{{baseUrl}}"],"path":["auth","login"]}},"response":[{"id":"6c76f8b7-6aae-4aa7-92f7-bd13855eddf7","name":"Login","originalRequest":{"method":"POST","header":[],"body":{"mode":"raw","raw":"{\r\n    \"no_hp\": \"6281234567890\",\r\n    \"password\": \"password\"\r\n}","options":{"raw":{"language":"json"}}},"url":{"raw":"{{baseUrl}}/auth/login","host":["{{baseUrl}}"],"path":["auth","login"]}},"status":"OK","code":200,"_postman_previewlanguage":"json","header":[{"key":"X-Powered-By","value":"Express"},{"key":"Access-Control-Allow-Origin","value":"*"},{"key":"Content-Type","value":"application/json; charset=utf-8"},{"key":"Content-Length","value":"251"},{"key":"ETag","value":"W/\"fb-yfDehOc3sMt1xxYB5s4LzqPOfq0\""},{"key":"Date","value":"Tue, 10 Sep 2024 01:41:38 GMT"},{"key":"Connection","value":"keep-alive"},{"key":"Keep-Alive","value":"timeout=5"}],"cookie":[],"responseTime":null,"body":"{\n    \"token\": \"eyJhbGciOiJIUzI1NiIsInR5cCI6IkpXVCJ9.eyJpZCI6IjA5MzdkN2ZjLThhYTItNGNlNS1iNDM3LTY0Yjc1NWNlNWZmNiIsIm5vX2hwIjoiNjI4MTIzNDU2Nzg5MCIsInJvbGUiOiJBRE1JTiIsImlhdCI6MTcyNTkzMjQ5OCwiZXhwIjoxNzI1OTM2MDk4fQ.p-1GAC3G1TPHQVcAfSjJ4793WB21FAD0wq5nTX_p_A0\"\n}"},{"id":"74d60775-7785-45de-8fd6-61020ef5e531","name":"Login gagal","originalRequest":{"method":"POST","header":[],"body":{"mode":"raw","raw":"{\r\n    \"no_hp\": \"6281234567890\",\r\n    \"password\": \"pass\"\r\n}","options":{"raw":{"language":"json"}}},"url":{"raw":"{{baseUrl}}/auth/login","host":["{{baseUrl}}"],"path":["auth","login"]}},"status":"Unauthorized","code":401,"_postman_previewlanguage":"json","header":[{"key":"X-Powered-By","value":"Express"},{"key":"Access-Control-Allow-Origin","value":"*"},{"key":"Content-Type","value":"application/json; charset=utf-8"},{"key":"Content-Length","value":"42"},{"key":"ETag","value":"W/\"2a-skIAxDAbP+E0wHjAEalh+HBFMwM\""},{"key":"Date","value":"Thu, 12 Sep 2024 07:34:45 GMT"},{"key":"Connection","value":"keep-alive"},{"key":"Keep-Alive","value":"timeout=5"}],"cookie":[],"responseTime":null,"body":"{\n    \"message\": \"Invalid username or password\"\n}"}]},{"name":"Login Admin","event":[{"listen":"test","script":{"id":"c958b947-0a52-4f9f-bf5a-268967b3bcc2","exec":["var jsonData = pm.response.json();\r","pm.environment.set(\"jwtToken\",jsonData.token)"],"type":"text/javascript","packages":{}}},{"listen":"prerequest","script":{"id":"7c9acea0-1a40-4256-8eff-866872c0de5e","exec":[""],"type":"text/javascript","packages":{}}}],"id":"9fa908cf-5af8-44b5-ae05-10de7178f573","protocolProfileBehavior":{"disableBodyPruning":true},"request":{"method":"POST","header":[],"body":{"mode":"raw","raw":"{\r\n    \"no_hp\": \"6281234567890\",\r\n    \"password\": \"password\"\r\n}","options":{"raw":{"language":"json"}}},"url":{"raw":"{{baseUrl}}/auth/login","host":["{{baseUrl}}"],"path":["auth","login"]}},"response":[{"id":"2d8ceb37-2404-483e-afd8-0ee3bb80e480","name":"Login","originalRequest":{"method":"POST","header":[],"body":{"mode":"raw","raw":"{\r\n    \"no_hp\": \"6281234567890\",\r\n    \"password\": \"password\"\r\n}","options":{"raw":{"language":"json"}}},"url":{"raw":"{{baseUrl}}/auth/login","host":["{{baseUrl}}"],"path":["auth","login"]}},"status":"OK","code":200,"_postman_previewlanguage":"json","header":[{"key":"X-Powered-By","value":"Express"},{"key":"Access-Control-Allow-Origin","value":"*"},{"key":"Content-Type","value":"application/json; charset=utf-8"},{"key":"Content-Length","value":"251"},{"key":"ETag","value":"W/\"fb-yfDehOc3sMt1xxYB5s4LzqPOfq0\""},{"key":"Date","value":"Tue, 10 Sep 2024 01:41:38 GMT"},{"key":"Connection","value":"keep-alive"},{"key":"Keep-Alive","value":"timeout=5"}],"cookie":[],"responseTime":null,"body":"{\n    \"token\": \"eyJhbGciOiJIUzI1NiIsInR5cCI6IkpXVCJ9.eyJpZCI6IjA5MzdkN2ZjLThhYTItNGNlNS1iNDM3LTY0Yjc1NWNlNWZmNiIsIm5vX2hwIjoiNjI4MTIzNDU2Nzg5MCIsInJvbGUiOiJBRE1JTiIsImlhdCI6MTcyNTkzMjQ5OCwiZXhwIjoxNzI1OTM2MDk4fQ.p-1GAC3G1TPHQVcAfSjJ4793WB21FAD0wq5nTX_p_A0\"\n}"},{"id":"5c934903-17f5-4f56-ab37-c49ffe8f725d","name":"Login gagal","originalRequest":{"method":"POST","header":[],"body":{"mode":"raw","raw":"{\r\n    \"no_hp\": \"6281234567890\",\r\n    \"password\": \"pass\"\r\n}","options":{"raw":{"language":"json"}}},"url":{"raw":"{{baseUrl}}/auth/login","host":["{{baseUrl}}"],"path":["auth","login"]}},"status":"Unauthorized","code":401,"_postman_previewlanguage":"json","header":[{"key":"X-Powered-By","value":"Express"},{"key":"Access-Control-Allow-Origin","value":"*"},{"key":"Content-Type","value":"application/json; charset=utf-8"},{"key":"Content-Length","value":"42"},{"key":"ETag","value":"W/\"2a-skIAxDAbP+E0wHjAEalh+HBFMwM\""},{"key":"Date","value":"Thu, 12 Sep 2024 07:34:45 GMT"},{"key":"Connection","value":"keep-alive"},{"key":"Keep-Alive","value":"timeout=5"}],"cookie":[],"responseTime":null,"body":"{\n    \"message\": \"Invalid username or password\"\n}"}]},{"name":"Register","id":"456717a2-5f2f-4bb7-8728-591f10735b14","protocolProfileBehavior":{"disableBodyPruning":true},"request":{"method":"POST","header":[],"body":{"mode":"formdata","formdata":[{"key":"nama","value":"Member Baru","type":"text","contentType":""},{"key":"no_hp","value":"628970836066","type":"text"},{"key":"role","value":"BASIC","type":"text"},{"key":"password","value":"password","type":"text"},{"key":"tempat_lahir","value":"Malang","type":"text"},{"key":"tanggal_lahir","value":"1995-08-15","type":"text"},{"key":"provinsi","value":"Jawa Timur","type":"text"},{"key":"kota","value":"Malang","type":"text"},{"key":"kecamatan","value":"Klojen","type":"text"},{"key":"alamat","value":"Jl. Sudirman No. 123","type":"text"},{"key":"nik","value":"1234567890123456","type":"text"},{"key":"foto_diri","type":"file","src":"postman-cloud:///1ef699d5-67f7-43f0-b3ff-e21d3202bfc1"},{"key":"foto_ktp","type":"file","src":"postman-cloud:///1ef699d5-67f7-43f0-b3ff-e21d3202bfc1"}]},"url":{"raw":"{{baseUrl}}/auth/register","host":["{{baseUrl}}"],"path":["auth","register"]}},"response":[{"id":"d99b5f14-2380-4bf5-8301-6dfb0fd848ee","name":"Register","originalRequest":{"method":"POST","header":[],"body":{"mode":"formdata","formdata":[{"key":"nama","value":"john dae","type":"text","contentType":""},{"key":"email","value":"mochammadzakyz@gmail.com","type":"text"},{"key":"no_hp","value":"088765467889","type":"text","contentType":""},{"key":"role","value":"BASIC","type":"text","disabled":true},{"key":"password","value":"password","type":"text"},{"key":"tempat_lahir","value":"Malang","type":"text"},{"key":"tanggal_lahir","value":"1995-08-15T00:00:00.000Z","type":"text"},{"key":"provinsi","value":"Jawa Timur","type":"text"},{"key":"kota","value":"Malang","type":"text"},{"key":"kecamatan","value":"Klojen","type":"text"},{"key":"alamat","value":"Jl. Sudirman No. 123","type":"text"},{"key":"nik","value":"1234567890123456","type":"text"},{"key":"foto_diri","type":"file","fileNotInWorkingDirectoryWarning":"This file isn't in your working directory. Teammates you share this request with won't be able to use this file. To make collaboration easier you can setup your working directory in Settings.","filesNotInWorkingDirectory":["/C:/Users/DELL/OneDrive/Gambar/pexels-pixabay-206359.jpg"],"src":"/C:/Users/DELL/OneDrive/Gambar/pexels-pixabay-206359.jpg"},{"key":"foto_ktp","type":"file","fileNotInWorkingDirectoryWarning":"This file isn't in your working directory. Teammates you share this request with won't be able to use this file. To make collaboration easier you can setup your working directory in Settings.","filesNotInWorkingDirectory":["/C:/Users/DELL/OneDrive/Gambar/ss draf email.png"],"src":"/C:/Users/DELL/OneDrive/Gambar/ss draf email.png"}]},"url":{"raw":"{{baseUrl}}/auth/register","host":["{{baseUrl}}"],"path":["auth","register"]}},"status":"OK","code":200,"_postman_previewlanguage":"json","header":[{"key":"X-Powered-By","value":"Express"},{"key":"Access-Control-Allow-Origin","value":"*"},{"key":"Content-Type","value":"application/json; charset=utf-8"},{"key":"Content-Length","value":"42"},{"key":"ETag","value":"W/\"2a-ovxr6csIOTqgxTX3JozAYJa4Uh4\""},{"key":"Date","value":"Tue, 03 Sep 2024 02:45:16 GMT"},{"key":"Connection","value":"keep-alive"},{"key":"Keep-Alive","value":"timeout=5"}],"cookie":[],"responseTime":null,"body":"{\n    \"message\": \"User successfully registered\"\n}"}]},{"name":"Logout","id":"5ae600e7-f329-44c4-9560-64ae7de24473","protocolProfileBehavior":{"disableBodyPruning":true},"request":{"auth":{"type":"bearer","bearer":[{"key":"token","value":"{{jwtToken}}","type":"string"}]},"method":"POST","header":[],"body":{"mode":"raw","raw":"","options":{"raw":{"language":"json"}}},"url":{"raw":"{{baseUrl}}/auth/logout","host":["{{baseUrl}}"],"path":["auth","logout"]}},"response":[]}],"variable":[{"id":"b402875d-698d-4f91-85ed-666289a04c88","key":"baseUrl","value":"http:\\\\localhost:3000"}]}