{"info":{"_postman_id":"f8779c4e-bd37-4095-b7d5-f3cae65474d9","name":"Topup (Wallet Service)","schema":"https://schema.getpostman.com/json/collection/v2.1.0/collection.json"},"item":[{"name":"Get All Topup","id":"9a8c69bf-9b3e-46ec-9ad5-9d3bb67ed297","protocolProfileBehavior":{"disableBodyPruning":true},"request":{"auth":{"type":"apikey","apikey":[{"key":"value","value":"{{walletApiKey}}","type":"string"},{"key":"key","value":"x-api-key","type":"string"},{"key":"in","value":"header","type":"string"}]},"method":"GET","header":[],"url":{"raw":"{{walletUrl}}/topup","host":["{{walletUrl}}"],"path":["topup"]}},"response":[{"id":"28787536-61ad-40db-a0f0-51a525430c5f","name":"Get Topup","originalRequest":{"method":"GET","header":[],"url":{"raw":"{{walletUrl}}/topup","host":["{{walletUrl}}"],"path":["topup"]}},"status":"OK","code":200,"_postman_previewlanguage":"json","header":[{"key":"X-Powered-By","value":"Express"},{"key":"Access-Control-Allow-Origin","value":"*"},{"key":"Content-Type","value":"application/json; charset=utf-8"},{"key":"Content-Length","value":"823"},{"key":"ETag","value":"W/\"337-DMbhuGPXpHPJqQhdpzbsASnGoL4\""},{"key":"Date","value":"Tue, 03 Dec 2024 01:29:25 GMT"},{"key":"Connection","value":"keep-alive"},{"key":"Keep-Alive","value":"timeout=5"}],"cookie":[],"responseTime":null,"body":"{\n    \"data\": [\n        {\n            \"id\": \"3c8a0e91-f43f-4729-8feb-8636828bb646\",\n            \"id_wallet\": \"62da35fe-a599-42c2-9826-a93e35613a24\",\n            \"nama\": \"alimurrofid\",\n            \"nama_bank\": \"JAGO\",\n            \"no_rekening\": \"989898\",\n            \"nama_pemilik_rekening\": \"alimurrofid\",\n            \"nominal\": 150000,\n            \"jenis\": \"TOPUP SALDO\",\n            \"bukti_pembayaran\": \"/uploads/bukti_pembayaran/1733189360449-2024-08-29 cropped.png\",\n            \"status\": \"MENUNGGU KONFIRMASI\",\n            \"created_at\": \"2024-12-03T08:29:20.462Z\",\n            \"updated_at\": null\n        },\n        {\n            \"id\": \"3ca6cf95-a69a-4296-bd95-cb5de3491ed4\",\n            \"id_wallet\": \"62da35fe-a599-42c2-9826-a93e35613a24\",\n            \"nama\": \"alim\",\n            \"nama_bank\": \"JAGO\",\n            \"no_rekening\": \"989898\",\n            \"nama_pemilik_rekening\": \"alimurrofid\",\n            \"nominal\": 150000,\n            \"jenis\": \"TOPUP SALDO\",\n            \"bukti_pembayaran\": \"/uploads/bukti_pembayaran/1733188636653-2024-08-29 cropped.png\",\n            \"status\": \"MENUNGGU KONFIRMASI\",\n            \"created_at\": \"2024-12-03T08:17:16.660Z\",\n            \"updated_at\": null\n        }\n    ]\n}"}]},{"name":"Create Topup","id":"adffa322-cdca-4a24-8d41-c942188725a4","protocolProfileBehavior":{"disableBodyPruning":true},"request":{"auth":{"type":"bearer","bearer":[{"key":"token","value":"{{jwtToken}}","type":"string"}]},"method":"POST","header":[],"body":{"mode":"formdata","formdata":[{"key":"nama_bank","value":"JAGO","type":"text"},{"key":"no_rekening","value":"989898","type":"text"},{"key":"nama_pemilik_rekening","value":"alimurrofid","type":"text"},{"key":"nominal","value":"150000","type":"text"},{"key":"bukti_pembayaran","type":"file","src":"postman-cloud:///1ef699d5-67f7-43f0-b3ff-e21d3202bfc1"},{"key":"id_wallet","value":"62da35fe-a599-42c2-9826-a93e35613a24","type":"text"},{"key":"nama","value":"alimurrofid","type":"text"}]},"url":{"raw":"{{walletUrl}}/topup/create","host":["{{walletUrl}}"],"path":["topup","create"]}},"response":[{"id":"fc094493-1269-41c6-9619-ce7ab8dc0f19","name":"Create Topup","originalRequest":{"method":"POST","header":[],"body":{"mode":"formdata","formdata":[{"key":"nama_bank","value":"JAGO","type":"text"},{"key":"no_rekening","value":"989898","type":"text"},{"key":"nama_pemilik_rekening","value":"alimurrofid","type":"text"},{"key":"nominal","value":"150000","type":"text"},{"key":"bukti_pembayaran","type":"file","src":"postman-cloud:///1ef699d5-67f7-43f0-b3ff-e21d3202bfc1"},{"key":"id_wallet","value":"62da35fe-a599-42c2-9826-a93e35613a24","type":"text"},{"key":"nama","value":"alim","type":"text"}]},"url":{"raw":"{{walletUrl}}/topup/create","host":["{{walletUrl}}"],"path":["topup","create"]}},"status":"Created","code":201,"_postman_previewlanguage":"json","header":[{"key":"X-Powered-By","value":"Express"},{"key":"Access-Control-Allow-Origin","value":"*"},{"key":"Content-Type","value":"application/json; charset=utf-8"},{"key":"Content-Length","value":"54"},{"key":"ETag","value":"W/\"36-547HI2dhfatnikQFE7RZWnA9pAk\""},{"key":"Date","value":"Tue, 03 Dec 2024 01:17:16 GMT"},{"key":"Connection","value":"keep-alive"},{"key":"Keep-Alive","value":"timeout=5"}],"cookie":[],"responseTime":null,"body":"{\n    \"data\": {\n        \"id\": \"3ca6cf95-a69a-4296-bd95-cb5de3491ed4\"\n    }\n}"}]},{"name":"Get Withdraw","id":"b8bd7b6d-ff6d-418f-9bd4-556f868fc462","protocolProfileBehavior":{"disableBodyPruning":true},"request":{"auth":{"type":"apikey","apikey":[{"key":"value","value":"{{walletApiKey}}","type":"string"},{"key":"key","value":"x-api-key","type":"string"},{"key":"in","value":"header","type":"string"}]},"method":"GET","header":[],"url":{"raw":"{{walletUrl}}/topup/withdraw","host":["{{walletUrl}}"],"path":["topup","withdraw"]}},"response":[{"id":"31a58b0b-3417-44df-9a14-adcfb8dc2fd7","name":"Get Withdraw","originalRequest":{"method":"GET","header":[],"url":{"raw":"{{walletUrl}}/topup/withdraw","host":["{{walletUrl}}"],"path":["topup","withdraw"]}},"status":"OK","code":200,"_postman_previewlanguage":"json","header":[{"key":"X-Powered-By","value":"Express"},{"key":"Access-Control-Allow-Origin","value":"*"},{"key":"Content-Type","value":"application/json; charset=utf-8"},{"key":"Content-Length","value":"361"},{"key":"ETag","value":"W/\"169-u3Zd0CyRGCVlm2RfxVrV7sMwAEY\""},{"key":"Date","value":"Tue, 03 Dec 2024 01:33:47 GMT"},{"key":"Connection","value":"keep-alive"},{"key":"Keep-Alive","value":"timeout=5"}],"cookie":[],"responseTime":null,"body":"{\n    \"data\": [\n        {\n            \"id\": \"6a906baf-3fe2-48ad-9fb4-8aeb4c3230a9\",\n            \"id_wallet\": \"62da35fe-a599-42c2-9826-a93e35613a24\",\n            \"nama\": \"alim\",\n            \"nama_bank\": \"JAGO\",\n            \"no_rekening\": \"989898\",\n            \"nama_pemilik_rekening\": \"budiono siregar\",\n            \"nominal\": 150000,\n            \"jenis\": \"PENARIKAN SALDO\",\n            \"bukti_pembayaran\": null,\n            \"status\": \"MENUNGGU KONFIRMASI\",\n            \"created_at\": \"2024-12-03T08:33:26.309Z\",\n            \"updated_at\": null\n        }\n    ]\n}"}]},{"name":"Withdraw Saldo","id":"20d3d9d3-9fdc-443a-9a3d-8a43d273b43a","protocolProfileBehavior":{"disableBodyPruning":true},"request":{"auth":{"type":"apikey","apikey":[{"key":"value","value":"{{walletApiKey}}","type":"string"},{"key":"key","value":"x-api-key","type":"string"},{"key":"in","value":"header","type":"string"}]},"method":"POST","header":[],"body":{"mode":"raw","raw":"{\r\n    \"id_user\" : \"a0a500f8-3780-4393-912e-9bc1e4f51f0b\",\r\n    \"nama\" : \"alim\",\r\n    \"nama_bank\": \"JAGO\",\r\n    \"no_rekening\": \"989898\",\r\n    \"nama_pemilik_rekening\": \"budiono siregar\",\r\n    \"nominal\": 150000\r\n}","options":{"raw":{"language":"json"}}},"url":{"raw":"{{walletUrl}}/topup/withdraw","host":["{{walletUrl}}"],"path":["topup","withdraw"]}},"response":[{"id":"825d8266-af97-45f2-a47f-fa61607a760c","name":"Withdraw Saldo","originalRequest":{"method":"POST","header":[],"body":{"mode":"raw","raw":"{\r\n    \"id_user\" : \"a0a500f8-3780-4393-912e-9bc1e4f51f0b\",\r\n    \"nama\" : \"alim\",\r\n    \"nama_bank\": \"JAGO\",\r\n    \"no_rekening\": \"989898\",\r\n    \"nama_pemilik_rekening\": \"budiono siregar\",\r\n    \"nominal\": 150000\r\n}","options":{"raw":{"language":"json"}}},"url":{"raw":"{{walletUrl}}/topup/withdraw","host":["{{walletUrl}}"],"path":["topup","withdraw"]}},"status":"OK","code":200,"_postman_previewlanguage":"json","header":[{"key":"X-Powered-By","value":"Express"},{"key":"Access-Control-Allow-Origin","value":"*"},{"key":"Content-Type","value":"application/json; charset=utf-8"},{"key":"Content-Length","value":"36"},{"key":"ETag","value":"W/\"24-OGra2DjoAG8xmvjwZEJ8tOEqPHs\""},{"key":"Date","value":"Tue, 03 Dec 2024 01:33:26 GMT"},{"key":"Connection","value":"keep-alive"},{"key":"Keep-Alive","value":"timeout=5"}],"cookie":[],"responseTime":null,"body":"{\n    \"message\": \"Withdraw saldo success\"\n}"}]},{"name":"Get Topup By Id","id":"2b85226d-4c88-4b77-b798-191eac0eb449","protocolProfileBehavior":{"disableBodyPruning":true},"request":{"method":"GET","header":[],"url":{"raw":"{{walletUrl}}/topup/d25bc311-8da5-44fa-b593-0760eed283bd","host":["{{walletUrl}}"],"path":["topup","d25bc311-8da5-44fa-b593-0760eed283bd"]}},"response":[{"id":"d143bb7c-509e-4a17-9dcf-0fd199441414","name":"Get Topup By Id","originalRequest":{"method":"GET","header":[],"url":{"raw":"{{walletUrl}}/topup/be72abe2-0e2c-475d-a2f5-9eef7ceae7c9","host":["{{walletUrl}}"],"path":["topup","be72abe2-0e2c-475d-a2f5-9eef7ceae7c9"]}},"status":"OK","code":200,"_postman_previewlanguage":"json","header":[{"key":"X-Powered-By","value":"Express"},{"key":"Access-Control-Allow-Origin","value":"*"},{"key":"Content-Type","value":"application/json; charset=utf-8"},{"key":"Content-Length","value":"607"},{"key":"ETag","value":"W/\"25f-VzZmZBKJsqEKS7DvkGrJaPV0oxc\""},{"key":"Date","value":"Thu, 05 Dec 2024 02:50:18 GMT"},{"key":"Connection","value":"keep-alive"},{"key":"Keep-Alive","value":"timeout=5"}],"cookie":[],"responseTime":null,"body":"{\n    \"message\": \"Topup found\",\n    \"data\": [\n        {\n            \"topup\": {\n                \"id\": \"be72abe2-0e2c-475d-a2f5-9eef7ceae7c9\",\n                \"id_wallet\": \"e7786150-64dc-44d8-a918-864bc54e72a5\",\n                \"nama\": \"Siti Nurhaliza\",\n                \"nama_bank\": \"BCA\",\n                \"no_rekening\": \"0987654321\",\n                \"nama_pemilik_rekening\": \"Siti Nurhaliza\",\n                \"nominal\": 1200000,\n                \"jenis\": \"TOPUP SALDO\",\n                \"bukti_pembayaran\": \"https://example.com/bukti-pembayaran.jpg\",\n                \"status\": \"SUKSES\",\n                \"created_at\": \"2024-12-03T02:59:29.612Z\",\n                \"updated_at\": null\n            },\n            \"wallet\": {\n                \"id\": \"e7786150-64dc-44d8-a918-864bc54e72a5\",\n                \"id_user\": \"a258fc20-32fd-4bce-9a99-85dd2551fab7\",\n                \"saldo\": 2000000,\n                \"created_at\": \"2024-12-03T02:59:29.607Z\",\n                \"updated_at\": null\n            }\n        }\n    ]\n}"}]},{"name":"Get Topup By User Id","id":"bf66964a-3ccf-47dc-b828-842b94e2f85d","protocolProfileBehavior":{"disableBodyPruning":true},"request":{"auth":{"type":"apikey","apikey":[{"key":"value","value":"{{walletApiKey}}","type":"string"},{"key":"key","value":"x-api-key","type":"string"},{"key":"in","value":"header","type":"string"}]},"method":"GET","header":[],"url":{"raw":"{{walletUrl}}/topup/user/a0a500f8-3780-4393-912e-9bc1e4f51f0b","host":["{{walletUrl}}"],"path":["topup","user","a0a500f8-3780-4393-912e-9bc1e4f51f0b"]}},"response":[{"id":"64393249-c6bb-4f27-aa61-c205a825c4d1","name":"Get Topup By User Id","originalRequest":{"method":"GET","header":[],"url":{"raw":"{{walletUrl}}/topup/user/a0a500f8-3780-4393-912e-9bc1e4f51f0b","host":["{{walletUrl}}"],"path":["topup","user","a0a500f8-3780-4393-912e-9bc1e4f51f0b"]}},"status":"OK","code":200,"_postman_previewlanguage":"json","header":[{"key":"X-Powered-By","value":"Express"},{"key":"Access-Control-Allow-Origin","value":"*"},{"key":"Content-Type","value":"application/json; charset=utf-8"},{"key":"Content-Length","value":"1745"},{"key":"ETag","value":"W/\"6d1-srxOJRCflBKpqEV5fjtUVITnc0Y\""},{"key":"Date","value":"Tue, 03 Dec 2024 01:44:46 GMT"},{"key":"Connection","value":"keep-alive"},{"key":"Keep-Alive","value":"timeout=5"}],"cookie":[],"responseTime":null,"body":"{\n    \"message\": \"Topups found\",\n    \"data\": [\n        {\n            \"topup\": {\n                \"id\": \"6a906baf-3fe2-48ad-9fb4-8aeb4c3230a9\",\n                \"id_wallet\": \"62da35fe-a599-42c2-9826-a93e35613a24\",\n                \"nama\": \"alim\",\n                \"nama_bank\": \"JAGO\",\n                \"no_rekening\": \"989898\",\n                \"nama_pemilik_rekening\": \"budiono siregar\",\n                \"nominal\": 150000,\n                \"jenis\": \"PENARIKAN SALDO\",\n                \"bukti_pembayaran\": null,\n                \"status\": \"MENUNGGU KONFIRMASI\",\n                \"created_at\": \"2024-12-03T08:33:26.309Z\",\n                \"updated_at\": null\n            },\n            \"wallet\": {\n                \"id\": \"62da35fe-a599-42c2-9826-a93e35613a24\",\n                \"id_user\": \"a0a500f8-3780-4393-912e-9bc1e4f51f0b\",\n                \"saldo\": 0,\n                \"created_at\": \"2024-12-03T08:16:51.340Z\",\n                \"updated_at\": null\n            }\n        },\n        {\n            \"topup\": {\n                \"id\": \"3c8a0e91-f43f-4729-8feb-8636828bb646\",\n                \"id_wallet\": \"62da35fe-a599-42c2-9826-a93e35613a24\",\n                \"nama\": \"alimurrofid\",\n                \"nama_bank\": \"JAGO\",\n                \"no_rekening\": \"989898\",\n                \"nama_pemilik_rekening\": \"alimurrofid\",\n                \"nominal\": 150000,\n                \"jenis\": \"TOPUP SALDO\",\n                \"bukti_pembayaran\": \"/uploads/bukti_pembayaran/1733189360449-2024-08-29 cropped.png\",\n                \"status\": \"MENUNGGU KONFIRMASI\",\n                \"created_at\": \"2024-12-03T08:29:20.462Z\",\n                \"updated_at\": null\n            },\n            \"wallet\": {\n                \"id\": \"62da35fe-a599-42c2-9826-a93e35613a24\",\n                \"id_user\": \"a0a500f8-3780-4393-912e-9bc1e4f51f0b\",\n                \"saldo\": 0,\n                \"created_at\": \"2024-12-03T08:16:51.340Z\",\n                \"updated_at\": null\n            }\n        },\n        {\n            \"topup\": {\n                \"id\": \"3ca6cf95-a69a-4296-bd95-cb5de3491ed4\",\n                \"id_wallet\": \"62da35fe-a599-42c2-9826-a93e35613a24\",\n                \"nama\": \"alim\",\n                \"nama_bank\": \"JAGO\",\n                \"no_rekening\": \"989898\",\n                \"nama_pemilik_rekening\": \"alimurrofid\",\n                \"nominal\": 150000,\n                \"jenis\": \"TOPUP SALDO\",\n                \"bukti_pembayaran\": \"/uploads/bukti_pembayaran/1733188636653-2024-08-29 cropped.png\",\n                \"status\": \"MENUNGGU KONFIRMASI\",\n                \"created_at\": \"2024-12-03T08:17:16.660Z\",\n                \"updated_at\": null\n            },\n            \"wallet\": {\n                \"id\": \"62da35fe-a599-42c2-9826-a93e35613a24\",\n                \"id_user\": \"a0a500f8-3780-4393-912e-9bc1e4f51f0b\",\n                \"saldo\": 0,\n                \"created_at\": \"2024-12-03T08:16:51.340Z\",\n                \"updated_at\": null\n            }\n        }\n    ]\n}"}]},{"name":"Acc Topup","id":"158ac2b9-9e62-44de-84cb-d9421f46b7ed","protocolProfileBehavior":{"disableBodyPruning":true},"request":{"method":"PUT","header":[],"url":{"raw":"{{walletUrl}}/topup/acc/816546c9-0dc6-462c-b920-936639c1f2be","host":["{{walletUrl}}"],"path":["topup","acc","816546c9-0dc6-462c-b920-936639c1f2be"]}},"response":[{"id":"52c1f099-078c-432b-bbf3-c4dc874f26d1","name":"Acc Topup","originalRequest":{"method":"PUT","header":[],"url":{"raw":"{{walletUrl}}/topup/acc/3c8a0e91-f43f-4729-8feb-8636828bb646","host":["{{walletUrl}}"],"path":["topup","acc","3c8a0e91-f43f-4729-8feb-8636828bb646"]}},"status":"OK","code":200,"_postman_previewlanguage":"json","header":[{"key":"X-Powered-By","value":"Express"},{"key":"Access-Control-Allow-Origin","value":"*"},{"key":"Content-Type","value":"application/json; charset=utf-8"},{"key":"Content-Length","value":"28"},{"key":"ETag","value":"W/\"1c-Bg9+Re2NCNzPjuztLdmrEa/vQ4g\""},{"key":"Date","value":"Tue, 03 Dec 2024 01:48:24 GMT"},{"key":"Connection","value":"keep-alive"},{"key":"Keep-Alive","value":"timeout=5"}],"cookie":[],"responseTime":null,"body":"{\n    \"message\": \"Topup accepted\"\n}"}]},{"name":"Reject Topup","id":"f9707236-fa17-4c15-8de7-9a6a01fa3b3d","protocolProfileBehavior":{"disableBodyPruning":true},"request":{"auth":{"type":"apikey","apikey":[{"key":"value","value":"{{walletApiKey}}","type":"string"},{"key":"key","value":"x-api-key","type":"string"},{"key":"in","value":"header","type":"string"}]},"method":"PUT","header":[],"url":{"raw":"{{walletUrl}}/topup/reject/3ca6cf95-a69a-4296-bd95-cb5de3491ed4","host":["{{walletUrl}}"],"path":["topup","reject","3ca6cf95-a69a-4296-bd95-cb5de3491ed4"]}},"response":[{"id":"a8e49c2e-f731-44f7-9695-90c5590ed8b1","name":"Reject Topup","originalRequest":{"method":"PUT","header":[],"url":{"raw":"{{walletUrl}}/topup/reject/3ca6cf95-a69a-4296-bd95-cb5de3491ed4","host":["{{walletUrl}}"],"path":["topup","reject","3ca6cf95-a69a-4296-bd95-cb5de3491ed4"]}},"status":"OK","code":200,"_postman_previewlanguage":"json","header":[{"key":"X-Powered-By","value":"Express"},{"key":"Access-Control-Allow-Origin","value":"*"},{"key":"Content-Type","value":"application/json; charset=utf-8"},{"key":"Content-Length","value":"28"},{"key":"ETag","value":"W/\"1c-pkeZPaoD26HTOEZQZsjUyBGH9oM\""},{"key":"Date","value":"Tue, 03 Dec 2024 01:54:39 GMT"},{"key":"Connection","value":"keep-alive"},{"key":"Keep-Alive","value":"timeout=5"}],"cookie":[],"responseTime":null,"body":"{\n    \"message\": \"Topup rejected\"\n}"}]},{"name":"Acc Withdraw","id":"aba25ecb-1763-4ff9-b958-b7734e5c4395","protocolProfileBehavior":{"disableBodyPruning":true},"request":{"auth":{"type":"bearer","bearer":[{"key":"token","value":"{{jwtToken}}","type":"string"}]},"method":"PUT","header":[],"body":{"mode":"formdata","formdata":[{"key":"id_wallet","value":"8a3afb4c-828f-43cd-87dd-592eca5a3e04","type":"text","disabled":true},{"key":"bukti_pembayaran","type":"file","src":"postman-cloud:///1ef699d5-67f7-43f0-b3ff-e21d3202bfc1"}]},"url":{"raw":"{{walletUrl}}/topup/withdraw/fffbccef-635e-4969-a945-a201488374fd","host":["{{walletUrl}}"],"path":["topup","withdraw","fffbccef-635e-4969-a945-a201488374fd"]}},"response":[{"id":"ab7b6a88-d8b6-4f8e-9d83-7684ed1a5842","name":"Acc Withdraw","originalRequest":{"method":"PUT","header":[],"body":{"mode":"formdata","formdata":[{"key":"id","value":"8a3afb4c-828f-43cd-87dd-592eca5a3e04","type":"text","disabled":true},{"key":"bukti_pembayaran","type":"file","src":"postman-cloud:///1ef699d5-67f7-43f0-b3ff-e21d3202bfc1"}]},"url":{"raw":"{{walletUrl}}/topup/withdraw/6a906baf-3fe2-48ad-9fb4-8aeb4c3230a9","host":["{{walletUrl}}"],"path":["topup","withdraw","6a906baf-3fe2-48ad-9fb4-8aeb4c3230a9"]}},"status":"OK","code":200,"_postman_previewlanguage":"json","header":[{"key":"X-Powered-By","value":"Express"},{"key":"Access-Control-Allow-Origin","value":"*"},{"key":"Content-Type","value":"application/json; charset=utf-8"},{"key":"Content-Length","value":"31"},{"key":"ETag","value":"W/\"1f-INxYQt8Xi/9qTl8l8KZReJzG2BA\""},{"key":"Date","value":"Tue, 03 Dec 2024 01:58:00 GMT"},{"key":"Connection","value":"keep-alive"},{"key":"Keep-Alive","value":"timeout=5"}],"cookie":[],"responseTime":null,"body":"{\n    \"message\": \"Withdraw accepted\"\n}"}]}]}